"文件","起始行","结束行","符号","类型","作用"
"app/api/chat/attachments/route.ts","1","1","导入@1","导入","引入本文件依赖"
"app/api/chat/attachments/route.ts","2","2","导入@2","导入","引入本文件依赖"
"app/api/chat/attachments/route.ts","3","3","导入@3","导入","引入本文件依赖"
"app/api/chat/attachments/route.ts","4","4","导入@4","导入","引入本文件依赖"
"app/api/chat/attachments/route.ts","5","5","导入@5","导入","引入本文件依赖"
"app/api/chat/attachments/route.ts","6","9","导入@6","导入","引入本文件依赖"
"app/api/chat/attachments/route.ts","10","10","导入@10","导入","引入本文件依赖"
"app/api/chat/attachments/route.ts","11","15","导入@11","导入","引入本文件依赖"
"app/api/chat/attachments/route.ts","16","16","导入@16","导入","引入本文件依赖"
"app/api/chat/attachments/route.ts","20","23","AttachmentsRequestBody","类型","定义 AttachmentsRequestBody 的数据契约"
"app/api/chat/attachments/route.ts","25","63","toAttachmentsErrorResponse","函数","实现 toAttachmentsErrorResponse 的调用与控制流程"
"app/api/chat/attachments/route.ts","65","88","parseAttachmentsRequest","函数","实现 parseAttachmentsRequest 的调用与控制流程"
"app/api/chat/attachments/route.ts","90","157","POST","函数","实现 POST 的调用与控制流程"
"app/api/chat/attachments/route.ts","130","130","函数@130","函数","实现 匿名逻辑 的调用与控制流程"
"app/api/chat/generated-images/route.ts","1","1","导入@1","导入","引入本文件依赖"
"app/api/chat/generated-images/route.ts","2","2","导入@2","导入","引入本文件依赖"
"app/api/chat/generated-images/route.ts","3","3","导入@3","导入","引入本文件依赖"
"app/api/chat/generated-images/route.ts","7","9","safePath","函数","实现 safePath 的调用与控制流程"
"app/api/chat/generated-images/route.ts","11","43","GET","函数","实现 GET 的调用与控制流程"
"app/api/chat/route.ts","1","1","导入@1","导入","引入本文件依赖"
"app/api/chat/route.ts","2","2","导入@2","导入","引入本文件依赖"
"app/api/chat/route.ts","3","3","导入@3","导入","引入本文件依赖"
"app/api/chat/route.ts","4","4","导入@4","导入","引入本文件依赖"
"app/api/chat/route.ts","5","5","导入@5","导入","引入本文件依赖"
"app/api/chat/route.ts","6","12","导入@6","导入","引入本文件依赖"
"app/api/chat/route.ts","13","16","导入@13","导入","引入本文件依赖"
"app/api/chat/route.ts","17","17","导入@17","导入","引入本文件依赖"
"app/api/chat/route.ts","18","21","导入@18","导入","引入本文件依赖"
"app/api/chat/route.ts","22","22","导入@22","导入","引入本文件依赖"
"app/api/chat/route.ts","23","23","导入@23","导入","引入本文件依赖"
"app/api/chat/route.ts","24","28","导入@24","导入","引入本文件依赖"
"app/api/chat/route.ts","29","40","导入@29","导入","引入本文件依赖"
"app/api/chat/route.ts","41","44","导入@41","导入","引入本文件依赖"
"app/api/chat/route.ts","45","45","导入@45","导入","引入本文件依赖"
"app/api/chat/route.ts","46","46","导入@46","导入","引入本文件依赖"
"app/api/chat/route.ts","47","47","导入@47","导入","引入本文件依赖"
"app/api/chat/route.ts","48","48","导入@48","导入","引入本文件依赖"
"app/api/chat/route.ts","49","54","导入@49","导入","引入本文件依赖"
"app/api/chat/route.ts","55","58","导入@55","导入","引入本文件依赖"
"app/api/chat/route.ts","59","59","导入@59","导入","引入本文件依赖"
"app/api/chat/route.ts","60","60","导入@60","导入","引入本文件依赖"
"app/api/chat/route.ts","61","64","导入@61","导入","引入本文件依赖"
"app/api/chat/route.ts","65","68","导入@65","导入","引入本文件依赖"
"app/api/chat/route.ts","69","69","导入@69","导入","引入本文件依赖"
"app/api/chat/route.ts","70","70","导入@70","导入","引入本文件依赖"
"app/api/chat/route.ts","71","73","导入@71","导入","引入本文件依赖"
"app/api/chat/route.ts","74","77","导入@74","导入","引入本文件依赖"
"app/api/chat/route.ts","78","81","导入@78","导入","引入本文件依赖"
"app/api/chat/route.ts","82","82","导入@82","导入","引入本文件依赖"
"app/api/chat/route.ts","83","83","导入@83","导入","引入本文件依赖"
"app/api/chat/route.ts","84","84","导入@84","导入","引入本文件依赖"
"app/api/chat/route.ts","85","85","导入@85","导入","引入本文件依赖"
"app/api/chat/route.ts","86","86","导入@86","导入","引入本文件依赖"
"app/api/chat/route.ts","90","100","ChatRequestBody","类型","定义 ChatRequestBody 的数据契约"
"app/api/chat/route.ts","102","111","buildPromptCacheKey","函数","实现 buildPromptCacheKey 的调用与控制流程"
"app/api/chat/route.ts","103","103","函数@103","函数","实现 匿名逻辑 的调用与控制流程"
"app/api/chat/route.ts","106","106","函数@106","函数","实现 匿名逻辑 的调用与控制流程"
"app/api/chat/route.ts","107","107","函数@107","函数","实现 匿名逻辑 的调用与控制流程"
"app/api/chat/route.ts","113","115","isContextMode","函数","实现 isContextMode 的调用与控制流程"
"app/api/chat/route.ts","117","127","sanitizeFolderIds","函数","实现 sanitizeFolderIds 的调用与控制流程"
"app/api/chat/route.ts","122","122","函数@122","函数","实现 匿名逻辑 的调用与控制流程"
"app/api/chat/route.ts","123","123","函数@123","函数","实现 匿名逻辑 的调用与控制流程"
"app/api/chat/route.ts","129","135","createGeneratedImagePath","函数","实现 createGeneratedImagePath 的调用与控制流程"
"app/api/chat/route.ts","137","139","generatedImageUrl","函数","实现 generatedImageUrl 的调用与控制流程"
"app/api/chat/route.ts","156","173","inferRequestedExportFormats","函数","实现 inferRequestedExportFormats 的调用与控制流程"
"app/api/chat/route.ts","175","181","shouldAutoCreateExports","函数","实现 shouldAutoCreateExports 的调用与控制流程"
"app/api/chat/route.ts","183","191","createExportTitle","函数","实现 createExportTitle 的调用与控制流程"
"app/api/chat/route.ts","208","225","inferCleanRequestedExportFormats","函数","实现 inferCleanRequestedExportFormats 的调用与控制流程"
"app/api/chat/route.ts","227","233","shouldCleanAutoCreateExports","函数","实现 shouldCleanAutoCreateExports 的调用与控制流程"
"app/api/chat/route.ts","235","243","createCleanExportTitle","函数","实现 createCleanExportTitle 的调用与控制流程"
"app/api/chat/route.ts","245","259","selectExportTemplateId","函数","实现 selectExportTemplateId 的调用与控制流程"
"app/api/chat/route.ts","276","296","inferReadableExportFormats","函数","实现 inferReadableExportFormats 的调用与控制流程"
"app/api/chat/route.ts","298","303","intentPlanRequestsExport","函数","实现 intentPlanRequestsExport 的调用与控制流程"
"app/api/chat/route.ts","305","316","queryExplicitlyRequestsFileCreation","函数","实现 queryExplicitlyRequestsFileCreation 的调用与控制流程"
"app/api/chat/route.ts","318","345","exportFormatsFromIntentPlan","函数","实现 exportFormatsFromIntentPlan 的调用与控制流程"
"app/api/chat/route.ts","347","352","stripGeneratedFileFooter","函数","实现 stripGeneratedFileFooter 的调用与控制流程"
"app/api/chat/route.ts","354","370","previousAssistantTextBeforeLastUser","函数","实现 previousAssistantTextBeforeLastUser 的调用与控制流程"
"app/api/chat/route.ts","356","356","函数@356","函数","实现 匿名逻辑 的调用与控制流程"
"app/api/chat/route.ts","372","392","queryLooksLikeFollowUpTransformRequest","函数","实现 queryLooksLikeFollowUpTransformRequest 的调用与控制流程"
"app/api/chat/route.ts","394","398","queryRequiresFreshExternalSource","函数","实现 queryRequiresFreshExternalSource 的调用与控制流程"
"app/api/chat/route.ts","400","414","isFollowUpExportRequest","函数","实现 isFollowUpExportRequest 的调用与控制流程"
"app/api/chat/route.ts","416","425","shouldUsePreviousAssistantAsSource","函数","实现 shouldUsePreviousAssistantAsSource 的调用与控制流程"
"app/api/chat/route.ts","427","438","buildPreviousAssistantSourceMessage","函数","实现 buildPreviousAssistantSourceMessage 的调用与控制流程"
"app/api/chat/route.ts","440","451","toolPlanUsingConversationSource","函数","实现 toolPlanUsingConversationSource 的调用与控制流程"
"app/api/chat/route.ts","453","467","buildReadableAutoExportInstruction","函数","实现 buildReadableAutoExportInstruction 的调用与控制流程"
"app/api/chat/route.ts","454","454","函数@454","函数","实现 匿名逻辑 的调用与控制流程"
"app/api/chat/route.ts","469","471","buildExportLinksMessage","函数","实现 buildExportLinksMessage 的调用与控制流程"
"app/api/chat/route.ts","473","481","buildRecoverableExportFailureLine","函数","实现 buildRecoverableExportFailureLine 的调用与控制流程"
"app/api/chat/route.ts","483","487","isDedicatedArtifactFormat","函数","实现 isDedicatedArtifactFormat 的调用与控制流程"
"app/api/chat/route.ts","489","505","shouldUseDedicatedArtifactMode","函数","实现 shouldUseDedicatedArtifactMode 的调用与控制流程"
"app/api/chat/route.ts","497","497","函数@497","函数","实现 匿名逻辑 的调用与控制流程"
"app/api/chat/route.ts","507","559","artifactTemplateInstruction","函数","实现 artifactTemplateInstruction 的调用与控制流程"
"app/api/chat/route.ts","561","634","artifactFormatInstruction","函数","实现 artifactFormatInstruction 的调用与控制流程"
"app/api/chat/route.ts","636","677","buildDedicatedArtifactMessages","函数","实现 buildDedicatedArtifactMessages 的调用与控制流程"
"app/api/chat/route.ts","679","729","buildArtifactContinuationMessages","函数","实现 buildArtifactContinuationMessages 的调用与控制流程"
"app/api/chat/route.ts","693","693","函数@693","函数","实现 匿名逻辑 的调用与控制流程"
"app/api/chat/route.ts","731","738","hasMissingRequiredSection","函数","实现 hasMissingRequiredSection 的调用与控制流程"
"app/api/chat/route.ts","735","735","函数@735","函数","实现 匿名逻辑 的调用与控制流程"
"app/api/chat/route.ts","740","790","buildArtifactRepairMessages","函数","实现 buildArtifactRepairMessages 的调用与控制流程"
"app/api/chat/route.ts","754","754","函数@754","函数","实现 匿名逻辑 的调用与控制流程"
"app/api/chat/route.ts","792","827","buildDocumentSpecRepairMessages","函数","实现 buildDocumentSpecRepairMessages 的调用与控制流程"
"app/api/chat/route.ts","820","820","函数@820","函数","实现 匿名逻辑 的调用与控制流程"
"app/api/chat/route.ts","829","932","generateDocumentImageAssets","函数","实现 generateDocumentImageAssets 的调用与控制流程"
"app/api/chat/route.ts","837","840","函数@837","函数","实现 匿名逻辑 的调用与控制流程"
"app/api/chat/route.ts","838","839","函数@838","函数","实现 匿名逻辑 的调用与控制流程"
"app/api/chat/route.ts","843","844","函数@843","函数","实现 匿名逻辑 的调用与控制流程"
"app/api/chat/route.ts","844","844","函数@844","函数","实现 匿名逻辑 的调用与控制流程"
"app/api/chat/route.ts","846","846","函数@846","函数","实现 匿名逻辑 的调用与控制流程"
"app/api/chat/route.ts","934","959","createArtifactExportTitle","函数","实现 createArtifactExportTitle 的调用与控制流程"
"app/api/chat/route.ts","961","975","buildAutoExportInstruction","函数","实现 buildAutoExportInstruction 的调用与控制流程"
"app/api/chat/route.ts","962","962","函数@962","函数","实现 匿名逻辑 的调用与控制流程"
"app/api/chat/route.ts","977","986","isQuotaOrRateLimitError","函数","实现 isQuotaOrRateLimitError 的调用与控制流程"
"app/api/chat/route.ts","988","998","isRecoverableModelError","函数","实现 isRecoverableModelError 的调用与控制流程"
"app/api/chat/route.ts","1000","1012","buildEmptyAssistantMessage","函数","实现 buildEmptyAssistantMessage 的调用与控制流程"
"app/api/chat/route.ts","1016","1034","looksAbruptlyTruncated","函数","实现 looksAbruptlyTruncated 的调用与控制流程"
"app/api/chat/route.ts","1036","1054","buildAutoContinuationMessages","函数","实现 buildAutoContinuationMessages 的调用与控制流程"
"app/api/chat/route.ts","1056","1059","LongFormSegment","类型","定义 LongFormSegment 的数据契约"
"app/api/chat/route.ts","1061","1066","requestedLongFormLength","函数","实现 requestedLongFormLength 的调用与控制流程"
"app/api/chat/route.ts","1068","1102","shouldUseSegmentedLongForm","函数","实现 shouldUseSegmentedLongForm 的调用与控制流程"
"app/api/chat/route.ts","1094","1095","函数@1094","函数","实现 匿名逻辑 的调用与控制流程"
"app/api/chat/route.ts","1104","1177","buildLongFormSegments","函数","实现 buildLongFormSegments 的调用与控制流程"
"app/api/chat/route.ts","1179","1215","buildSegmentMessages","函数","实现 buildSegmentMessages 的调用与控制流程"
"app/api/chat/route.ts","1188","1197","segmentInstruction","变量","保存或计算 segmentInstruction 所需的数据"
"app/api/chat/route.ts","1217","1232","INTENT_LABELS","变量","保存或计算 INTENT_LABELS 所需的数据"
"app/api/chat/route.ts","1234","1243","SCOPE_LABELS","变量","保存或计算 SCOPE_LABELS 所需的数据"
"app/api/chat/route.ts","1245","1256","OUTPUT_LABELS","变量","保存或计算 OUTPUT_LABELS 所需的数据"
"app/api/chat/route.ts","1258","1272","formatTokenEstimate","函数","实现 formatTokenEstimate 的调用与控制流程"
"app/api/chat/route.ts","1274","1294","formatIntentPlanCard","函数","实现 formatIntentPlanCard 的调用与控制流程"
"app/api/chat/route.ts","1292","1292","函数@1292","函数","实现 匿名逻辑 的调用与控制流程"
"app/api/chat/route.ts","1296","1323","formatToolPlanCard","函数","实现 formatToolPlanCard 的调用与控制流程"
"app/api/chat/route.ts","1299","1302","函数@1299","函数","实现 匿名逻辑 的调用与控制流程"
"app/api/chat/route.ts","1325","1359","formatCompactPlanDisclosure","函数","实现 formatCompactPlanDisclosure 的调用与控制流程"
"app/api/chat/route.ts","1331","1331","函数@1331","函数","实现 匿名逻辑 的调用与控制流程"
"app/api/chat/route.ts","1335","1335","函数@1335","函数","实现 匿名逻辑 的调用与控制流程"
"app/api/chat/route.ts","1337","1340","函数@1337","函数","实现 匿名逻辑 的调用与控制流程"
"app/api/chat/route.ts","1348","1348","函数@1348","函数","实现 匿名逻辑 的调用与控制流程"
"app/api/chat/route.ts","1349","1349","函数@1349","函数","实现 匿名逻辑 的调用与控制流程"
"app/api/chat/route.ts","1353","1356","payload","变量","保存或计算 payload 所需的数据"
"app/api/chat/route.ts","1361","2752","POST","函数","实现 POST 的调用与控制流程"
"app/api/chat/route.ts","1398","1398","函数@1398","函数","实现 匿名逻辑 的调用与控制流程"
"app/api/chat/route.ts","1403","1403","函数@1403","函数","实现 匿名逻辑 的调用与控制流程"
"app/api/chat/route.ts","1404","1404","函数@1404","函数","实现 匿名逻辑 的调用与控制流程"
"app/api/chat/route.ts","1477","1477","函数@1477","函数","实现 匿名逻辑 的调用与控制流程"
"app/api/chat/route.ts","1564","1576","libraryContextMessage","变量","保存或计算 libraryContextMessage 所需的数据"
"app/api/chat/route.ts","1616","2737","start","方法","实现 start 的调用与控制流程"
"app/api/chat/route.ts","1761","1761","函数@1761","函数","实现 匿名逻辑 的调用与控制流程"
"app/api/chat/route.ts","1862","1906","streamModel","变量","保存或计算 streamModel 所需的数据"
"app/api/chat/route.ts","1862","1906","函数@1862","函数","实现 匿名逻辑 的调用与控制流程"
"app/api/chat/route.ts","1908","1986","generateSemanticPlan","变量","保存或计算 generateSemanticPlan 所需的数据"
"app/api/chat/route.ts","1908","1986","函数@1908","函数","实现 匿名逻辑 的调用与控制流程"
"app/api/chat/route.ts","1988","2213","generateArtifactSource","变量","保存或计算 generateArtifactSource 所需的数据"
"app/api/chat/route.ts","1988","2213","函数@1988","函数","实现 匿名逻辑 的调用与控制流程"
"app/api/chat/route.ts","2119","2123","函数@2119","函数","实现 匿名逻辑 的调用与控制流程"
"app/api/chat/route.ts","2309","2309","函数@2309","函数","实现 匿名逻辑 的调用与控制流程"
"app/api/debug/routes/route.ts","1","1","导入@1","导入","引入本文件依赖"
"app/api/debug/routes/route.ts","2","2","导入@2","导入","引入本文件依赖"
"app/api/debug/routes/route.ts","6","10","hasRoute","函数","实现 hasRoute 的调用与控制流程"
"app/api/debug/routes/route.ts","12","19","GET","函数","实现 GET 的调用与控制流程"
"app/api/document-jobs/[id]/route.ts","1","1","导入@1","导入","引入本文件依赖"
"app/api/document-jobs/[id]/route.ts","2","2","导入@2","导入","引入本文件依赖"
"app/api/document-jobs/[id]/route.ts","6","81","GET","函数","实现 GET 的调用与控制流程"
"app/api/download/[id]/route.ts","1","1","导入@1","导入","引入本文件依赖"
"app/api/download/[id]/route.ts","2","2","导入@2","导入","引入本文件依赖"
"app/api/download/[id]/route.ts","6","8","RouteContext","类型","定义 RouteContext 的数据契约"
"app/api/download/[id]/route.ts","10","22","requireUser","函数","实现 requireUser 的调用与控制流程"
"app/api/download/[id]/route.ts","24","60","GET","函数","实现 GET 的调用与控制流程"
"app/api/export/route.ts","1","1","导入@1","导入","引入本文件依赖"
"app/api/export/route.ts","2","2","导入@2","导入","引入本文件依赖"
"app/api/export/route.ts","3","6","导入@3","导入","引入本文件依赖"
"app/api/export/route.ts","7","7","导入@7","导入","引入本文件依赖"
"app/api/export/route.ts","8","11","导入@8","导入","引入本文件依赖"
"app/api/export/route.ts","12","12","导入@12","导入","引入本文件依赖"
"app/api/export/route.ts","13","13","导入@13","导入","引入本文件依赖"
"app/api/export/route.ts","14","14","导入@14","导入","引入本文件依赖"
"app/api/export/route.ts","15","18","导入@15","导入","引入本文件依赖"
"app/api/export/route.ts","19","19","导入@19","导入","引入本文件依赖"
"app/api/export/route.ts","20","20","导入@20","导入","引入本文件依赖"
"app/api/export/route.ts","25","35","logExportError","函数","实现 logExportError 的调用与控制流程"
"app/api/export/route.ts","37","49","requireUser","函数","实现 requireUser 的调用与控制流程"
"app/api/export/route.ts","51","84","generateQualityCheckedBuffer","函数","实现 generateQualityCheckedBuffer 的调用与控制流程"
"app/api/export/route.ts","86","185","POST","函数","实现 POST 的调用与控制流程"
"app/api/export/route.ts","146","149","exportMetadata","变量","保存或计算 exportMetadata 所需的数据"
"app/api/extension/folders/route.ts","1","4","导入@1","导入","引入本文件依赖"
"app/api/extension/folders/route.ts","5","5","导入@5","导入","引入本文件依赖"
"app/api/extension/folders/route.ts","6","6","导入@6","导入","引入本文件依赖"
"app/api/extension/folders/route.ts","7","7","导入@7","导入","引入本文件依赖"
"app/api/extension/folders/route.ts","11","13","OPTIONS","函数","实现 OPTIONS 的调用与控制流程"
"app/api/extension/folders/route.ts","15","41","GET","函数","实现 GET 的调用与控制流程"
"app/api/extension/save-paper/route.ts","1","4","导入@1","导入","引入本文件依赖"
"app/api/extension/save-paper/route.ts","5","5","导入@5","导入","引入本文件依赖"
"app/api/extension/save-paper/route.ts","6","6","导入@6","导入","引入本文件依赖"
"app/api/extension/save-paper/route.ts","7","11","导入@7","导入","引入本文件依赖"
"app/api/extension/save-paper/route.ts","16","19","SavePaperRequest","类型","定义 SavePaperRequest 的数据契约"
"app/api/extension/save-paper/route.ts","21","28","getExtensionPdfUrl","函数","实现 getExtensionPdfUrl 的调用与控制流程"
"app/api/extension/save-paper/route.ts","30","38","isLikelyPdfUrl","函数","实现 isLikelyPdfUrl 的调用与控制流程"
"app/api/extension/save-paper/route.ts","40","42","OPTIONS","函数","实现 OPTIONS 的调用与控制流程"
"app/api/extension/save-paper/route.ts","44","94","POST","函数","实现 POST 的调用与控制流程"
"app/api/extension/session/route.ts","1","4","导入@1","导入","引入本文件依赖"
"app/api/extension/session/route.ts","5","5","导入@5","导入","引入本文件依赖"
"app/api/extension/session/route.ts","6","6","导入@6","导入","引入本文件依赖"
"app/api/extension/session/route.ts","10","12","OPTIONS","函数","实现 OPTIONS 的调用与控制流程"
"app/api/extension/session/route.ts","14","61","GET","函数","实现 GET 的调用与控制流程"
"app/api/extension/upload-paper/route.ts","1","4","导入@1","导入","引入本文件依赖"
"app/api/extension/upload-paper/route.ts","5","5","导入@5","导入","引入本文件依赖"
"app/api/extension/upload-paper/route.ts","6","6","导入@6","导入","引入本文件依赖"
"app/api/extension/upload-paper/route.ts","7","10","导入@7","导入","引入本文件依赖"
"app/api/extension/upload-paper/route.ts","11","11","导入@11","导入","引入本文件依赖"
"app/api/extension/upload-paper/route.ts","12","12","导入@12","导入","引入本文件依赖"
"app/api/extension/upload-paper/route.ts","13","16","导入@13","导入","引入本文件依赖"
"app/api/extension/upload-paper/route.ts","21","31","parseJsonField","函数","实现 parseJsonField 的调用与控制流程"
"app/api/extension/upload-paper/route.ts","33","49","assertPdfFile","函数","实现 assertPdfFile 的调用与控制流程"
"app/api/extension/upload-paper/route.ts","51","53","OPTIONS","函数","实现 OPTIONS 的调用与控制流程"
"app/api/extension/upload-paper/route.ts","55","123","POST","函数","实现 POST 的调用与控制流程"
"app/api/extension/upload-paper/route.ts","99","101","函数@99","函数","实现 匿名逻辑 的调用与控制流程"
"app/api/literature/folders/[id]/route.ts","1","1","导入@1","导入","引入本文件依赖"
"app/api/literature/folders/[id]/route.ts","2","5","导入@2","导入","引入本文件依赖"
"app/api/literature/folders/[id]/route.ts","6","6","导入@6","导入","引入本文件依赖"
"app/api/literature/folders/[id]/route.ts","7","7","导入@7","导入","引入本文件依赖"
"app/api/literature/folders/[id]/route.ts","11","13","RouteContext","类型","定义 RouteContext 的数据契约"
"app/api/literature/folders/[id]/route.ts","15","32","PATCH","函数","实现 PATCH 的调用与控制流程"
"app/api/literature/folders/[id]/route.ts","34","48","DELETE","函数","实现 DELETE 的调用与控制流程"
"app/api/literature/folders/route.ts","1","1","导入@1","导入","引入本文件依赖"
"app/api/literature/folders/route.ts","2","5","导入@2","导入","引入本文件依赖"
"app/api/literature/folders/route.ts","6","9","导入@6","导入","引入本文件依赖"
"app/api/literature/folders/route.ts","10","10","导入@10","导入","引入本文件依赖"
"app/api/literature/folders/route.ts","11","11","导入@11","导入","引入本文件依赖"
"app/api/literature/folders/route.ts","15","17","OPTIONS","函数","实现 OPTIONS 的调用与控制流程"
"app/api/literature/folders/route.ts","19","44","GET","函数","实现 GET 的调用与控制流程"
"app/api/literature/folders/route.ts","46","61","POST","函数","实现 POST 的调用与控制流程"
"app/api/literature/imports/google-scholar/route.ts","1","4","导入@1","导入","引入本文件依赖"
"app/api/literature/imports/google-scholar/route.ts","5","5","导入@5","导入","引入本文件依赖"
"app/api/literature/imports/google-scholar/route.ts","6","6","导入@6","导入","引入本文件依赖"
"app/api/literature/imports/google-scholar/route.ts","7","11","导入@7","导入","引入本文件依赖"
"app/api/literature/imports/google-scholar/route.ts","12","15","导入@12","导入","引入本文件依赖"
"app/api/literature/imports/google-scholar/route.ts","20","23","ScholarImportRequest","类型","定义 ScholarImportRequest 的数据契约"
"app/api/literature/imports/google-scholar/route.ts","25","27","OPTIONS","函数","实现 OPTIONS 的调用与控制流程"
"app/api/literature/imports/google-scholar/route.ts","29","79","POST","函数","实现 POST 的调用与控制流程"
"app/api/literature/imports/google-scholar/route.ts","37","37","函数@37","函数","实现 匿名逻辑 的调用与控制流程"
"app/api/literature/library/route.ts","1","1","导入@1","导入","引入本文件依赖"
"app/api/literature/library/route.ts","2","2","导入@2","导入","引入本文件依赖"
"app/api/literature/library/route.ts","3","3","导入@3","导入","引入本文件依赖"
"app/api/literature/library/route.ts","4","7","导入@4","导入","引入本文件依赖"
"app/api/literature/library/route.ts","8","8","导入@8","导入","引入本文件依赖"
"app/api/literature/library/route.ts","9","9","导入@9","导入","引入本文件依赖"
"app/api/literature/library/route.ts","10","10","导入@10","导入","引入本文件依赖"
"app/api/literature/library/route.ts","14","44","GET","函数","实现 GET 的调用与控制流程"
"app/api/literature/library/upload/route.ts","1","1","导入@1","导入","引入本文件依赖"
"app/api/literature/library/upload/route.ts","2","2","导入@2","导入","引入本文件依赖"
"app/api/literature/library/upload/route.ts","3","3","导入@3","导入","引入本文件依赖"
"app/api/literature/library/upload/route.ts","4","4","导入@4","导入","引入本文件依赖"
"app/api/literature/library/upload/route.ts","5","5","导入@5","导入","引入本文件依赖"
"app/api/literature/library/upload/route.ts","6","11","导入@6","导入","引入本文件依赖"
"app/api/literature/library/upload/route.ts","12","12","导入@12","导入","引入本文件依赖"
"app/api/literature/library/upload/route.ts","13","13","导入@13","导入","引入本文件依赖"
"app/api/literature/library/upload/route.ts","18","24","DirectUploadPayload","类型","定义 DirectUploadPayload 的数据契约"
"app/api/literature/library/upload/route.ts","26","28","cleanString","函数","实现 cleanString 的调用与控制流程"
"app/api/literature/library/upload/route.ts","30","32","titleFromFileName","函数","实现 titleFromFileName 的调用与控制流程"
"app/api/literature/library/upload/route.ts","34","57","parsePayload","函数","实现 parsePayload 的调用与控制流程"
"app/api/literature/library/upload/route.ts","59","78","buildDraft","函数","实现 buildDraft 的调用与控制流程"
"app/api/literature/library/upload/route.ts","80","131","POST","函数","实现 POST 的调用与控制流程"
"app/api/literature/library/upload/route.ts","97","97","函数@97","函数","实现 匿名逻辑 的调用与控制流程"
"app/api/literature/library/upload/route.ts","103","103","函数@103","函数","实现 匿名逻辑 的调用与控制流程"
"app/api/literature/papers/[id]/citation-network/route.ts","1","1","导入@1","导入","引入本文件依赖"
"app/api/literature/papers/[id]/citation-network/route.ts","2","2","导入@2","导入","引入本文件依赖"
"app/api/literature/papers/[id]/citation-network/route.ts","3","3","导入@3","导入","引入本文件依赖"
"app/api/literature/papers/[id]/citation-network/route.ts","4","4","导入@4","导入","引入本文件依赖"
"app/api/literature/papers/[id]/citation-network/route.ts","8","10","RouteContext","类型","定义 RouteContext 的数据契约"
"app/api/literature/papers/[id]/citation-network/route.ts","12","31","GET","函数","实现 GET 的调用与控制流程"
"app/api/literature/papers/[id]/figures/[figureId]/route.ts","1","1","导入@1","导入","引入本文件依赖"
"app/api/literature/papers/[id]/figures/[figureId]/route.ts","2","2","导入@2","导入","引入本文件依赖"
"app/api/literature/papers/[id]/figures/[figureId]/route.ts","3","3","导入@3","导入","引入本文件依赖"
"app/api/literature/papers/[id]/figures/[figureId]/route.ts","9","11","RouteContext","类型","定义 RouteContext 的数据契约"
"app/api/literature/papers/[id]/figures/[figureId]/route.ts","13","53","GET","函数","实现 GET 的调用与控制流程"
"app/api/literature/papers/[id]/figures/[figureId]/route.ts","19","19","函数@19","函数","实现 匿名逻辑 的调用与控制流程"
"app/api/literature/papers/[id]/figures/extract/route.ts","1","1","导入@1","导入","引入本文件依赖"
"app/api/literature/papers/[id]/figures/extract/route.ts","2","2","导入@2","导入","引入本文件依赖"
"app/api/literature/papers/[id]/figures/extract/route.ts","3","3","导入@3","导入","引入本文件依赖"
"app/api/literature/papers/[id]/figures/extract/route.ts","4","7","导入@4","导入","引入本文件依赖"
"app/api/literature/papers/[id]/figures/extract/route.ts","12","14","RouteContext","类型","定义 RouteContext 的数据契约"
"app/api/literature/papers/[id]/figures/extract/route.ts","16","44","POST","函数","实现 POST 的调用与控制流程"
"app/api/literature/papers/[id]/folders/route.ts","1","1","导入@1","导入","引入本文件依赖"
"app/api/literature/papers/[id]/folders/route.ts","2","2","导入@2","导入","引入本文件依赖"
"app/api/literature/papers/[id]/folders/route.ts","3","3","导入@3","导入","引入本文件依赖"
"app/api/literature/papers/[id]/folders/route.ts","4","4","导入@4","导入","引入本文件依赖"
"app/api/literature/papers/[id]/folders/route.ts","5","5","导入@5","导入","引入本文件依赖"
"app/api/literature/papers/[id]/folders/route.ts","6","6","导入@6","导入","引入本文件依赖"
"app/api/literature/papers/[id]/folders/route.ts","11","13","RouteContext","类型","定义 RouteContext 的数据契约"
"app/api/literature/papers/[id]/folders/route.ts","15","28","assertPdfStored","函数","实现 assertPdfStored 的调用与控制流程"
"app/api/literature/papers/[id]/folders/route.ts","30","60","PUT","函数","实现 PUT 的调用与控制流程"
"app/api/literature/papers/[id]/notes/route.ts","1","1","导入@1","导入","引入本文件依赖"
"app/api/literature/papers/[id]/notes/route.ts","2","2","导入@2","导入","引入本文件依赖"
"app/api/literature/papers/[id]/notes/route.ts","3","3","导入@3","导入","引入本文件依赖"
"app/api/literature/papers/[id]/notes/route.ts","4","7","导入@4","导入","引入本文件依赖"
"app/api/literature/papers/[id]/notes/route.ts","8","8","导入@8","导入","引入本文件依赖"
"app/api/literature/papers/[id]/notes/route.ts","12","14","RouteContext","类型","定义 RouteContext 的数据契约"
"app/api/literature/papers/[id]/notes/route.ts","16","34","PATCH","函数","实现 PATCH 的调用与控制流程"
"app/api/literature/papers/[id]/pdf/route.ts","1","1","导入@1","导入","引入本文件依赖"
"app/api/literature/papers/[id]/pdf/route.ts","2","2","导入@2","导入","引入本文件依赖"
"app/api/literature/papers/[id]/pdf/route.ts","3","3","导入@3","导入","引入本文件依赖"
"app/api/literature/papers/[id]/pdf/route.ts","7","9","RouteContext","类型","定义 RouteContext 的数据契约"
"app/api/literature/papers/[id]/pdf/route.ts","11","27","contentDispositionFileName","函数","实现 contentDispositionFileName 的调用与控制流程"
"app/api/literature/papers/[id]/pdf/route.ts","22","23","函数@22","函数","实现 匿名逻辑 的调用与控制流程"
"app/api/literature/papers/[id]/pdf/route.ts","29","79","GET","函数","实现 GET 的调用与控制流程"
"app/api/literature/papers/[id]/pdf/view/route.ts","1","1","导入@1","导入","引入本文件依赖"
"app/api/literature/papers/[id]/pdf/view/route.ts","2","2","导入@2","导入","引入本文件依赖"
"app/api/literature/papers/[id]/pdf/view/route.ts","3","3","导入@3","导入","引入本文件依赖"
"app/api/literature/papers/[id]/pdf/view/route.ts","7","9","RouteContext","类型","定义 RouteContext 的数据契约"
"app/api/literature/papers/[id]/pdf/view/route.ts","11","27","contentDispositionFileName","函数","实现 contentDispositionFileName 的调用与控制流程"
"app/api/literature/papers/[id]/pdf/view/route.ts","22","23","函数@22","函数","实现 匿名逻辑 的调用与控制流程"
"app/api/literature/papers/[id]/pdf/view/route.ts","29","79","GET","函数","实现 GET 的调用与控制流程"
"app/api/literature/papers/[id]/route.ts","1","1","导入@1","导入","引入本文件依赖"
"app/api/literature/papers/[id]/route.ts","2","2","导入@2","导入","引入本文件依赖"
"app/api/literature/papers/[id]/route.ts","3","3","导入@3","导入","引入本文件依赖"
"app/api/literature/papers/[id]/route.ts","4","9","导入@4","导入","引入本文件依赖"
"app/api/literature/papers/[id]/route.ts","10","10","导入@10","导入","引入本文件依赖"
"app/api/literature/papers/[id]/route.ts","11","11","导入@11","导入","引入本文件依赖"
"app/api/literature/papers/[id]/route.ts","16","18","RouteContext","类型","定义 RouteContext 的数据契约"
"app/api/literature/papers/[id]/route.ts","20","38","GET","函数","实现 GET 的调用与控制流程"
"app/api/literature/papers/[id]/route.ts","40","68","PATCH","函数","实现 PATCH 的调用与控制流程"
"app/api/literature/papers/[id]/route.ts","70","86","DELETE","函数","实现 DELETE 的调用与控制流程"
"app/api/literature/papers/[id]/workspace/route.ts","1","1","导入@1","导入","引入本文件依赖"
"app/api/literature/papers/[id]/workspace/route.ts","2","2","导入@2","导入","引入本文件依赖"
"app/api/literature/papers/[id]/workspace/route.ts","3","3","导入@3","导入","引入本文件依赖"
"app/api/literature/papers/[id]/workspace/route.ts","4","4","导入@4","导入","引入本文件依赖"
"app/api/literature/papers/[id]/workspace/route.ts","5","9","导入@5","导入","引入本文件依赖"
"app/api/literature/papers/[id]/workspace/route.ts","10","13","导入@10","导入","引入本文件依赖"
"app/api/literature/papers/[id]/workspace/route.ts","14","14","导入@14","导入","引入本文件依赖"
"app/api/literature/papers/[id]/workspace/route.ts","15","15","导入@15","导入","引入本文件依赖"
"app/api/literature/papers/[id]/workspace/route.ts","16","16","导入@16","导入","引入本文件依赖"
"app/api/literature/papers/[id]/workspace/route.ts","21","23","RouteContext","类型","定义 RouteContext 的数据契约"
"app/api/literature/papers/[id]/workspace/route.ts","25","41","GET","函数","实现 GET 的调用与控制流程"
"app/api/literature/papers/[id]/workspace/route.ts","43","110","POST","函数","实现 POST 的调用与控制流程"
"app/api/literature/papers/save/route.ts","1","1","导入@1","导入","引入本文件依赖"
"app/api/literature/papers/save/route.ts","2","2","导入@2","导入","引入本文件依赖"
"app/api/literature/papers/save/route.ts","3","3","导入@3","导入","引入本文件依赖"
"app/api/literature/papers/save/route.ts","4","4","导入@4","导入","引入本文件依赖"
"app/api/literature/papers/save/route.ts","5","9","导入@5","导入","引入本文件依赖"
"app/api/literature/papers/save/route.ts","10","10","导入@10","导入","引入本文件依赖"
"app/api/literature/papers/save/route.ts","11","11","导入@11","导入","引入本文件依赖"
"app/api/literature/papers/save/route.ts","16","19","SaveSnapshotRequest","类型","定义 SaveSnapshotRequest 的数据契约"
"app/api/literature/papers/save/route.ts","21","32","assertPdfStored","函数","实现 assertPdfStored 的调用与控制流程"
"app/api/literature/papers/save/route.ts","34","36","cleanString","函数","实现 cleanString 的调用与控制流程"
"app/api/literature/papers/save/route.ts","38","45","cleanStringArray","函数","实现 cleanStringArray 的调用与控制流程"
"app/api/literature/papers/save/route.ts","41","41","函数@41","函数","实现 匿名逻辑 的调用与控制流程"
"app/api/literature/papers/save/route.ts","42","42","函数@42","函数","实现 匿名逻辑 的调用与控制流程"
"app/api/literature/papers/save/route.ts","47","77","parsePaperSnapshot","函数","实现 parsePaperSnapshot 的调用与控制流程"
"app/api/literature/papers/save/route.ts","79","135","POST","函数","实现 POST 的调用与控制流程"
"app/api/literature/papers/save/route.ts","98","98","函数@98","函数","实现 匿名逻辑 的调用与控制流程"
"app/api/literature/papers/upload/route.ts","1","1","导入@1","导入","引入本文件依赖"
"app/api/literature/papers/upload/route.ts","2","2","导入@2","导入","引入本文件依赖"
"app/api/literature/papers/upload/route.ts","3","3","导入@3","导入","引入本文件依赖"
"app/api/literature/papers/upload/route.ts","4","4","导入@4","导入","引入本文件依赖"
"app/api/literature/papers/upload/route.ts","5","9","导入@5","导入","引入本文件依赖"
"app/api/literature/papers/upload/route.ts","10","10","导入@10","导入","引入本文件依赖"
"app/api/literature/papers/upload/route.ts","11","11","导入@11","导入","引入本文件依赖"
"app/api/literature/papers/upload/route.ts","16","18","cleanString","函数","实现 cleanString 的调用与控制流程"
"app/api/literature/papers/upload/route.ts","20","27","cleanStringArray","函数","实现 cleanStringArray 的调用与控制流程"
"app/api/literature/papers/upload/route.ts","23","23","函数@23","函数","实现 匿名逻辑 的调用与控制流程"
"app/api/literature/papers/upload/route.ts","24","24","函数@24","函数","实现 匿名逻辑 的调用与控制流程"
"app/api/literature/papers/upload/route.ts","29","59","parsePaperSnapshot","函数","实现 parsePaperSnapshot 的调用与控制流程"
"app/api/literature/papers/upload/route.ts","61","71","parseJsonField","函数","实现 parseJsonField 的调用与控制流程"
"app/api/literature/papers/upload/route.ts","73","89","assertPdfFile","函数","实现 assertPdfFile 的调用与控制流程"
"app/api/literature/papers/upload/route.ts","91","146","POST","函数","实现 POST 的调用与控制流程"
"app/api/literature/papers/upload/route.ts","110","110","函数@110","函数","实现 匿名逻辑 的调用与控制流程"
"app/api/literature/review/export/route.ts","1","1","导入@1","导入","引入本文件依赖"
"app/api/literature/review/export/route.ts","2","2","导入@2","导入","引入本文件依赖"
"app/api/literature/review/export/route.ts","3","3","导入@3","导入","引入本文件依赖"
"app/api/literature/review/export/route.ts","4","4","导入@4","导入","引入本文件依赖"
"app/api/literature/review/export/route.ts","5","5","导入@5","导入","引入本文件依赖"
"app/api/literature/review/export/route.ts","6","6","导入@6","导入","引入本文件依赖"
"app/api/literature/review/export/route.ts","7","7","导入@7","导入","引入本文件依赖"
"app/api/literature/review/export/route.ts","8","8","导入@8","导入","引入本文件依赖"
"app/api/literature/review/export/route.ts","13","18","ReviewExportRequest","类型","定义 ReviewExportRequest 的数据契约"
"app/api/literature/review/export/route.ts","20","99","POST","函数","实现 POST 的调用与控制流程"
"app/api/literature/review/generate/route.ts","1","1","导入@1","导入","引入本文件依赖"
"app/api/literature/review/generate/route.ts","2","2","导入@2","导入","引入本文件依赖"
"app/api/literature/review/generate/route.ts","3","6","导入@3","导入","引入本文件依赖"
"app/api/literature/review/generate/route.ts","7","7","导入@7","导入","引入本文件依赖"
"app/api/literature/review/generate/route.ts","8","8","导入@8","导入","引入本文件依赖"
"app/api/literature/review/generate/route.ts","9","9","导入@9","导入","引入本文件依赖"
"app/api/literature/review/generate/route.ts","10","10","导入@10","导入","引入本文件依赖"
"app/api/literature/review/generate/route.ts","11","16","导入@11","导入","引入本文件依赖"
"app/api/literature/review/generate/route.ts","21","133","POST","函数","实现 POST 的调用与控制流程"
"app/api/literature/review/generate/route.ts","86","86","函数@86","函数","实现 匿名逻辑 的调用与控制流程"
"app/api/literature/review/generate/route.ts","88","92","response","变量","保存或计算 response 所需的数据"
"app/api/literature/route.ts","1","1","导入@1","导入","引入本文件依赖"
"app/api/literature/route.ts","2","7","导入@2","导入","引入本文件依赖"
"app/api/literature/route.ts","8","8","导入@8","导入","引入本文件依赖"
"app/api/literature/route.ts","9","9","导入@9","导入","引入本文件依赖"
"app/api/literature/route.ts","13","33","GET","函数","实现 GET 的调用与控制流程"
"app/api/literature/route.ts","35","53","PUT","函数","实现 PUT 的调用与控制流程"
"app/api/literature/update/route.ts","1","1","导入@1","导入","引入本文件依赖"
"app/api/literature/update/route.ts","2","2","导入@2","导入","引入本文件依赖"
"app/api/literature/update/route.ts","3","3","导入@3","导入","引入本文件依赖"
"app/api/literature/update/route.ts","4","4","导入@4","导入","引入本文件依赖"
"app/api/literature/update/route.ts","5","5","导入@5","导入","引入本文件依赖"
"app/api/literature/update/route.ts","6","11","导入@6","导入","引入本文件依赖"
"app/api/literature/update/route.ts","12","12","导入@12","导入","引入本文件依赖"
"app/api/literature/update/route.ts","17","19","elapsedMs","函数","实现 elapsedMs 的调用与控制流程"
"app/api/literature/update/route.ts","21","118","POST","函数","实现 POST 的调用与控制流程"
"app/api/literature/update/route.ts","57","57","函数@57","函数","实现 匿名逻辑 的调用与控制流程"
"app/api/literature/update/route.ts","60","61","函数@60","函数","实现 匿名逻辑 的调用与控制流程"
"app/api/literature/update/route.ts","64","64","函数@64","函数","实现 匿名逻辑 的调用与控制流程"
"app/api/literature/update/route.ts","85","85","函数@85","函数","实现 匿名逻辑 的调用与控制流程"
"app/api/presentation/generate/route.ts","1","1","导入@1","导入","引入本文件依赖"
"app/api/presentation/generate/route.ts","2","2","导入@2","导入","引入本文件依赖"
"app/api/presentation/generate/route.ts","3","3","导入@3","导入","引入本文件依赖"
"app/api/presentation/generate/route.ts","4","4","导入@4","导入","引入本文件依赖"
"app/api/presentation/generate/route.ts","5","5","导入@5","导入","引入本文件依赖"
"app/api/presentation/generate/route.ts","6","6","导入@6","导入","引入本文件依赖"
"app/api/presentation/generate/route.ts","11","47","POST","函数","实现 POST 的调用与控制流程"
"app/api/translate/docx/route.ts","1","1","导入@1","导入","引入本文件依赖"
"app/api/translate/docx/route.ts","2","2","导入@2","导入","引入本文件依赖"
"app/api/translate/docx/route.ts","3","6","导入@3","导入","引入本文件依赖"
"app/api/translate/docx/route.ts","7","13","导入@7","导入","引入本文件依赖"
"app/api/translate/docx/route.ts","18","20","isSourceLanguage","函数","实现 isSourceLanguage 的调用与控制流程"
"app/api/translate/docx/route.ts","22","24","isTargetLanguage","函数","实现 isTargetLanguage 的调用与控制流程"
"app/api/translate/docx/route.ts","26","28","isOutputMode","函数","实现 isOutputMode 的调用与控制流程"
"app/api/translate/docx/route.ts","30","37","isTranslationStyle","函数","实现 isTranslationStyle 的调用与控制流程"
"app/api/translate/docx/route.ts","39","41","encodeEvent","函数","实现 encodeEvent 的调用与控制流程"
"app/api/translate/docx/route.ts","43","55","requireUser","函数","实现 requireUser 的调用与控制流程"
"app/api/translate/docx/route.ts","57","170","POST","函数","实现 POST 的调用与控制流程"
"app/api/translate/docx/route.ts","59","157","start","方法","实现 start 的调用与控制流程"
"app/api/translate/docx/route.ts","60","62","emit","变量","保存或计算 emit 所需的数据"
"app/api/translate/docx/route.ts","60","62","函数@60","函数","实现 匿名逻辑 的调用与控制流程"
"app/api/translate/docx/route.ts","158","160","cancel","方法","实现 cancel 的调用与控制流程"
"app/auth/page.tsx","1","1","导入@1","导入","引入本文件依赖"
"app/auth/page.tsx","2","2","导入@2","导入","引入本文件依赖"
"app/auth/page.tsx","4","16","AuthPage","函数","实现 AuthPage 的调用与控制流程"
"app/chat/page.tsx","1","1","导入@1","导入","引入本文件依赖"
"app/chat/page.tsx","3","5","ChatPage","函数","实现 ChatPage 的调用与控制流程"
"app/extension/connect/page.tsx","1","1","导入@1","导入","引入本文件依赖"
"app/extension/connect/page.tsx","3","17","ExtensionConnectPage","函数","实现 ExtensionConnectPage 的调用与控制流程"
"app/layout.tsx","1","1","导入@1","导入","引入本文件依赖"
"app/layout.tsx","2","2","导入@2","导入","引入本文件依赖"
"app/layout.tsx","3","3","导入@3","导入","引入本文件依赖"
"app/layout.tsx","15","18","metadata","变量","保存或计算 metadata 所需的数据"
"app/layout.tsx","20","33","RootLayout","函数","实现 RootLayout 的调用与控制流程"
"app/literature/library/page.tsx","1","1","导入@1","导入","引入本文件依赖"
"app/literature/library/page.tsx","3","5","LiteratureLibraryPage","函数","实现 LiteratureLibraryPage 的调用与控制流程"
"app/literature/page.tsx","1","1","导入@1","导入","引入本文件依赖"
"app/literature/page.tsx","3","5","LiteraturePage","函数","实现 LiteraturePage 的调用与控制流程"
"app/literature/papers/[id]/page.tsx","1","1","导入@1","导入","引入本文件依赖"
"app/literature/papers/[id]/page.tsx","3","5","LiteraturePaperDetailPageProps","类型","定义 LiteraturePaperDetailPageProps 的数据契约"
"app/literature/papers/[id]/page.tsx","7","13","LiteraturePaperDetailPage","函数","实现 LiteraturePaperDetailPage 的调用与控制流程"
"app/literature/papers/[id]/reading/page.tsx","1","1","导入@1","导入","引入本文件依赖"
"app/literature/papers/[id]/reading/page.tsx","3","5","LiteraturePaperReadingPageProps","类型","定义 LiteraturePaperReadingPageProps 的数据契约"
"app/literature/papers/[id]/reading/page.tsx","7","13","LiteraturePaperReadingPage","函数","实现 LiteraturePaperReadingPage 的调用与控制流程"
"app/literature/reading/page.tsx","1","1","导入@1","导入","引入本文件依赖"
"app/literature/reading/page.tsx","3","5","LiteratureReadingPage","函数","实现 LiteratureReadingPage 的调用与控制流程"
"app/literature/review/page.tsx","1","1","导入@1","导入","引入本文件依赖"
"app/literature/review/page.tsx","3","5","LiteratureReviewPage","函数","实现 LiteratureReviewPage 的调用与控制流程"
"app/local-connector/page.tsx","1","1","导入@1","导入","引入本文件依赖"
"app/local-connector/page.tsx","2","2","导入@2","导入","引入本文件依赖"
"app/local-connector/page.tsx","29","133","LocalConnectorPage","函数","实现 LocalConnectorPage 的调用与控制流程"
"app/local-connector/page.tsx","45","55","函数@45","函数","实现 匿名逻辑 的调用与控制流程"
"app/page.tsx","1","1","导入@1","导入","引入本文件依赖"
"app/page.tsx","3","5","Home","函数","实现 Home 的调用与控制流程"
"app/presentation/page.tsx","1","1","导入@1","导入","引入本文件依赖"
"app/presentation/page.tsx","3","5","PresentationPage","函数","实现 PresentationPage 的调用与控制流程"
"app/translate/page.tsx","1","1","导入@1","导入","引入本文件依赖"
"app/translate/page.tsx","3","5","TranslatePage","函数","实现 TranslatePage 的调用与控制流程"
"app/usage/page.tsx","1","1","导入@1","导入","引入本文件依赖"
"app/usage/page.tsx","2","2","导入@2","导入","引入本文件依赖"
"app/usage/page.tsx","3","3","导入@3","导入","引入本文件依赖"
"app/usage/page.tsx","5","18","UsageRow","类型","定义 UsageRow 的数据契约"
"app/usage/page.tsx","29","150","UsagePage","函数","实现 UsagePage 的调用与控制流程"
"app/usage/page.tsx","47","54","函数@47","函数","实现 匿名逻辑 的调用与控制流程"
"app/usage/page.tsx","113","135","函数@113","函数","实现 匿名逻辑 的调用与控制流程"
"app/usage/page.tsx","152","168","Metric","函数","实现 Metric 的调用与控制流程"
"components/artifact-generation-dialog.tsx","3","11","导入@3","导入","引入本文件依赖"
"components/artifact-generation-dialog.tsx","12","12","导入@12","导入","引入本文件依赖"
"components/artifact-generation-dialog.tsx","13","17","导入@13","导入","引入本文件依赖"
"components/artifact-generation-dialog.tsx","18","18","导入@18","导入","引入本文件依赖"
"components/artifact-generation-dialog.tsx","19","19","导入@19","导入","引入本文件依赖"
"components/artifact-generation-dialog.tsx","21","26","ArtifactGenerationDialogProps","类型","定义 ArtifactGenerationDialogProps 的数据契约"
"components/artifact-generation-dialog.tsx","56","94","PreviewCard","函数","实现 PreviewCard 的调用与控制流程"
"components/artifact-generation-dialog.tsx","77","87","函数@77","函数","实现 匿名逻辑 的调用与控制流程"
"components/artifact-generation-dialog.tsx","96","407","ArtifactGenerationDialog","函数","实现 ArtifactGenerationDialog 的调用与控制流程"
"components/artifact-generation-dialog.tsx","110","110","函数@110","函数","实现 匿名逻辑 的调用与控制流程"
"components/artifact-generation-dialog.tsx","114","114","函数@114","函数","实现 匿名逻辑 的调用与控制流程"
"components/artifact-generation-dialog.tsx","116","142","函数@116","函数","实现 匿名逻辑 的调用与控制流程"
"components/artifact-generation-dialog.tsx","123","129","函数@123","函数","实现 匿名逻辑 的调用与控制流程"
"components/artifact-generation-dialog.tsx","137","140","函数@137","函数","实现 匿名逻辑 的调用与控制流程"
"components/artifact-generation-dialog.tsx","144","151","函数@144","函数","实现 匿名逻辑 的调用与控制流程"
"components/artifact-generation-dialog.tsx","146","148","handleKeyDown","变量","保存或计算 handleKeyDown 所需的数据"
"components/artifact-generation-dialog.tsx","146","148","函数@146","函数","实现 匿名逻辑 的调用与控制流程"
"components/artifact-generation-dialog.tsx","150","150","函数@150","函数","实现 匿名逻辑 的调用与控制流程"
"components/artifact-generation-dialog.tsx","155","179","generate","变量","保存或计算 generate 所需的数据"
"components/artifact-generation-dialog.tsx","155","179","函数@155","函数","实现 匿名逻辑 的调用与控制流程"
"components/artifact-generation-dialog.tsx","187","189","函数@187","函数","实现 匿名逻辑 的调用与控制流程"
"components/artifact-generation-dialog.tsx","215","240","函数@215","函数","实现 匿名逻辑 的调用与控制流程"
"components/artifact-generation-dialog.tsx","222","222","函数@222","函数","实现 匿名逻辑 的调用与控制流程"
"components/artifact-generation-dialog.tsx","243","256","函数@243","函数","实现 匿名逻辑 的调用与控制流程"
"components/artifact-generation-dialog.tsx","247","247","函数@247","函数","实现 匿名逻辑 的调用与控制流程"
"components/artifact-generation-dialog.tsx","263","287","函数@263","函数","实现 匿名逻辑 的调用与控制流程"
"components/artifact-generation-dialog.tsx","267","267","函数@267","函数","实现 匿名逻辑 的调用与控制流程"
"components/artifact-generation-dialog.tsx","312","322","函数@312","函数","实现 匿名逻辑 的调用与控制流程"
"components/artifact-generation-dialog.tsx","330","330","函数@330","函数","实现 匿名逻辑 的调用与控制流程"
"components/artifact-generation-dialog.tsx","358","366","函数@358","函数","实现 匿名逻辑 的调用与控制流程"
"components/artifact-generation-dialog.tsx","391","391","函数@391","函数","实现 匿名逻辑 的调用与控制流程"
"components/attachment-preview.tsx","3","3","导入@3","导入","引入本文件依赖"
"components/attachment-preview.tsx","4","4","导入@4","导入","引入本文件依赖"
"components/attachment-preview.tsx","6","10","AttachmentPreviewProps","类型","定义 AttachmentPreviewProps 的数据契约"
"components/attachment-preview.tsx","12","58","AttachmentPreview","函数","实现 AttachmentPreview 的调用与控制流程"
"components/attachment-preview.tsx","23","55","函数@23","函数","实现 匿名逻辑 的调用与控制流程"
"components/attachment-preview.tsx","47","47","函数@47","函数","实现 匿名逻辑 的调用与控制流程"
"components/auth-form.tsx","3","3","导入@3","导入","引入本文件依赖"
"components/auth-form.tsx","4","4","导入@4","导入","引入本文件依赖"
"components/auth-form.tsx","5","5","导入@5","导入","引入本文件依赖"
"components/auth-form.tsx","7","7","AuthMode","类型","定义 AuthMode 的数据契约"
"components/auth-form.tsx","9","187","AuthForm","函数","实现 AuthForm 的调用与控制流程"
"components/auth-form.tsx","21","69","handleSubmit","变量","保存或计算 handleSubmit 所需的数据"
"components/auth-form.tsx","21","69","函数@21","函数","实现 匿名逻辑 的调用与控制流程"
"components/auth-form.tsx","88","92","函数@88","函数","实现 匿名逻辑 的调用与控制流程"
"components/auth-form.tsx","103","107","函数@103","函数","实现 匿名逻辑 的调用与控制流程"
"components/auth-form.tsx","132","132","函数@132","函数","实现 匿名逻辑 的调用与控制流程"
"components/auth-form.tsx","154","154","函数@154","函数","实现 匿名逻辑 的调用与控制流程"
"components/chat-input.tsx","3","12","导入@3","导入","引入本文件依赖"
"components/chat-input.tsx","13","13","导入@13","导入","引入本文件依赖"
"components/chat-input.tsx","14","14","导入@14","导入","引入本文件依赖"
"components/chat-input.tsx","15","20","导入@15","导入","引入本文件依赖"
"components/chat-input.tsx","21","24","导入@21","导入","引入本文件依赖"
"components/chat-input.tsx","25","28","导入@25","导入","引入本文件依赖"
"components/chat-input.tsx","29","29","导入@29","导入","引入本文件依赖"
"components/chat-input.tsx","30","30","导入@30","导入","引入本文件依赖"
"components/chat-input.tsx","31","35","导入@31","导入","引入本文件依赖"
"components/chat-input.tsx","36","43","导入@36","导入","引入本文件依赖"
"components/chat-input.tsx","47","50","ChatSendPayload","类型","定义 ChatSendPayload 的数据契约"
"components/chat-input.tsx","52","73","ChatInputProps","类型","定义 ChatInputProps 的数据契约"
"components/chat-input.tsx","75","473","ChatInput","函数","实现 ChatInput 的调用与控制流程"
"components/chat-input.tsx","108","108","函数@108","函数","实现 匿名逻辑 的调用与控制流程"
"components/chat-input.tsx","114","121","函数@114","函数","实现 匿名逻辑 的调用与控制流程"
"components/chat-input.tsx","124","131","函数@124","函数","实现 匿名逻辑 的调用与控制流程"
"components/chat-input.tsx","126","130","函数@126","函数","实现 匿名逻辑 的调用与控制流程"
"components/chat-input.tsx","135","142","函数@135","函数","实现 匿名逻辑 的调用与控制流程"
"components/chat-input.tsx","136","139","函数@136","函数","实现 匿名逻辑 的调用与控制流程"
"components/chat-input.tsx","144","153","submit","变量","保存或计算 submit 所需的数据"
"components/chat-input.tsx","144","153","函数@144","函数","实现 匿名逻辑 的调用与控制流程"
"components/chat-input.tsx","148","148","函数@148","函数","实现 匿名逻辑 的调用与控制流程"
"components/chat-input.tsx","155","174","handleDrop","变量","保存或计算 handleDrop 所需的数据"
"components/chat-input.tsx","155","174","函数@155","函数","实现 匿名逻辑 的调用与控制流程"
"components/chat-input.tsx","176","178","函数@176","函数","实现 匿名逻辑 的调用与控制流程"
"components/chat-input.tsx","180","191","函数@180","函数","实现 匿名逻辑 的调用与控制流程"
"components/chat-input.tsx","181","185","closeMenu","变量","保存或计算 closeMenu 所需的数据"
"components/chat-input.tsx","181","185","函数@181","函数","实现 匿名逻辑 的调用与控制流程"
"components/chat-input.tsx","187","190","函数@187","函数","实现 匿名逻辑 的调用与控制流程"
"components/chat-input.tsx","197","200","函数@197","函数","实现 匿名逻辑 的调用与控制流程"
"components/chat-input.tsx","212","213","函数@212","函数","实现 匿名逻辑 的调用与控制流程"
"components/chat-input.tsx","219","223","函数@219","函数","实现 匿名逻辑 的调用与控制流程"
"components/chat-input.tsx","242","246","函数@242","函数","实现 匿名逻辑 的调用与控制流程"
"components/chat-input.tsx","247","251","函数@247","函数","实现 匿名逻辑 的调用与控制流程"
"components/chat-input.tsx","265","281","函数@265","函数","实现 匿名逻辑 的调用与控制流程"
"components/chat-input.tsx","273","273","函数@273","函数","实现 匿名逻辑 的调用与控制流程"
"components/chat-input.tsx","288","293","函数@288","函数","实现 匿名逻辑 的调用与控制流程"
"components/chat-input.tsx","289","290","函数@289","函数","实现 匿名逻辑 的调用与控制流程"
"components/chat-input.tsx","305","308","函数@305","函数","实现 匿名逻辑 的调用与控制流程"
"components/chat-input.tsx","312","312","函数@312","函数","实现 匿名逻辑 的调用与控制流程"
"components/chat-input.tsx","326","347","函数@326","函数","实现 匿名逻辑 的调用与控制流程"
"components/chat-input.tsx","332","335","函数@332","函数","实现 匿名逻辑 的调用与控制流程"
"components/chat-input.tsx","354","355","函数@354","函数","实现 匿名逻辑 的调用与控制流程"
"components/chat-input.tsx","367","367","函数@367","函数","实现 匿名逻辑 的调用与控制流程"
"components/chat-input.tsx","367","367","函数@367","函数","实现 匿名逻辑 的调用与控制流程"
"components/chat-input.tsx","381","381","函数@381","函数","实现 匿名逻辑 的调用与控制流程"
"components/chat-input.tsx","395","395","函数@395","函数","实现 匿名逻辑 的调用与控制流程"
"components/chat-input.tsx","416","419","函数@416","函数","实现 匿名逻辑 的调用与控制流程"
"components/chat-input.tsx","420","425","函数@420","函数","实现 匿名逻辑 的调用与控制流程"
"components/chat-input.tsx","426","433","函数@426","函数","实现 匿名逻辑 的调用与控制流程"
"components/chat-message.tsx","3","3","导入@3","导入","引入本文件依赖"
"components/chat-message.tsx","4","4","导入@4","导入","引入本文件依赖"
"components/chat-message.tsx","5","5","导入@5","导入","引入本文件依赖"
"components/chat-message.tsx","6","6","导入@6","导入","引入本文件依赖"
"components/chat-message.tsx","7","7","导入@7","导入","引入本文件依赖"
"components/chat-message.tsx","8","8","导入@8","导入","引入本文件依赖"
"components/chat-message.tsx","9","9","导入@9","导入","引入本文件依赖"
"components/chat-message.tsx","11","16","ChatMessageProps","类型","定义 ChatMessageProps 的数据契约"
"components/chat-message.tsx","18","29","ChartSpec","类型","定义 ChartSpec 的数据契约"
"components/chat-message.tsx","31","34","PlanDisclosurePayload","类型","定义 PlanDisclosurePayload 的数据契约"
"components/chat-message.tsx","36","38","MessagePart","类型","定义 MessagePart 的数据契约"
"components/chat-message.tsx","42","60","parsePlanDisclosurePayload","函数","实现 parsePlanDisclosurePayload 的调用与控制流程"
"components/chat-message.tsx","48","48","函数@48","函数","实现 匿名逻辑 的调用与控制流程"
"components/chat-message.tsx","62","84","splitPlanDisclosures","函数","实现 splitPlanDisclosures 的调用与控制流程"
"components/chat-message.tsx","86","101","PlanDisclosure","函数","实现 PlanDisclosure 的调用与控制流程"
"components/chat-message.tsx","93","97","函数@93","函数","实现 匿名逻辑 的调用与控制流程"
"components/chat-message.tsx","103","148","parseChartSpec","函数","实现 parseChartSpec 的调用与控制流程"
"components/chat-message.tsx","110","110","函数@110","函数","实现 匿名逻辑 的调用与控制流程"
"components/chat-message.tsx","118","122","函数@118","函数","实现 匿名逻辑 的调用与控制流程"
"components/chat-message.tsx","150","326","ChartBlock","函数","实现 ChartBlock 的调用与控制流程"
"components/chat-message.tsx","158","158","margin","变量","保存或计算 margin 所需的数据"
"components/chat-message.tsx","161","161","函数@161","函数","实现 匿名逻辑 的调用与控制流程"
"components/chat-message.tsx","165","166","y","变量","保存或计算 y 所需的数据"
"components/chat-message.tsx","165","166","函数@165","函数","实现 匿名逻辑 的调用与控制流程"
"components/chat-message.tsx","188","211","函数@188","函数","实现 匿名逻辑 的调用与控制流程"
"components/chat-message.tsx","246","265","函数@246","函数","实现 匿名逻辑 的调用与控制流程"
"components/chat-message.tsx","247","265","函数@247","函数","实现 匿名逻辑 的调用与控制流程"
"components/chat-message.tsx","267","295","函数@267","函数","实现 匿名逻辑 的调用与控制流程"
"components/chat-message.tsx","269","273","函数@269","函数","实现 匿名逻辑 的调用与控制流程"
"components/chat-message.tsx","284","292","函数@284","函数","实现 匿名逻辑 的调用与控制流程"
"components/chat-message.tsx","297","308","函数@297","函数","实现 匿名逻辑 的调用与控制流程"
"components/chat-message.tsx","310","320","函数@310","函数","实现 匿名逻辑 的调用与控制流程"
"components/chat-message.tsx","328","332","VisualEvidence","类型","定义 VisualEvidence 的数据契约"
"components/chat-message.tsx","334","339","FishboneSpec","类型","定义 FishboneSpec 的数据契约"
"components/chat-message.tsx","341","345","ProcessSpec","类型","定义 ProcessSpec 的数据契约"
"components/chat-message.tsx","347","351","TimelineSpec","类型","定义 TimelineSpec 的数据契约"
"components/chat-message.tsx","353","353","StructureVisualSpec","类型","定义 StructureVisualSpec 的数据契约"
"components/chat-message.tsx","361","374","normalizeVisualEvidence","函数","实现 normalizeVisualEvidence 的调用与控制流程"
"components/chat-message.tsx","376","470","parseStructureVisualSpec","函数","实现 parseStructureVisualSpec 的调用与控制流程"
"components/chat-message.tsx","388","400","函数@388","函数","实现 匿名逻辑 的调用与控制流程"
"components/chat-message.tsx","395","395","函数@395","函数","实现 匿名逻辑 的调用与控制流程"
"components/chat-message.tsx","416","429","函数@416","函数","实现 匿名逻辑 的调用与控制流程"
"components/chat-message.tsx","439","458","函数@439","函数","实现 匿名逻辑 的调用与控制流程"
"components/chat-message.tsx","472","495","VisualEvidenceFooter","函数","实现 VisualEvidenceFooter 的调用与控制流程"
"components/chat-message.tsx","497","637","FishboneBlock","函数","实现 FishboneBlock 的调用与控制流程"
"components/chat-message.tsx","498","498","函数@498","函数","实现 匿名逻辑 的调用与控制流程"
"components/chat-message.tsx","499","499","函数@499","函数","实现 匿名逻辑 的调用与控制流程"
"components/chat-message.tsx","502","569","renderBone","变量","保存或计算 renderBone 所需的数据"
"components/chat-message.tsx","502","569","函数@502","函数","实现 匿名逻辑 的调用与控制流程"
"components/chat-message.tsx","557","564","函数@557","函数","实现 匿名逻辑 的调用与控制流程"
"components/chat-message.tsx","616","616","函数@616","函数","实现 匿名逻辑 的调用与控制流程"
"components/chat-message.tsx","617","617","函数@617","函数","实现 匿名逻辑 的调用与控制流程"
"components/chat-message.tsx","639","673","ProcessBlock","函数","实现 ProcessBlock 的调用与控制流程"
"components/chat-message.tsx","648","667","函数@648","函数","实现 匿名逻辑 的调用与控制流程"
"components/chat-message.tsx","675","708","TimelineBlock","函数","实现 TimelineBlock 的调用与控制流程"
"components/chat-message.tsx","684","702","函数@684","函数","实现 匿名逻辑 的调用与控制流程"
"components/chat-message.tsx","710","719","ScientificVisualBlock","函数","实现 ScientificVisualBlock 的调用与控制流程"
"components/chat-message.tsx","721","737","splitSources","函数","实现 splitSources 的调用与控制流程"
"components/chat-message.tsx","732","732","函数@732","函数","实现 匿名逻辑 的调用与控制流程"
"components/chat-message.tsx","739","760","splitImageGallery","函数","实现 splitImageGallery 的调用与控制流程"
"components/chat-message.tsx","748","755","函数@748","函数","实现 匿名逻辑 的调用与控制流程"
"components/chat-message.tsx","762","801","CodeBlock","函数","实现 CodeBlock 的调用与控制流程"
"components/chat-message.tsx","771","775","copyCode","函数","实现 copyCode 的调用与控制流程"
"components/chat-message.tsx","774","774","函数@774","函数","实现 匿名逻辑 的调用与控制流程"
"components/chat-message.tsx","783","783","函数@783","函数","实现 匿名逻辑 的调用与控制流程"
"components/chat-message.tsx","803","1001","AssistantMarkdown","函数","实现 AssistantMarkdown 的调用与控制流程"
"components/chat-message.tsx","812","936","函数@812","函数","实现 匿名逻辑 的调用与控制流程"
"components/chat-message.tsx","823","827","函数@823","函数","实现 匿名逻辑 的调用与控制流程"
"components/chat-message.tsx","828","832","函数@828","函数","实现 匿名逻辑 的调用与控制流程"
"components/chat-message.tsx","833","837","函数@833","函数","实现 匿名逻辑 的调用与控制流程"
"components/chat-message.tsx","838","842","函数@838","函数","实现 匿名逻辑 的调用与控制流程"
"components/chat-message.tsx","843","845","函数@843","函数","实现 匿名逻辑 的调用与控制流程"
"components/chat-message.tsx","846","850","函数@846","函数","实现 匿名逻辑 的调用与控制流程"
"components/chat-message.tsx","851","855","函数@851","函数","实现 匿名逻辑 的调用与控制流程"
"components/chat-message.tsx","856","856","函数@856","函数","实现 匿名逻辑 的调用与控制流程"
"components/chat-message.tsx","857","861","函数@857","函数","实现 匿名逻辑 的调用与控制流程"
"components/chat-message.tsx","862","862","函数@862","函数","实现 匿名逻辑 的调用与控制流程"
"components/chat-message.tsx","863","872","函数@863","函数","实现 匿名逻辑 的调用与控制流程"
"components/chat-message.tsx","873","891","函数@873","函数","实现 匿名逻辑 的调用与控制流程"
"components/chat-message.tsx","892","898","函数@892","函数","实现 匿名逻辑 的调用与控制流程"
"components/chat-message.tsx","899","901","函数@899","函数","实现 匿名逻辑 的调用与控制流程"
"components/chat-message.tsx","902","906","函数@902","函数","实现 匿名逻辑 的调用与控制流程"
"components/chat-message.tsx","907","911","函数@907","函数","实现 匿名逻辑 的调用与控制流程"
"components/chat-message.tsx","912","912","函数@912","函数","实现 匿名逻辑 的调用与控制流程"
"components/chat-message.tsx","913","931","函数@913","函数","实现 匿名逻辑 的调用与控制流程"
"components/chat-message.tsx","945","966","函数@945","函数","实现 匿名逻辑 的调用与控制流程"
"components/chat-message.tsx","979","995","函数@979","函数","实现 匿名逻辑 的调用与控制流程"
"components/chat-message.tsx","1003","1032","AttachmentList","函数","实现 AttachmentList 的调用与控制流程"
"components/chat-message.tsx","1012","1029","函数@1012","函数","实现 匿名逻辑 的调用与控制流程"
"components/chat-message.tsx","1034","1054","ActionButton","函数","实现 ActionButton 的调用与控制流程"
"components/chat-message.tsx","1056","1126","ChatMessageBubble","函数","实现 ChatMessageBubble 的调用与控制流程"
"components/chat-message.tsx","1067","1071","copyResponse","函数","实现 copyResponse 的调用与控制流程"
"components/chat-message.tsx","1070","1070","函数@1070","函数","实现 匿名逻辑 的调用与控制流程"
"components/chat-message.tsx","1109","1109","函数@1109","函数","实现 匿名逻辑 的调用与控制流程"
"components/chat-messages.tsx","3","3","导入@3","导入","引入本文件依赖"
"components/chat-messages.tsx","4","4","导入@4","导入","引入本文件依赖"
"components/chat-messages.tsx","5","5","导入@5","导入","引入本文件依赖"
"components/chat-messages.tsx","6","6","导入@6","导入","引入本文件依赖"
"components/chat-messages.tsx","8","17","ChatMessagesProps","类型","定义 ChatMessagesProps 的数据契约"
"components/chat-messages.tsx","19","143","ChatMessages","函数","实现 ChatMessages 的调用与控制流程"
"components/chat-messages.tsx","35","45","函数@35","函数","实现 匿名逻辑 的调用与控制流程"
"components/chat-messages.tsx","48","52","函数@48","函数","实现 匿名逻辑 的调用与控制流程"
"components/chat-messages.tsx","56","66","函数@56","函数","实现 匿名逻辑 的调用与控制流程"
"components/chat-messages.tsx","63","65","函数@63","函数","实现 匿名逻辑 的调用与控制流程"
"components/chat-messages.tsx","68","80","函数@68","函数","实现 匿名逻辑 的调用与控制流程"
"components/chat-messages.tsx","91","99","函数@91","函数","实现 匿名逻辑 的调用与控制流程"
"components/chat-messages.tsx","93","93","函数@93","函数","实现 匿名逻辑 的调用与控制流程"
"components/chat-messages.tsx","96","96","函数@96","函数","实现 匿名逻辑 的调用与控制流程"
"components/chat-messages.tsx","97","97","函数@97","函数","实现 匿名逻辑 的调用与控制流程"
"components/chat-messages.tsx","133","133","函数@133","函数","实现 匿名逻辑 的调用与控制流程"
"components/chat-shell.tsx","3","3","导入@3","导入","引入本文件依赖"
"components/chat-shell.tsx","4","4","导入@4","导入","引入本文件依赖"
"components/chat-shell.tsx","5","18","导入@5","导入","引入本文件依赖"
"components/chat-shell.tsx","19","19","导入@19","导入","引入本文件依赖"
"components/chat-shell.tsx","20","20","导入@20","导入","引入本文件依赖"
"components/chat-shell.tsx","21","21","导入@21","导入","引入本文件依赖"
"components/chat-shell.tsx","22","22","导入@22","导入","引入本文件依赖"
"components/chat-shell.tsx","23","23","导入@23","导入","引入本文件依赖"
"components/chat-shell.tsx","24","24","导入@24","导入","引入本文件依赖"
"components/chat-shell.tsx","25","25","导入@25","导入","引入本文件依赖"
"components/chat-shell.tsx","26","26","导入@26","导入","引入本文件依赖"
"components/chat-shell.tsx","27","32","导入@27","导入","引入本文件依赖"
"components/chat-shell.tsx","33","38","导入@33","导入","引入本文件依赖"
"components/chat-shell.tsx","39","42","导入@39","导入","引入本文件依赖"
"components/chat-shell.tsx","43","43","导入@43","导入","引入本文件依赖"
"components/chat-shell.tsx","44","44","导入@44","导入","引入本文件依赖"
"components/chat-shell.tsx","45","53","导入@45","导入","引入本文件依赖"
"components/chat-shell.tsx","54","57","导入@54","导入","引入本文件依赖"
"components/chat-shell.tsx","58","64","导入@58","导入","引入本文件依赖"
"components/chat-shell.tsx","65","65","导入@65","导入","引入本文件依赖"
"components/chat-shell.tsx","66","74","导入@66","导入","引入本文件依赖"
"components/chat-shell.tsx","75","78","导入@75","导入","引入本文件依赖"
"components/chat-shell.tsx","79","82","导入@79","导入","引入本文件依赖"
"components/chat-shell.tsx","83","83","导入@83","导入","引入本文件依赖"
"components/chat-shell.tsx","84","84","导入@84","导入","引入本文件依赖"
"components/chat-shell.tsx","86","93","CHAT_LIBRARY_FILTERS","变量","保存或计算 CHAT_LIBRARY_FILTERS 所需的数据"
"components/chat-shell.tsx","95","100","toDisplayAttachments","函数","实现 toDisplayAttachments 的调用与控制流程"
"components/chat-shell.tsx","96","99","函数@96","函数","实现 匿名逻辑 的调用与控制流程"
"components/chat-shell.tsx","102","110","toApiUserMessage","函数","实现 toApiUserMessage 的调用与控制流程"
"components/chat-shell.tsx","112","120","toDisplayUserMessage","函数","实现 toDisplayUserMessage 的调用与控制流程"
"components/chat-shell.tsx","122","134","localFileKind","函数","实现 localFileKind 的调用与控制流程"
"components/chat-shell.tsx","136","147","localFileTypeLabel","函数","实现 localFileTypeLabel 的调用与控制流程"
"components/chat-shell.tsx","137","145","labels","变量","保存或计算 labels 所需的数据"
"components/chat-shell.tsx","149","153","localFileExtension","函数","实现 localFileExtension 的调用与控制流程"
"components/chat-shell.tsx","155","167","localFileReadBlockReason","函数","实现 localFileReadBlockReason 的调用与控制流程"
"components/chat-shell.tsx","169","171","isLocalDocxFile","函数","实现 isLocalDocxFile 的调用与控制流程"
"components/chat-shell.tsx","173","188","formatLocalFileReadError","函数","实现 formatLocalFileReadError 的调用与控制流程"
"components/chat-shell.tsx","190","201","buildLocalPdfManifest","函数","实现 buildLocalPdfManifest 的调用与控制流程"
"components/chat-shell.tsx","191","194","函数@191","函数","实现 匿名逻辑 的调用与控制流程"
"components/chat-shell.tsx","193","193","函数@193","函数","实现 匿名逻辑 的调用与控制流程"
"components/chat-shell.tsx","199","199","函数@199","函数","实现 匿名逻辑 的调用与控制流程"
"components/chat-shell.tsx","203","230","buildProjectContextForChat","函数","实现 buildProjectContextForChat 的调用与控制流程"
"components/chat-shell.tsx","213","228","函数@213","函数","实现 匿名逻辑 的调用与控制流程"
"components/chat-shell.tsx","220","227","函数@220","函数","实现 匿名逻辑 的调用与控制流程"
"components/chat-shell.tsx","232","335","buildLocalPdfContextForProject","函数","实现 buildLocalPdfContextForProject 的调用与控制流程"
"components/chat-shell.tsx","241","242","函数@241","函数","实现 匿名逻辑 的调用与控制流程"
"components/chat-shell.tsx","242","242","函数@242","函数","实现 匿名逻辑 的调用与控制流程"
"components/chat-shell.tsx","246","246","函数@246","函数","实现 匿名逻辑 的调用与控制流程"
"components/chat-shell.tsx","260","263","函数@260","函数","实现 匿名逻辑 的调用与控制流程"
"components/chat-shell.tsx","316","316","函数@316","函数","实现 匿名逻辑 的调用与控制流程"
"components/chat-shell.tsx","321","321","函数@321","函数","实现 匿名逻辑 的调用与控制流程"
"components/chat-shell.tsx","337","344","projectNameFromTask","函数","实现 projectNameFromTask 的调用与控制流程"
"components/chat-shell.tsx","346","350","shouldAnalyzeAllProjectFiles","函数","实现 shouldAnalyzeAllProjectFiles 的调用与控制流程"
"components/chat-shell.tsx","352","2238","ChatShell","函数","实现 ChatShell 的调用与控制流程"
"components/chat-shell.tsx","442","447","函数@442","函数","实现 匿名逻辑 的调用与控制流程"
"components/chat-shell.tsx","449","520","函数@449","函数","实现 匿名逻辑 的调用与控制流程"
"components/chat-shell.tsx","464","500","hydrateWorkspace","函数","实现 hydrateWorkspace 的调用与控制流程"
"components/chat-shell.tsx","491","491","函数@491","函数","实现 匿名逻辑 的调用与控制流程"
"components/chat-shell.tsx","505","508","函数@505","函数","实现 匿名逻辑 的调用与控制流程"
"components/chat-shell.tsx","509","511","函数@509","函数","实现 匿名逻辑 的调用与控制流程"
"components/chat-shell.tsx","513","519","函数@513","函数","实现 匿名逻辑 的调用与控制流程"
"components/chat-shell.tsx","522","539","函数@522","函数","实现 匿名逻辑 的调用与控制流程"
"components/chat-shell.tsx","524","524","workspace","变量","保存或计算 workspace 所需的数据"
"components/chat-shell.tsx","533","538","函数@533","函数","实现 匿名逻辑 的调用与控制流程"
"components/chat-shell.tsx","534","537","函数@534","函数","实现 匿名逻辑 的调用与控制流程"
"components/chat-shell.tsx","542","542","函数@542","函数","实现 匿名逻辑 的调用与控制流程"
"components/chat-shell.tsx","542","542","函数@542","函数","实现 匿名逻辑 的调用与控制流程"
"components/chat-shell.tsx","545","553","函数@545","函数","实现 匿名逻辑 的调用与控制流程"
"components/chat-shell.tsx","546","546","counts","变量","保存或计算 counts 所需的数据"
"components/chat-shell.tsx","555","555","函数@555","函数","实现 匿名逻辑 的调用与控制流程"
"components/chat-shell.tsx","557","561","函数@557","函数","实现 匿名逻辑 的调用与控制流程"
"components/chat-shell.tsx","559","559","函数@559","函数","实现 匿名逻辑 的调用与控制流程"
"components/chat-shell.tsx","565","565","函数@565","函数","实现 匿名逻辑 的调用与控制流程"
"components/chat-shell.tsx","567","568","函数@567","函数","实现 匿名逻辑 的调用与控制流程"
"components/chat-shell.tsx","572","575","函数@572","函数","实现 匿名逻辑 的调用与控制流程"
"components/chat-shell.tsx","577","591","函数@577","函数","实现 匿名逻辑 的调用与控制流程"
"components/chat-shell.tsx","592","595","函数@592","函数","实现 匿名逻辑 的调用与控制流程"
"components/chat-shell.tsx","596","599","函数@596","函数","实现 匿名逻辑 的调用与控制流程"
"components/chat-shell.tsx","600","603","函数@600","函数","实现 匿名逻辑 的调用与控制流程"
"components/chat-shell.tsx","605","616","函数@605","函数","实现 匿名逻辑 的调用与控制流程"
"components/chat-shell.tsx","618","621","函数@618","函数","实现 匿名逻辑 的调用与控制流程"
"components/chat-shell.tsx","623","644","函数@623","函数","实现 匿名逻辑 的调用与控制流程"
"components/chat-shell.tsx","633","633","函数@633","函数","实现 匿名逻辑 的调用与控制流程"
"components/chat-shell.tsx","653","668","函数@653","函数","实现 匿名逻辑 的调用与控制流程"
"components/chat-shell.tsx","658","658","函数@658","函数","实现 匿名逻辑 的调用与控制流程"
"components/chat-shell.tsx","662","662","函数@662","函数","实现 匿名逻辑 的调用与控制流程"
"components/chat-shell.tsx","673","683","函数@673","函数","实现 匿名逻辑 的调用与控制流程"
"components/chat-shell.tsx","676","681","函数@676","函数","实现 匿名逻辑 的调用与控制流程"
"components/chat-shell.tsx","677","680","函数@677","函数","实现 匿名逻辑 的调用与控制流程"
"components/chat-shell.tsx","688","708","函数@688","函数","实现 匿名逻辑 的调用与控制流程"
"components/chat-shell.tsx","696","696","函数@696","函数","实现 匿名逻辑 的调用与控制流程"
"components/chat-shell.tsx","696","696","函数@696","函数","实现 匿名逻辑 的调用与控制流程"
"components/chat-shell.tsx","712","728","函数@712","函数","实现 匿名逻辑 的调用与控制流程"
"components/chat-shell.tsx","717","726","函数@717","函数","实现 匿名逻辑 的调用与控制流程"
"components/chat-shell.tsx","718","725","函数@718","函数","实现 匿名逻辑 的调用与控制流程"
"components/chat-shell.tsx","731","746","函数@731","函数","实现 匿名逻辑 的调用与控制流程"
"components/chat-shell.tsx","751","797","函数@751","函数","实现 匿名逻辑 的调用与控制流程"
"components/chat-shell.tsx","759","762","projectWithLocalFolder","变量","保存或计算 projectWithLocalFolder 所需的数据"
"components/chat-shell.tsx","763","763","函数@763","函数","实现 匿名逻辑 的调用与控制流程"
"components/chat-shell.tsx","779","791","函数@779","函数","实现 匿名逻辑 的调用与控制流程"
"components/chat-shell.tsx","780","791","函数@780","函数","实现 匿名逻辑 的调用与控制流程"
"components/chat-shell.tsx","783","783","函数@783","函数","实现 匿名逻辑 的调用与控制流程"
"components/chat-shell.tsx","802","857","函数@802","函数","实现 匿名逻辑 的调用与控制流程"
"components/chat-shell.tsx","815","828","函数@815","函数","实现 匿名逻辑 的调用与控制流程"
"components/chat-shell.tsx","816","828","函数@816","函数","实现 匿名逻辑 的调用与控制流程"
"components/chat-shell.tsx","820","823","函数@820","函数","实现 匿名逻辑 的调用与控制流程"
"components/chat-shell.tsx","831","841","函数@831","函数","实现 匿名逻辑 的调用与控制流程"
"components/chat-shell.tsx","840","840","函数@840","函数","实现 匿名逻辑 的调用与控制流程"
"components/chat-shell.tsx","861","876","函数@861","函数","实现 匿名逻辑 的调用与控制流程"
"components/chat-shell.tsx","878","893","函数@878","函数","实现 匿名逻辑 的调用与控制流程"
"components/chat-shell.tsx","895","901","函数@895","函数","实现 匿名逻辑 的调用与控制流程"
"components/chat-shell.tsx","896","899","函数@896","函数","实现 匿名逻辑 的调用与控制流程"
"components/chat-shell.tsx","898","898","函数@898","函数","实现 匿名逻辑 的调用与控制流程"
"components/chat-shell.tsx","904","915","函数@904","函数","实现 匿名逻辑 的调用与控制流程"
"components/chat-shell.tsx","905","905","函数@905","函数","实现 匿名逻辑 的调用与控制流程"
"components/chat-shell.tsx","906","914","函数@906","函数","实现 匿名逻辑 的调用与控制流程"
"components/chat-shell.tsx","908","908","函数@908","函数","实现 匿名逻辑 的调用与控制流程"
"components/chat-shell.tsx","910","910","函数@910","函数","实现 匿名逻辑 的调用与控制流程"
"components/chat-shell.tsx","919","921","函数@919","函数","实现 匿名逻辑 的调用与控制流程"
"components/chat-shell.tsx","923","928","函数@923","函数","实现 匿名逻辑 的调用与控制流程"
"components/chat-shell.tsx","924","925","函数@924","函数","实现 匿名逻辑 的调用与控制流程"
"components/chat-shell.tsx","930","933","函数@930","函数","实现 匿名逻辑 的调用与控制流程"
"components/chat-shell.tsx","936","940","函数@936","函数","实现 匿名逻辑 的调用与控制流程"
"components/chat-shell.tsx","938","938","函数@938","函数","实现 匿名逻辑 的调用与控制流程"
"components/chat-shell.tsx","944","949","函数@944","函数","实现 匿名逻辑 的调用与控制流程"
"components/chat-shell.tsx","945","946","函数@945","函数","实现 匿名逻辑 的调用与控制流程"
"components/chat-shell.tsx","952","986","函数@952","函数","实现 匿名逻辑 的调用与控制流程"
"components/chat-shell.tsx","953","953","函数@953","函数","实现 匿名逻辑 的调用与控制流程"
"components/chat-shell.tsx","954","954","函数@954","函数","实现 匿名逻辑 的调用与控制流程"
"components/chat-shell.tsx","996","1017","函数@996","函数","实现 匿名逻辑 的调用与控制流程"
"components/chat-shell.tsx","1004","1004","函数@1004","函数","实现 匿名逻辑 的调用与控制流程"
"components/chat-shell.tsx","1022","1050","函数@1022","函数","实现 匿名逻辑 的调用与控制流程"
"components/chat-shell.tsx","1041","1041","函数@1041","函数","实现 匿名逻辑 的调用与控制流程"
"components/chat-shell.tsx","1054","1066","函数@1054","函数","实现 匿名逻辑 的调用与控制流程"
"components/chat-shell.tsx","1069","1307","函数@1069","函数","实现 匿名逻辑 的调用与控制流程"
"components/chat-shell.tsx","1094","1108","函数@1094","函数","实现 匿名逻辑 的调用与控制流程"
"components/chat-shell.tsx","1095","1095","函数@1095","函数","实现 匿名逻辑 的调用与控制流程"
"components/chat-shell.tsx","1128","1128","函数@1128","函数","实现 匿名逻辑 的调用与控制流程"
"components/chat-shell.tsx","1136","1144","appendToAssistant","变量","保存或计算 appendToAssistant 所需的数据"
"components/chat-shell.tsx","1136","1144","函数@1136","函数","实现 匿名逻辑 的调用与控制流程"
"components/chat-shell.tsx","1137","1141","函数@1137","函数","实现 匿名逻辑 的调用与控制流程"
"components/chat-shell.tsx","1183","1197","函数@1183","函数","实现 匿名逻辑 的调用与控制流程"
"components/chat-shell.tsx","1184","1197","函数@1184","函数","实现 匿名逻辑 的调用与控制流程"
"components/chat-shell.tsx","1198","1211","函数@1198","函数","实现 匿名逻辑 的调用与控制流程"
"components/chat-shell.tsx","1206","1207","函数@1206","函数","实现 匿名逻辑 的调用与控制流程"
"components/chat-shell.tsx","1212","1225","函数@1212","函数","实现 匿名逻辑 的调用与控制流程"
"components/chat-shell.tsx","1220","1221","函数@1220","函数","实现 匿名逻辑 的调用与控制流程"
"components/chat-shell.tsx","1226","1239","函数@1226","函数","实现 匿名逻辑 的调用与控制流程"
"components/chat-shell.tsx","1240","1256","函数@1240","函数","实现 匿名逻辑 的调用与控制流程"
"components/chat-shell.tsx","1241","1254","函数@1241","函数","实现 匿名逻辑 的调用与控制流程"
"components/chat-shell.tsx","1248","1251","函数@1248","函数","实现 匿名逻辑 的调用与控制流程"
"components/chat-shell.tsx","1257","1267","函数@1257","函数","实现 匿名逻辑 的调用与控制流程"
"components/chat-shell.tsx","1259","1259","函数@1259","函数","实现 匿名逻辑 的调用与控制流程"
"components/chat-shell.tsx","1326","1412","函数@1326","函数","实现 匿名逻辑 的调用与控制流程"
"components/chat-shell.tsx","1354","1354","函数@1354","函数","实现 匿名逻辑 的调用与控制流程"
"components/chat-shell.tsx","1359","1359","函数@1359","函数","实现 匿名逻辑 的调用与控制流程"
"components/chat-shell.tsx","1366","1366","函数@1366","函数","实现 匿名逻辑 的调用与控制流程"
"components/chat-shell.tsx","1383","1383","函数@1383","函数","实现 匿名逻辑 的调用与控制流程"
"components/chat-shell.tsx","1393","1394","函数@1393","函数","实现 匿名逻辑 的调用与控制流程"
"components/chat-shell.tsx","1417","1441","函数@1417","函数","实现 匿名逻辑 的调用与控制流程"
"components/chat-shell.tsx","1427","1437","函数@1427","函数","实现 匿名逻辑 的调用与控制流程"
"components/chat-shell.tsx","1428","1436","函数@1428","函数","实现 匿名逻辑 的调用与控制流程"
"components/chat-shell.tsx","1451","1528","函数@1451","函数","实现 匿名逻辑 的调用与控制流程"
"components/chat-shell.tsx","1473","1474","函数@1473","函数","实现 匿名逻辑 的调用与控制流程"
"components/chat-shell.tsx","1474","1474","函数@1474","函数","实现 匿名逻辑 的调用与控制流程"
"components/chat-shell.tsx","1476","1480","函数@1476","函数","实现 匿名逻辑 的调用与控制流程"
"components/chat-shell.tsx","1477","1480","函数@1477","函数","实现 匿名逻辑 的调用与控制流程"
"components/chat-shell.tsx","1479","1479","函数@1479","函数","实现 匿名逻辑 的调用与控制流程"
"components/chat-shell.tsx","1503","1503","函数@1503","函数","实现 匿名逻辑 的调用与控制流程"
"components/chat-shell.tsx","1537","1571","函数@1537","函数","实现 匿名逻辑 的调用与控制流程"
"components/chat-shell.tsx","1581","1590","函数@1581","函数","实现 匿名逻辑 的调用与控制流程"
"components/chat-shell.tsx","1592","1598","函数@1592","函数","实现 匿名逻辑 的调用与控制流程"
"components/chat-shell.tsx","1605","1611","函数@1605","函数","实现 匿名逻辑 的调用与控制流程"
"components/chat-shell.tsx","1607","1609","函数@1607","函数","实现 匿名逻辑 的调用与控制流程"
"components/chat-shell.tsx","1610","1610","函数@1610","函数","实现 匿名逻辑 的调用与控制流程"
"components/chat-shell.tsx","1616","1629","函数@1616","函数","实现 匿名逻辑 的调用与控制流程"
"components/chat-shell.tsx","1623","1623","函数@1623","函数","实现 匿名逻辑 的调用与控制流程"
"components/chat-shell.tsx","1637","1643","函数@1637","函数","实现 匿名逻辑 的调用与控制流程"
"components/chat-shell.tsx","1646","1655","函数@1646","函数","实现 匿名逻辑 的调用与控制流程"
"components/chat-shell.tsx","1660","1667","函数@1660","函数","实现 匿名逻辑 的调用与控制流程"
"components/chat-shell.tsx","1673","1673","函数@1673","函数","实现 匿名逻辑 的调用与控制流程"
"components/chat-shell.tsx","1697","1697","函数@1697","函数","实现 匿名逻辑 的调用与控制流程"
"components/chat-shell.tsx","1705","1706","函数@1705","函数","实现 匿名逻辑 的调用与控制流程"
"components/chat-shell.tsx","1720","1720","函数@1720","函数","实现 匿名逻辑 的调用与控制流程"
"components/chat-shell.tsx","1746","1746","函数@1746","函数","实现 匿名逻辑 的调用与控制流程"
"components/chat-shell.tsx","1800","1836","函数@1800","函数","实现 匿名逻辑 的调用与控制流程"
"components/chat-shell.tsx","1807","1807","函数@1807","函数","实现 匿名逻辑 的调用与控制流程"
"components/chat-shell.tsx","1819","1819","函数@1819","函数","实现 匿名逻辑 的调用与控制流程"
"components/chat-shell.tsx","1828","1828","函数@1828","函数","实现 匿名逻辑 的调用与控制流程"
"components/chat-shell.tsx","1853","1946","函数@1853","函数","实现 匿名逻辑 的调用与控制流程"
"components/chat-shell.tsx","1873","1933","函数@1873","函数","实现 匿名逻辑 的调用与控制流程"
"components/chat-shell.tsx","1890","1890","函数@1890","函数","实现 匿名逻辑 的调用与控制流程"
"components/chat-shell.tsx","1907","1907","函数@1907","函数","实现 匿名逻辑 的调用与控制流程"
"components/chat-shell.tsx","1958","1972","函数@1958","函数","实现 匿名逻辑 的调用与控制流程"
"components/chat-shell.tsx","1962","1962","函数@1962","函数","实现 匿名逻辑 的调用与控制流程"
"components/chat-shell.tsx","1963","1963","函数@1963","函数","实现 匿名逻辑 的调用与控制流程"
"components/chat-shell.tsx","2021","2021","函数@2021","函数","实现 匿名逻辑 的调用与控制流程"
"components/chat-shell.tsx","2038","2038","函数@2038","函数","实现 匿名逻辑 的调用与控制流程"
"components/chat-shell.tsx","2103","2103","函数@2103","函数","实现 匿名逻辑 的调用与控制流程"
"components/chat-shell.tsx","2115","2122","函数@2115","函数","实现 匿名逻辑 的调用与控制流程"
"components/chat-shell.tsx","2120","2120","函数@2120","函数","实现 匿名逻辑 的调用与控制流程"
"components/chat-shell.tsx","2126","2129","函数@2126","函数","实现 匿名逻辑 的调用与控制流程"
"components/chat-shell.tsx","2127","2128","函数@2127","函数","实现 匿名逻辑 的调用与控制流程"
"components/chat-shell.tsx","2128","2128","函数@2128","函数","实现 匿名逻辑 的调用与控制流程"
"components/chat-shell.tsx","2154","2154","函数@2154","函数","实现 匿名逻辑 的调用与控制流程"
"components/chat-shell.tsx","2168","2168","函数@2168","函数","实现 匿名逻辑 的调用与控制流程"
"components/chat-shell.tsx","2169","2169","函数@2169","函数","实现 匿名逻辑 的调用与控制流程"
"components/chat-shell.tsx","2170","2170","函数@2170","函数","实现 匿名逻辑 的调用与控制流程"
"components/chat-shell.tsx","2176","2176","函数@2176","函数","实现 匿名逻辑 的调用与控制流程"
"components/chat-shell.tsx","2177","2177","函数@2177","函数","实现 匿名逻辑 的调用与控制流程"
"components/chat-shell.tsx","2178","2178","函数@2178","函数","实现 匿名逻辑 的调用与控制流程"
"components/chat-shell.tsx","2185","2185","函数@2185","函数","实现 匿名逻辑 的调用与控制流程"
"components/chat-shell.tsx","2193","2196","函数@2193","函数","实现 匿名逻辑 的调用与控制流程"
"components/chat-shell.tsx","2212","2212","函数@2212","函数","实现 匿名逻辑 的调用与控制流程"
"components/chat-shell.tsx","2220","2220","函数@2220","函数","实现 匿名逻辑 的调用与控制流程"
"components/desktop-connection-status.tsx","3","3","导入@3","导入","引入本文件依赖"
"components/desktop-connection-status.tsx","4","4","导入@4","导入","引入本文件依赖"
"components/desktop-connection-status.tsx","5","11","导入@5","导入","引入本文件依赖"
"components/desktop-connection-status.tsx","17","19","DesktopConnectionStatusProps","类型","定义 DesktopConnectionStatusProps 的数据契约"
"components/desktop-connection-status.tsx","21","41","labelForState","函数","实现 labelForState 的调用与控制流程"
"components/desktop-connection-status.tsx","43","59","capabilityText","函数","实现 capabilityText 的调用与控制流程"
"components/desktop-connection-status.tsx","45","53","labels","变量","保存或计算 labels 所需的数据"
"components/desktop-connection-status.tsx","57","57","函数@57","函数","实现 匿名逻辑 的调用与控制流程"
"components/desktop-connection-status.tsx","61","78","detailForState","函数","实现 detailForState 的调用与控制流程"
"components/desktop-connection-status.tsx","80","244","DesktopConnectionStatus","函数","实现 DesktopConnectionStatus 的调用与控制流程"
"components/desktop-connection-status.tsx","89","109","函数@89","函数","实现 匿名逻辑 的调用与控制流程"
"components/desktop-connection-status.tsx","91","91","函数@91","函数","实现 匿名逻辑 的调用与控制流程"
"components/desktop-connection-status.tsx","102","103","函数@102","函数","实现 匿名逻辑 的调用与控制流程"
"components/desktop-connection-status.tsx","111","128","函数@111","函数","实现 匿名逻辑 的调用与控制流程"
"components/desktop-connection-status.tsx","116","126","函数@116","函数","实现 匿名逻辑 的调用与控制流程"
"components/desktop-connection-status.tsx","117","125","函数@117","函数","实现 匿名逻辑 的调用与控制流程"
"components/desktop-connection-status.tsx","130","151","函数@130","函数","实现 匿名逻辑 的调用与控制流程"
"components/desktop-connection-status.tsx","135","144","函数@135","函数","实现 匿名逻辑 的调用与控制流程"
"components/desktop-connection-status.tsx","146","148","函数@146","函数","实现 匿名逻辑 的调用与控制流程"
"components/desktop-connection-status.tsx","150","150","函数@150","函数","实现 匿名逻辑 的调用与控制流程"
"components/desktop-connection-status.tsx","176","176","函数@176","函数","实现 匿名逻辑 的调用与控制流程"
"components/desktop-connection-status.tsx","188","188","函数@188","函数","实现 匿名逻辑 的调用与控制流程"
"components/desktop-connection-status.tsx","218","222","函数@218","函数","实现 匿名逻辑 的调用与控制流程"
"components/desktop-folder-bind-button.tsx","3","10","导入@3","导入","引入本文件依赖"
"components/desktop-folder-bind-button.tsx","11","11","导入@11","导入","引入本文件依赖"
"components/desktop-folder-bind-button.tsx","12","20","导入@12","导入","引入本文件依赖"
"components/desktop-folder-bind-button.tsx","22","25","DesktopFolderBindButtonProps","类型","定义 DesktopFolderBindButtonProps 的数据契约"
"components/desktop-folder-bind-button.tsx","27","27","NoticeKind","类型","定义 NoticeKind 的数据契约"
"components/desktop-folder-bind-button.tsx","29","33","ConnectorNotice","类型","定义 ConnectorNotice 的数据契约"
"components/desktop-folder-bind-button.tsx","35","41","noticeStyle","函数","实现 noticeStyle 的调用与控制流程"
"components/desktop-folder-bind-button.tsx","43","67","connectorUnavailableNotice","函数","实现 connectorUnavailableNotice 的调用与控制流程"
"components/desktop-folder-bind-button.tsx","69","223","DesktopFolderBindButton","函数","实现 DesktopFolderBindButton 的调用与控制流程"
"components/desktop-folder-bind-button.tsx","76","82","函数@76","函数","实现 匿名逻辑 的调用与控制流程"
"components/desktop-folder-bind-button.tsx","80","80","函数@80","函数","实现 匿名逻辑 的调用与控制流程"
"components/desktop-folder-bind-button.tsx","81","81","函数@81","函数","实现 匿名逻辑 的调用与控制流程"
"components/desktop-folder-bind-button.tsx","84","95","函数@84","函数","实现 匿名逻辑 的调用与控制流程"
"components/desktop-folder-bind-button.tsx","97","110","函数@97","函数","实现 匿名逻辑 的调用与控制流程"
"components/desktop-folder-bind-button.tsx","112","142","函数@112","函数","实现 匿名逻辑 的调用与控制流程"
"components/desktop-folder-bind-button.tsx","170","170","函数@170","函数","实现 匿名逻辑 的调用与控制流程"
"components/desktop-folder-bind-button.tsx","182","182","函数@182","函数","实现 匿名逻辑 的调用与控制流程"
"components/desktop-folder-bind-button.tsx","190","190","函数@190","函数","实现 匿名逻辑 的调用与控制流程"
"components/desktop-folder-bind-button.tsx","211","211","函数@211","函数","实现 匿名逻辑 的调用与控制流程"
"components/extension-connect-panel.tsx","3","3","导入@3","导入","引入本文件依赖"
"components/extension-connect-panel.tsx","4","4","导入@4","导入","引入本文件依赖"
"components/extension-connect-panel.tsx","5","5","导入@5","导入","引入本文件依赖"
"components/extension-connect-panel.tsx","7","10","SessionState","类型","定义 SessionState 的数据契约"
"components/extension-connect-panel.tsx","12","110","ExtensionConnectPanel","函数","实现 ExtensionConnectPanel 的调用与控制流程"
"components/extension-connect-panel.tsx","18","37","函数@18","函数","实现 匿名逻辑 的调用与控制流程"
"components/extension-connect-panel.tsx","19","36","函数@19","函数","实现 匿名逻辑 的调用与控制流程"
"components/extension-connect-panel.tsx","39","50","handleCopy","变量","保存或计算 handleCopy 所需的数据"
"components/extension-connect-panel.tsx","39","50","函数@39","函数","实现 匿名逻辑 的调用与控制流程"
"components/extension-connect-panel.tsx","94","94","函数@94","函数","实现 匿名逻辑 的调用与控制流程"
"components/icons.tsx","1","3","IconProps","类型","定义 IconProps 的数据契约"
"components/icons.tsx","5","23","MenuIcon","函数","实现 MenuIcon 的调用与控制流程"
"components/icons.tsx","25","43","CloseIcon","函数","实现 CloseIcon 的调用与控制流程"
"components/icons.tsx","45","63","PlusIcon","函数","实现 PlusIcon 的调用与控制流程"
"components/icons.tsx","65","83","SendIcon","函数","实现 SendIcon 的调用与控制流程"
"components/icons.tsx","85","97","StopIcon","函数","实现 StopIcon 的调用与控制流程"
"components/icons.tsx","99","117","MessageIcon","函数","实现 MessageIcon 的调用与控制流程"
"components/icons.tsx","119","137","PaperclipIcon","函数","实现 PaperclipIcon 的调用与控制流程"
"components/icons.tsx","139","153","ChevronDownIcon","函数","实现 ChevronDownIcon 的调用与控制流程"
"components/icons.tsx","155","173","DocumentIcon","函数","实现 DocumentIcon 的调用与控制流程"
"components/icons.tsx","175","193","ImageIcon","函数","实现 ImageIcon 的调用与控制流程"
"components/icons.tsx","195","213","TrashIcon","函数","实现 TrashIcon 的调用与控制流程"
"components/icons.tsx","215","233","ExportIcon","函数","实现 ExportIcon 的调用与控制流程"
"components/literature-create-folder-modal.tsx","3","3","导入@3","导入","引入本文件依赖"
"components/literature-create-folder-modal.tsx","4","7","导入@4","导入","引入本文件依赖"
"components/literature-create-folder-modal.tsx","8","8","导入@8","导入","引入本文件依赖"
"components/literature-create-folder-modal.tsx","10","18","LiteratureCreateFolderModalProps","类型","定义 LiteratureCreateFolderModalProps 的数据契约"
"components/literature-create-folder-modal.tsx","20","148","LiteratureCreateFolderModal","函数","实现 LiteratureCreateFolderModal 的调用与控制流程"
"components/literature-create-folder-modal.tsx","31","40","函数@31","函数","实现 匿名逻辑 的调用与控制流程"
"components/literature-create-folder-modal.tsx","32","36","handleKeyDown","变量","保存或计算 handleKeyDown 所需的数据"
"components/literature-create-folder-modal.tsx","32","36","函数@32","函数","实现 匿名逻辑 的调用与控制流程"
"components/literature-create-folder-modal.tsx","39","39","函数@39","函数","实现 匿名逻辑 的调用与控制流程"
"components/literature-create-folder-modal.tsx","44","66","handleCreate","变量","保存或计算 handleCreate 所需的数据"
"components/literature-create-folder-modal.tsx","44","66","函数@44","函数","实现 匿名逻辑 的调用与控制流程"
"components/literature-create-folder-modal.tsx","85","85","函数@85","函数","实现 匿名逻辑 的调用与控制流程"
"components/literature-create-folder-modal.tsx","96","96","函数@96","函数","实现 匿名逻辑 的调用与控制流程"
"components/literature-create-folder-modal.tsx","100","104","函数@100","函数","实现 匿名逻辑 的调用与控制流程"
"components/literature-create-folder-modal.tsx","112","112","函数@112","函数","实现 匿名逻辑 的调用与控制流程"
"components/literature-create-folder-modal.tsx","137","139","函数@137","函数","实现 匿名逻辑 的调用与控制流程"
"components/literature-debug-panel.tsx","3","3","导入@3","导入","引入本文件依赖"
"components/literature-debug-panel.tsx","4","8","导入@4","导入","引入本文件依赖"
"components/literature-debug-panel.tsx","10","12","DebugDivider","函数","实现 DebugDivider 的调用与控制流程"
"components/literature-debug-panel.tsx","14","21","DebugRow","函数","实现 DebugRow 的调用与控制流程"
"components/literature-debug-panel.tsx","23","25","formatScore","函数","实现 formatScore 的调用与控制流程"
"components/literature-debug-panel.tsx","27","82","LiteratureSearchDebugSummary","函数","实现 LiteratureSearchDebugSummary 的调用与控制流程"
"components/literature-debug-panel.tsx","74","74","函数@74","函数","实现 匿名逻辑 的调用与控制流程"
"components/literature-debug-panel.tsx","84","156","LiteraturePaperDebugPanel","函数","实现 LiteraturePaperDebugPanel 的调用与控制流程"
"components/literature-debug-panel.tsx","95","95","函数@95","函数","实现 匿名逻辑 的调用与控制流程"
"components/literature-keyword-highlight.tsx","1","1","导入@1","导入","引入本文件依赖"
"components/literature-keyword-highlight.tsx","2","2","导入@2","导入","引入本文件依赖"
"components/literature-keyword-highlight.tsx","4","7","LiteratureKeywordHighlightProps","类型","定义 LiteratureKeywordHighlightProps 的数据契约"
"components/literature-keyword-highlight.tsx","9","48","buildLiteratureKeywordSnippet","函数","实现 buildLiteratureKeywordSnippet 的调用与控制流程"
"components/literature-keyword-highlight.tsx","50","89","LiteratureKeywordHighlight","函数","实现 LiteratureKeywordHighlight 的调用与控制流程"
"components/literature-keyword-highlight.tsx","84","86","函数@84","函数","实现 匿名逻辑 的调用与控制流程"
"components/literature-library-shell.tsx","3","3","导入@3","导入","引入本文件依赖"
"components/literature-library-shell.tsx","4","4","导入@4","导入","引入本文件依赖"
"components/literature-library-shell.tsx","5","5","导入@5","导入","引入本文件依赖"
"components/literature-library-shell.tsx","6","6","导入@6","导入","引入本文件依赖"
"components/literature-library-shell.tsx","7","16","导入@7","导入","引入本文件依赖"
"components/literature-library-shell.tsx","17","23","导入@17","导入","引入本文件依赖"
"components/literature-library-shell.tsx","24","24","导入@24","导入","引入本文件依赖"
"components/literature-library-shell.tsx","25","29","导入@25","导入","引入本文件依赖"
"components/literature-library-shell.tsx","31","38","DEFAULT_FILTERS","变量","保存或计算 DEFAULT_FILTERS 所需的数据"
"components/literature-library-shell.tsx","40","565","LiteratureLibraryShell","函数","实现 LiteratureLibraryShell 的调用与控制流程"
"components/literature-library-shell.tsx","53","84","函数@53","函数","实现 匿名逻辑 的调用与控制流程"
"components/literature-library-shell.tsx","56","79","函数@56","函数","实现 匿名逻辑 的调用与控制流程"
"components/literature-library-shell.tsx","81","83","函数@81","函数","实现 匿名逻辑 的调用与控制流程"
"components/literature-library-shell.tsx","87","104","函数@87","函数","实现 匿名逻辑 的调用与控制流程"
"components/literature-library-shell.tsx","89","103","函数@89","函数","实现 匿名逻辑 的调用与控制流程"
"components/literature-library-shell.tsx","90","91","函数@90","函数","实现 匿名逻辑 的调用与控制流程"
"components/literature-library-shell.tsx","95","95","函数@95","函数","实现 匿名逻辑 的调用与控制流程"
"components/literature-library-shell.tsx","99","99","函数@99","函数","实现 匿名逻辑 的调用与控制流程"
"components/literature-library-shell.tsx","109","121","函数@109","函数","实现 匿名逻辑 的调用与控制流程"
"components/literature-library-shell.tsx","110","120","函数@110","函数","实现 匿名逻辑 的调用与控制流程"
"components/literature-library-shell.tsx","111","112","函数@111","函数","实现 匿名逻辑 的调用与控制流程"
"components/literature-library-shell.tsx","116","116","函数@116","函数","实现 匿名逻辑 的调用与控制流程"
"components/literature-library-shell.tsx","125","131","setStatusTab","变量","保存或计算 setStatusTab 所需的数据"
"components/literature-library-shell.tsx","125","131","函数@125","函数","实现 匿名逻辑 的调用与控制流程"
"components/literature-library-shell.tsx","126","130","函数@126","函数","实现 匿名逻辑 的调用与控制流程"
"components/literature-library-shell.tsx","133","138","selectFolder","变量","保存或计算 selectFolder 所需的数据"
"components/literature-library-shell.tsx","133","138","函数@133","函数","实现 匿名逻辑 的调用与控制流程"
"components/literature-library-shell.tsx","134","137","函数@134","函数","实现 匿名逻辑 的调用与控制流程"
"components/literature-library-shell.tsx","140","160","handleCreateFolder","变量","保存或计算 handleCreateFolder 所需的数据"
"components/literature-library-shell.tsx","140","160","函数@140","函数","实现 匿名逻辑 的调用与控制流程"
"components/literature-library-shell.tsx","151","151","函数@151","函数","实现 匿名逻辑 的调用与控制流程"
"components/literature-library-shell.tsx","162","166","startEditingFolder","变量","保存或计算 startEditingFolder 所需的数据"
"components/literature-library-shell.tsx","162","166","函数@162","函数","实现 匿名逻辑 的调用与控制流程"
"components/literature-library-shell.tsx","168","171","cancelEditingFolder","变量","保存或计算 cancelEditingFolder 所需的数据"
"components/literature-library-shell.tsx","168","171","函数@168","函数","实现 匿名逻辑 的调用与控制流程"
"components/literature-library-shell.tsx","173","192","handleRenameFolder","变量","保存或计算 handleRenameFolder 所需的数据"
"components/literature-library-shell.tsx","173","192","函数@173","函数","实现 匿名逻辑 的调用与控制流程"
"components/literature-library-shell.tsx","183","184","函数@183","函数","实现 匿名逻辑 的调用与控制流程"
"components/literature-library-shell.tsx","184","184","函数@184","函数","实现 匿名逻辑 的调用与控制流程"
"components/literature-library-shell.tsx","194","224","handleDeleteFolder","变量","保存或计算 handleDeleteFolder 所需的数据"
"components/literature-library-shell.tsx","194","224","函数@194","函数","实现 匿名逻辑 的调用与控制流程"
"components/literature-library-shell.tsx","203","203","函数@203","函数","实现 匿名逻辑 的调用与控制流程"
"components/literature-library-shell.tsx","203","203","函数@203","函数","实现 匿名逻辑 的调用与控制流程"
"components/literature-library-shell.tsx","206","206","函数@206","函数","实现 匿名逻辑 的调用与控制流程"
"components/literature-library-shell.tsx","208","212","函数@208","函数","实现 匿名逻辑 的调用与控制流程"
"components/literature-library-shell.tsx","209","212","函数@209","函数","实现 匿名逻辑 的调用与控制流程"
"components/literature-library-shell.tsx","211","211","函数@211","函数","实现 匿名逻辑 的调用与控制流程"
"components/literature-library-shell.tsx","226","235","handleDeletePaper","变量","保存或计算 handleDeletePaper 所需的数据"
"components/literature-library-shell.tsx","226","235","函数@226","函数","实现 匿名逻辑 的调用与控制流程"
"components/literature-library-shell.tsx","231","231","函数@231","函数","实现 匿名逻辑 的调用与控制流程"
"components/literature-library-shell.tsx","231","231","函数@231","函数","实现 匿名逻辑 的调用与控制流程"
"components/literature-library-shell.tsx","238","241","函数@238","函数","实现 匿名逻辑 的调用与控制流程"
"components/literature-library-shell.tsx","240","240","函数@240","函数","实现 匿名逻辑 的调用与控制流程"
"components/literature-library-shell.tsx","254","254","函数@254","函数","实现 匿名逻辑 的调用与控制流程"
"components/literature-library-shell.tsx","270","288","函数@270","函数","实现 匿名逻辑 的调用与控制流程"
"components/literature-library-shell.tsx","277","277","函数@277","函数","实现 匿名逻辑 的调用与控制流程"
"components/literature-library-shell.tsx","302","370","函数@302","函数","实现 匿名逻辑 的调用与控制流程"
"components/literature-library-shell.tsx","313","313","函数@313","函数","实现 匿名逻辑 的调用与控制流程"
"components/literature-library-shell.tsx","319","321","函数@319","函数","实现 匿名逻辑 的调用与控制流程"
"components/literature-library-shell.tsx","339","339","函数@339","函数","实现 匿名逻辑 的调用与控制流程"
"components/literature-library-shell.tsx","351","351","函数@351","函数","实现 匿名逻辑 的调用与控制流程"
"components/literature-library-shell.tsx","359","361","函数@359","函数","实现 匿名逻辑 的调用与控制流程"
"components/literature-library-shell.tsx","378","378","函数@378","函数","实现 匿名逻辑 的调用与控制流程"
"components/literature-library-shell.tsx","381","386","函数@381","函数","实现 匿名逻辑 的调用与控制流程"
"components/literature-library-shell.tsx","391","393","函数@391","函数","实现 匿名逻辑 的调用与控制流程"
"components/literature-library-shell.tsx","432","433","函数@432","函数","实现 匿名逻辑 的调用与控制流程"
"components/literature-library-shell.tsx","433","433","函数@433","函数","实现 匿名逻辑 的调用与控制流程"
"components/literature-library-shell.tsx","451","452","函数@451","函数","实现 匿名逻辑 的调用与控制流程"
"components/literature-library-shell.tsx","452","452","函数@452","函数","实现 匿名逻辑 的调用与控制流程"
"components/literature-library-shell.tsx","456","460","函数@456","函数","实现 匿名逻辑 的调用与控制流程"
"components/literature-library-shell.tsx","474","478","函数@474","函数","实现 匿名逻辑 的调用与控制流程"
"components/literature-library-shell.tsx","475","478","函数@475","函数","实现 匿名逻辑 的调用与控制流程"
"components/literature-library-shell.tsx","483","487","函数@483","函数","实现 匿名逻辑 的调用与控制流程"
"components/literature-library-shell.tsx","501","505","函数@501","函数","实现 匿名逻辑 的调用与控制流程"
"components/literature-library-shell.tsx","502","505","函数@502","函数","实现 匿名逻辑 的调用与控制流程"
"components/literature-library-shell.tsx","509","513","函数@509","函数","实现 匿名逻辑 的调用与控制流程"
"components/literature-library-shell.tsx","538","549","函数@538","函数","实现 匿名逻辑 的调用与控制流程"
"components/literature-library-shell.tsx","559","559","函数@559","函数","实现 匿名逻辑 的调用与控制流程"
"components/literature-library-upload-modal.tsx","3","3","导入@3","导入","引入本文件依赖"
"components/literature-library-upload-modal.tsx","4","7","导入@4","导入","引入本文件依赖"
"components/literature-library-upload-modal.tsx","8","8","导入@8","导入","引入本文件依赖"
"components/literature-library-upload-modal.tsx","10","15","LiteratureLibraryUploadModalProps","类型","定义 LiteratureLibraryUploadModalProps 的数据契约"
"components/literature-library-upload-modal.tsx","17","172","LiteratureLibraryUploadModal","函数","实现 LiteratureLibraryUploadModal 的调用与控制流程"
"components/literature-library-upload-modal.tsx","29","29","函数@29","函数","实现 匿名逻辑 的调用与控制流程"
"components/literature-library-upload-modal.tsx","31","37","toggleFolder","变量","保存或计算 toggleFolder 所需的数据"
"components/literature-library-upload-modal.tsx","31","37","函数@31","函数","实现 匿名逻辑 的调用与控制流程"
"components/literature-library-upload-modal.tsx","32","35","函数@32","函数","实现 匿名逻辑 的调用与控制流程"
"components/literature-library-upload-modal.tsx","34","34","函数@34","函数","实现 匿名逻辑 的调用与控制流程"
"components/literature-library-upload-modal.tsx","39","61","handleUpload","变量","保存或计算 handleUpload 所需的数据"
"components/literature-library-upload-modal.tsx","39","61","函数@39","函数","实现 匿名逻辑 的调用与控制流程"
"components/literature-library-upload-modal.tsx","103","118","函数@103","函数","实现 匿名逻辑 的调用与控制流程"
"components/literature-library-upload-modal.tsx","110","110","函数@110","函数","实现 匿名逻辑 的调用与控制流程"
"components/literature-library-upload-modal.tsx","135","136","函数@135","函数","实现 匿名逻辑 的调用与控制流程"
"components/literature-library-upload-modal.tsx","161","163","函数@161","函数","实现 匿名逻辑 的调用与控制流程"
"components/literature-paper-card.tsx","3","3","导入@3","导入","引入本文件依赖"
"components/literature-paper-card.tsx","4","4","导入@4","导入","引入本文件依赖"
"components/literature-paper-card.tsx","5","8","导入@5","导入","引入本文件依赖"
"components/literature-paper-card.tsx","9","9","导入@9","导入","引入本文件依赖"
"components/literature-paper-card.tsx","10","10","导入@10","导入","引入本文件依赖"
"components/literature-paper-card.tsx","11","11","导入@11","导入","引入本文件依赖"
"components/literature-paper-card.tsx","12","15","导入@12","导入","引入本文件依赖"
"components/literature-paper-card.tsx","16","19","导入@16","导入","引入本文件依赖"
"components/literature-paper-card.tsx","20","20","导入@20","导入","引入本文件依赖"
"components/literature-paper-card.tsx","21","21","导入@21","导入","引入本文件依赖"
"components/literature-paper-card.tsx","22","22","导入@22","导入","引入本文件依赖"
"components/literature-paper-card.tsx","23","27","导入@23","导入","引入本文件依赖"
"components/literature-paper-card.tsx","29","45","LiteraturePaperCardProps","类型","定义 LiteraturePaperCardProps 的数据契约"
"components/literature-paper-card.tsx","47","463","LiteraturePaperCard","函数","实现 LiteraturePaperCard 的调用与控制流程"
"components/literature-paper-card.tsx","67","67","函数@67","函数","实现 匿名逻辑 的调用与控制流程"
"components/literature-paper-card.tsx","67","67","函数@67","函数","实现 匿名逻辑 的调用与控制流程"
"components/literature-paper-card.tsx","71","75","函数@71","函数","实现 匿名逻辑 的调用与控制流程"
"components/literature-paper-card.tsx","82","93","providerBadgeClassName","变量","保存或计算 providerBadgeClassName 所需的数据"
"components/literature-paper-card.tsx","82","93","函数@82","函数","实现 匿名逻辑 的调用与控制流程"
"components/literature-paper-card.tsx","95","102","handleStatus","变量","保存或计算 handleStatus 所需的数据"
"components/literature-paper-card.tsx","95","102","函数@95","函数","实现 匿名逻辑 的调用与控制流程"
"components/literature-paper-card.tsx","104","115","handleDelete","变量","保存或计算 handleDelete 所需的数据"
"components/literature-paper-card.tsx","104","115","函数@104","函数","实现 匿名逻辑 的调用与控制流程"
"components/literature-paper-card.tsx","117","127","handleFolderConfirm","变量","保存或计算 handleFolderConfirm 所需的数据"
"components/literature-paper-card.tsx","117","127","函数@117","函数","实现 匿名逻辑 的调用与控制流程"
"components/literature-paper-card.tsx","129","133","handleFolderPdfUpload","变量","保存或计算 handleFolderPdfUpload 所需的数据"
"components/literature-paper-card.tsx","129","133","函数@129","函数","实现 匿名逻辑 的调用与控制流程"
"components/literature-paper-card.tsx","189","196","函数@189","函数","实现 匿名逻辑 的调用与控制流程"
"components/literature-paper-card.tsx","205","219","函数@205","函数","实现 匿名逻辑 的调用与控制流程"
"components/literature-paper-card.tsx","331","331","函数@331","函数","实现 匿名逻辑 的调用与控制流程"
"components/literature-paper-card.tsx","331","331","函数@331","函数","实现 匿名逻辑 的调用与控制流程"
"components/literature-paper-card.tsx","353","353","函数@353","函数","实现 匿名逻辑 的调用与控制流程"
"components/literature-paper-card.tsx","361","363","函数@361","函数","实现 匿名逻辑 的调用与控制流程"
"components/literature-paper-card.tsx","371","373","函数@371","函数","实现 匿名逻辑 的调用与控制流程"
"components/literature-paper-card.tsx","384","386","函数@384","函数","实现 匿名逻辑 的调用与控制流程"
"components/literature-paper-card.tsx","395","397","函数@395","函数","实现 匿名逻辑 的调用与控制流程"
"components/literature-paper-card.tsx","407","409","函数@407","函数","实现 匿名逻辑 的调用与控制流程"
"components/literature-paper-card.tsx","419","421","函数@419","函数","实现 匿名逻辑 的调用与控制流程"
"components/literature-paper-card.tsx","429","429","函数@429","函数","实现 匿名逻辑 的调用与控制流程"
"components/literature-paper-card.tsx","450","450","函数@450","函数","实现 匿名逻辑 的调用与控制流程"
"components/literature-paper-detail-shell.tsx","3","3","导入@3","导入","引入本文件依赖"
"components/literature-paper-detail-shell.tsx","4","4","导入@4","导入","引入本文件依赖"
"components/literature-paper-detail-shell.tsx","5","5","导入@5","导入","引入本文件依赖"
"components/literature-paper-detail-shell.tsx","6","6","导入@6","导入","引入本文件依赖"
"components/literature-paper-detail-shell.tsx","7","7","导入@7","导入","引入本文件依赖"
"components/literature-paper-detail-shell.tsx","8","19","导入@8","导入","引入本文件依赖"
"components/literature-paper-detail-shell.tsx","20","25","导入@20","导入","引入本文件依赖"
"components/literature-paper-detail-shell.tsx","26","36","导入@26","导入","引入本文件依赖"
"components/literature-paper-detail-shell.tsx","37","41","导入@37","导入","引入本文件依赖"
"components/literature-paper-detail-shell.tsx","42","49","导入@42","导入","引入本文件依赖"
"components/literature-paper-detail-shell.tsx","50","50","导入@50","导入","引入本文件依赖"
"components/literature-paper-detail-shell.tsx","51","54","导入@51","导入","引入本文件依赖"
"components/literature-paper-detail-shell.tsx","56","58","LiteraturePaperDetailShellProps","类型","定义 LiteraturePaperDetailShellProps 的数据契约"
"components/literature-paper-detail-shell.tsx","60","73","WorkspaceSection","函数","实现 WorkspaceSection 的调用与控制流程"
"components/literature-paper-detail-shell.tsx","75","84","InfoField","函数","实现 InfoField 的调用与控制流程"
"components/literature-paper-detail-shell.tsx","86","93","AnalysisField","函数","实现 AnalysisField 的调用与控制流程"
"components/literature-paper-detail-shell.tsx","95","110","ScoreRow","函数","实现 ScoreRow 的调用与控制流程"
"components/literature-paper-detail-shell.tsx","112","128","ExportButton","函数","实现 ExportButton 的调用与控制流程"
"components/literature-paper-detail-shell.tsx","130","181","CitationNetworkPaperList","函数","实现 CitationNetworkPaperList 的调用与控制流程"
"components/literature-paper-detail-shell.tsx","143","178","函数@143","函数","实现 匿名逻辑 的调用与控制流程"
"components/literature-paper-detail-shell.tsx","183","200","CitationCountCard","函数","实现 CitationCountCard 的调用与控制流程"
"components/literature-paper-detail-shell.tsx","202","1077","LiteraturePaperDetailShell","函数","实现 LiteraturePaperDetailShell 的调用与控制流程"
"components/literature-paper-detail-shell.tsx","233","233","函数@233","函数","实现 匿名逻辑 的调用与控制流程"
"components/literature-paper-detail-shell.tsx","233","233","函数@233","函数","实现 匿名逻辑 的调用与控制流程"
"components/literature-paper-detail-shell.tsx","237","268","函数@237","函数","实现 匿名逻辑 的调用与控制流程"
"components/literature-paper-detail-shell.tsx","240","263","函数@240","函数","实现 匿名逻辑 的调用与控制流程"
"components/literature-paper-detail-shell.tsx","265","267","函数@265","函数","实现 匿名逻辑 的调用与控制流程"
"components/literature-paper-detail-shell.tsx","270","300","函数@270","函数","实现 匿名逻辑 的调用与控制流程"
"components/literature-paper-detail-shell.tsx","273","295","函数@273","函数","实现 匿名逻辑 的调用与控制流程"
"components/literature-paper-detail-shell.tsx","297","299","函数@297","函数","实现 匿名逻辑 的调用与控制流程"
"components/literature-paper-detail-shell.tsx","302","329","函数@302","函数","实现 匿名逻辑 的调用与控制流程"
"components/literature-paper-detail-shell.tsx","310","324","函数@310","函数","实现 匿名逻辑 的调用与控制流程"
"components/literature-paper-detail-shell.tsx","326","328","函数@326","函数","实现 匿名逻辑 的调用与控制流程"
"components/literature-paper-detail-shell.tsx","331","357","函数@331","函数","实现 匿名逻辑 的调用与控制流程"
"components/literature-paper-detail-shell.tsx","340","350","函数@340","函数","实现 匿名逻辑 的调用与控制流程"
"components/literature-paper-detail-shell.tsx","343","346","函数@343","函数","实现 匿名逻辑 的调用与控制流程"
"components/literature-paper-detail-shell.tsx","347","349","函数@347","函数","实现 匿名逻辑 的调用与控制流程"
"components/literature-paper-detail-shell.tsx","352","356","函数@352","函数","实现 匿名逻辑 的调用与控制流程"
"components/literature-paper-detail-shell.tsx","360","380","函数@360","函数","实现 匿名逻辑 的调用与控制流程"
"components/literature-paper-detail-shell.tsx","385","393","函数@385","函数","实现 匿名逻辑 的调用与控制流程"
"components/literature-paper-detail-shell.tsx","398","405","函数@398","函数","实现 匿名逻辑 的调用与控制流程"
"components/literature-paper-detail-shell.tsx","404","404","函数@404","函数","实现 匿名逻辑 的调用与控制流程"
"components/literature-paper-detail-shell.tsx","409","430","handleRefreshWorkspace","变量","保存或计算 handleRefreshWorkspace 所需的数据"
"components/literature-paper-detail-shell.tsx","409","430","函数@409","函数","实现 匿名逻辑 的调用与控制流程"
"components/literature-paper-detail-shell.tsx","432","449","handleExtractFigures","变量","保存或计算 handleExtractFigures 所需的数据"
"components/literature-paper-detail-shell.tsx","432","449","函数@432","函数","实现 匿名逻辑 的调用与控制流程"
"components/literature-paper-detail-shell.tsx","451","459","downloadText","变量","保存或计算 downloadText 所需的数据"
"components/literature-paper-detail-shell.tsx","451","459","函数@451","函数","实现 匿名逻辑 的调用与控制流程"
"components/literature-paper-detail-shell.tsx","461","468","handleCopyCitation","变量","保存或计算 handleCopyCitation 所需的数据"
"components/literature-paper-detail-shell.tsx","461","468","函数@461","函数","实现 匿名逻辑 的调用与控制流程"
"components/literature-paper-detail-shell.tsx","485","485","函数@485","函数","实现 匿名逻辑 的调用与控制流程"
"components/literature-paper-detail-shell.tsx","487","487","函数@487","函数","实现 匿名逻辑 的调用与控制流程"
"components/literature-paper-detail-shell.tsx","579","586","函数@579","函数","实现 匿名逻辑 的调用与控制流程"
"components/literature-paper-detail-shell.tsx","682","684","函数@682","函数","实现 匿名逻辑 的调用与控制流程"
"components/literature-paper-detail-shell.tsx","710","753","函数@710","函数","实现 匿名逻辑 的调用与控制流程"
"components/literature-paper-detail-shell.tsx","768","770","函数@768","函数","实现 匿名逻辑 的调用与控制流程"
"components/literature-paper-detail-shell.tsx","814","816","函数@814","函数","实现 匿名逻辑 的调用与控制流程"
"components/literature-paper-detail-shell.tsx","851","851","函数@851","函数","实现 匿名逻辑 的调用与控制流程"
"components/literature-paper-detail-shell.tsx","858","858","函数@858","函数","实现 匿名逻辑 的调用与控制流程"
"components/literature-paper-detail-shell.tsx","871","885","函数@871","函数","实现 匿名逻辑 的调用与控制流程"
"components/literature-paper-detail-shell.tsx","905","908","函数@905","函数","实现 匿名逻辑 的调用与控制流程"
"components/literature-paper-detail-shell.tsx","924","940","函数@924","函数","实现 匿名逻辑 的调用与控制流程"
"components/literature-paper-detail-shell.tsx","929","931","函数@929","函数","实现 匿名逻辑 的调用与控制流程"
"components/literature-paper-detail-shell.tsx","950","957","函数@950","函数","实现 匿名逻辑 的调用与控制流程"
"components/literature-paper-detail-shell.tsx","961","968","函数@961","函数","实现 匿名逻辑 的调用与控制流程"
"components/literature-paper-detail-shell.tsx","972","974","函数@972","函数","实现 匿名逻辑 的调用与控制流程"
"components/literature-paper-detail-shell.tsx","978","985","函数@978","函数","实现 匿名逻辑 的调用与控制流程"
"components/literature-paper-detail-shell.tsx","1068","1068","函数@1068","函数","实现 匿名逻辑 的调用与控制流程"
"components/literature-paper-folder-selector.tsx","3","3","导入@3","导入","引入本文件依赖"
"components/literature-paper-folder-selector.tsx","4","4","导入@4","导入","引入本文件依赖"
"components/literature-paper-folder-selector.tsx","5","8","导入@5","导入","引入本文件依赖"
"components/literature-paper-folder-selector.tsx","9","12","导入@9","导入","引入本文件依赖"
"components/literature-paper-folder-selector.tsx","13","13","导入@13","导入","引入本文件依赖"
"components/literature-paper-folder-selector.tsx","15","26","LiteraturePaperFolderSelectorProps","类型","定义 LiteraturePaperFolderSelectorProps 的数据契约"
"components/literature-paper-folder-selector.tsx","28","284","LiteraturePaperFolderSelector","函数","实现 LiteraturePaperFolderSelector 的调用与控制流程"
"components/literature-paper-folder-selector.tsx","48","50","函数@48","函数","实现 匿名逻辑 的调用与控制流程"
"components/literature-paper-folder-selector.tsx","52","54","函数@52","函数","实现 匿名逻辑 的调用与控制流程"
"components/literature-paper-folder-selector.tsx","56","56","函数@56","函数","实现 匿名逻辑 的调用与控制流程"
"components/literature-paper-folder-selector.tsx","59","65","toggleFolder","变量","保存或计算 toggleFolder 所需的数据"
"components/literature-paper-folder-selector.tsx","59","65","函数@59","函数","实现 匿名逻辑 的调用与控制流程"
"components/literature-paper-folder-selector.tsx","60","63","函数@60","函数","实现 匿名逻辑 的调用与控制流程"
"components/literature-paper-folder-selector.tsx","62","62","函数@62","函数","实现 匿名逻辑 的调用与控制流程"
"components/literature-paper-folder-selector.tsx","67","72","refreshFolders","变量","保存或计算 refreshFolders 所需的数据"
"components/literature-paper-folder-selector.tsx","67","72","函数@67","函数","实现 匿名逻辑 的调用与控制流程"
"components/literature-paper-folder-selector.tsx","74","84","handleCreateFolder","变量","保存或计算 handleCreateFolder 所需的数据"
"components/literature-paper-folder-selector.tsx","74","84","函数@74","函数","实现 匿名逻辑 的调用与控制流程"
"components/literature-paper-folder-selector.tsx","81","82","函数@81","函数","实现 匿名逻辑 的调用与控制流程"
"components/literature-paper-folder-selector.tsx","86","93","validateFolderSelection","变量","保存或计算 validateFolderSelection 所需的数据"
"components/literature-paper-folder-selector.tsx","86","93","函数@86","函数","实现 匿名逻辑 的调用与控制流程"
"components/literature-paper-folder-selector.tsx","95","111","handleConfirm","变量","保存或计算 handleConfirm 所需的数据"
"components/literature-paper-folder-selector.tsx","95","111","函数@95","函数","实现 匿名逻辑 的调用与控制流程"
"components/literature-paper-folder-selector.tsx","113","134","handleUploadPdf","变量","保存或计算 handleUploadPdf 所需的数据"
"components/literature-paper-folder-selector.tsx","113","134","函数@113","函数","实现 匿名逻辑 的调用与控制流程"
"components/literature-paper-folder-selector.tsx","167","167","函数@167","函数","实现 匿名逻辑 的调用与控制流程"
"components/literature-paper-folder-selector.tsx","181","203","函数@181","函数","实现 匿名逻辑 的调用与控制流程"
"components/literature-paper-folder-selector.tsx","188","188","函数@188","函数","实现 匿名逻辑 的调用与控制流程"
"components/literature-paper-folder-selector.tsx","226","227","函数@226","函数","实现 匿名逻辑 的调用与控制流程"
"components/literature-paper-folder-selector.tsx","234","236","函数@234","函数","实现 匿名逻辑 的调用与控制流程"
"components/literature-paper-folder-selector.tsx","264","266","函数@264","函数","实现 匿名逻辑 的调用与控制流程"
"components/literature-paper-folder-selector.tsx","278","278","函数@278","函数","实现 匿名逻辑 的调用与控制流程"
"components/literature-paper-reading-shell.tsx","3","3","导入@3","导入","引入本文件依赖"
"components/literature-paper-reading-shell.tsx","4","4","导入@4","导入","引入本文件依赖"
"components/literature-paper-reading-shell.tsx","5","5","导入@5","导入","引入本文件依赖"
"components/literature-paper-reading-shell.tsx","6","6","导入@6","导入","引入本文件依赖"
"components/literature-paper-reading-shell.tsx","7","7","导入@7","导入","引入本文件依赖"
"components/literature-paper-reading-shell.tsx","8","8","导入@8","导入","引入本文件依赖"
"components/literature-paper-reading-shell.tsx","9","14","导入@9","导入","引入本文件依赖"
"components/literature-paper-reading-shell.tsx","15","20","导入@15","导入","引入本文件依赖"
"components/literature-paper-reading-shell.tsx","22","22","ReadingStage","类型","定义 ReadingStage 的数据契约"
"components/literature-paper-reading-shell.tsx","31","42","CHART_TYPE_LABELS","变量","保存或计算 CHART_TYPE_LABELS 所需的数据"
"components/literature-paper-reading-shell.tsx","44","50","DATA_STATUS_LABELS","变量","保存或计算 DATA_STATUS_LABELS 所需的数据"
"components/literature-paper-reading-shell.tsx","52","56","STRENGTH_LABELS","变量","保存或计算 STRENGTH_LABELS 所需的数据"
"components/literature-paper-reading-shell.tsx","58","74","Panel","函数","实现 Panel 的调用与控制流程"
"components/literature-paper-reading-shell.tsx","76","85","AnalysisBlock","函数","实现 AnalysisBlock 的调用与控制流程"
"components/literature-paper-reading-shell.tsx","87","119","DataPreview","函数","实现 DataPreview 的调用与控制流程"
"components/literature-paper-reading-shell.tsx","98","98","函数@98","函数","实现 匿名逻辑 的调用与控制流程"
"components/literature-paper-reading-shell.tsx","101","116","函数@101","函数","实现 匿名逻辑 的调用与控制流程"
"components/literature-paper-reading-shell.tsx","121","171","buildReadingMarkdown","函数","实现 buildReadingMarkdown 的调用与控制流程"
"components/literature-paper-reading-shell.tsx","133","133","函数@133","函数","实现 匿名逻辑 的调用与控制流程"
"components/literature-paper-reading-shell.tsx","135","143","函数@135","函数","实现 匿名逻辑 的调用与控制流程"
"components/literature-paper-reading-shell.tsx","145","152","函数@145","函数","实现 匿名逻辑 的调用与控制流程"
"components/literature-paper-reading-shell.tsx","154","154","函数@154","函数","实现 匿名逻辑 的调用与控制流程"
"components/literature-paper-reading-shell.tsx","159","159","函数@159","函数","实现 匿名逻辑 的调用与控制流程"
"components/literature-paper-reading-shell.tsx","161","168","函数@161","函数","实现 匿名逻辑 的调用与控制流程"
"components/literature-paper-reading-shell.tsx","173","199","buildPresentationOutline","函数","实现 buildPresentationOutline 的调用与控制流程"
"components/literature-paper-reading-shell.tsx","184","184","函数@184","函数","实现 匿名逻辑 的调用与控制流程"
"components/literature-paper-reading-shell.tsx","185","186","函数@185","函数","实现 匿名逻辑 的调用与控制流程"
"components/literature-paper-reading-shell.tsx","188","189","函数@188","函数","实现 匿名逻辑 的调用与控制流程"
"components/literature-paper-reading-shell.tsx","191","192","函数@191","函数","实现 匿名逻辑 的调用与控制流程"
"components/literature-paper-reading-shell.tsx","194","194","函数@194","函数","实现 匿名逻辑 的调用与控制流程"
"components/literature-paper-reading-shell.tsx","196","196","函数@196","函数","实现 匿名逻辑 的调用与控制流程"
"components/literature-paper-reading-shell.tsx","201","520","LiteraturePaperReadingShell","函数","实现 LiteraturePaperReadingShell 的调用与控制流程"
"components/literature-paper-reading-shell.tsx","214","239","函数@214","函数","实现 匿名逻辑 的调用与控制流程"
"components/literature-paper-reading-shell.tsx","217","227","函数@217","函数","实现 匿名逻辑 的调用与控制流程"
"components/literature-paper-reading-shell.tsx","228","232","函数@228","函数","实现 匿名逻辑 的调用与控制流程"
"components/literature-paper-reading-shell.tsx","233","235","函数@233","函数","实现 匿名逻辑 的调用与控制流程"
"components/literature-paper-reading-shell.tsx","236","238","函数@236","函数","实现 匿名逻辑 的调用与控制流程"
"components/literature-paper-reading-shell.tsx","242","242","函数@242","函数","实现 匿名逻辑 的调用与控制流程"
"components/literature-paper-reading-shell.tsx","242","242","函数@242","函数","实现 匿名逻辑 的调用与控制流程"
"components/literature-paper-reading-shell.tsx","250","287","runFullReading","变量","保存或计算 runFullReading 所需的数据"
"components/literature-paper-reading-shell.tsx","250","287","函数@250","函数","实现 匿名逻辑 的调用与控制流程"
"components/literature-paper-reading-shell.tsx","268","268","函数@268","函数","实现 匿名逻辑 的调用与控制流程"
"components/literature-paper-reading-shell.tsx","289","302","retryFigureExtraction","变量","保存或计算 retryFigureExtraction 所需的数据"
"components/literature-paper-reading-shell.tsx","289","302","函数@289","函数","实现 匿名逻辑 的调用与控制流程"
"components/literature-paper-reading-shell.tsx","304","321","exportPdf","变量","保存或计算 exportPdf 所需的数据"
"components/literature-paper-reading-shell.tsx","304","321","函数@304","函数","实现 匿名逻辑 的调用与控制流程"
"components/literature-paper-reading-shell.tsx","323","336","openPptWorkspace","变量","保存或计算 openPptWorkspace 所需的数据"
"components/literature-paper-reading-shell.tsx","323","336","函数@323","函数","实现 匿名逻辑 的调用与控制流程"
"components/literature-paper-reading-shell.tsx","356","378","函数@356","函数","实现 匿名逻辑 的调用与控制流程"
"components/literature-paper-reading-shell.tsx","364","364","函数@364","函数","实现 匿名逻辑 的调用与控制流程"
"components/literature-paper-reading-shell.tsx","406","406","函数@406","函数","实现 匿名逻辑 的调用与控制流程"
"components/literature-paper-reading-shell.tsx","440","445","函数@440","函数","实现 匿名逻辑 的调用与控制流程"
"components/literature-paper-reading-shell.tsx","450","461","函数@450","函数","实现 匿名逻辑 的调用与控制流程"
"components/literature-paper-reading-shell.tsx","464","464","函数@464","函数","实现 匿名逻辑 的调用与控制流程"
"components/literature-paper-reading-shell.tsx","470","483","函数@470","函数","实现 匿名逻辑 的调用与控制流程"
"components/literature-paper-reading-shell.tsx","487","487","函数@487","函数","实现 匿名逻辑 的调用与控制流程"
"components/literature-paper-reading-shell.tsx","488","488","函数@488","函数","实现 匿名逻辑 的调用与控制流程"
"components/literature-paper-reading-shell.tsx","492","500","函数@492","函数","实现 匿名逻辑 的调用与控制流程"
"components/literature-paper-reading-shell.tsx","503","503","函数@503","函数","实现 匿名逻辑 的调用与控制流程"
"components/literature-paper-reading-shell.tsx","513","513","函数@513","函数","实现 匿名逻辑 的调用与控制流程"
"components/literature-reading-library-shell.tsx","3","3","导入@3","导入","引入本文件依赖"
"components/literature-reading-library-shell.tsx","4","4","导入@4","导入","引入本文件依赖"
"components/literature-reading-library-shell.tsx","5","5","导入@5","导入","引入本文件依赖"
"components/literature-reading-library-shell.tsx","6","6","导入@6","导入","引入本文件依赖"
"components/literature-reading-library-shell.tsx","7","7","导入@7","导入","引入本文件依赖"
"components/literature-reading-library-shell.tsx","9","16","ALL_LIBRARY_FILTERS","变量","保存或计算 ALL_LIBRARY_FILTERS 所需的数据"
"components/literature-reading-library-shell.tsx","18","70","PaperChoice","函数","实现 PaperChoice 的调用与控制流程"
"components/literature-reading-library-shell.tsx","72","175","LiteratureReadingLibraryShell","函数","实现 LiteratureReadingLibraryShell 的调用与控制流程"
"components/literature-reading-library-shell.tsx","78","97","函数@78","函数","实现 匿名逻辑 的调用与控制流程"
"components/literature-reading-library-shell.tsx","82","84","函数@82","函数","实现 匿名逻辑 的调用与控制流程"
"components/literature-reading-library-shell.tsx","85","89","函数@85","函数","实现 匿名逻辑 的调用与控制流程"
"components/literature-reading-library-shell.tsx","90","92","函数@90","函数","实现 匿名逻辑 的调用与控制流程"
"components/literature-reading-library-shell.tsx","94","96","函数@94","函数","实现 匿名逻辑 的调用与控制流程"
"components/literature-reading-library-shell.tsx","99","115","函数@99","函数","实现 匿名逻辑 的调用与控制流程"
"components/literature-reading-library-shell.tsx","102","106","函数@102","函数","实现 匿名逻辑 的调用与控制流程"
"components/literature-reading-library-shell.tsx","110","114","函数@110","函数","实现 匿名逻辑 的调用与控制流程"
"components/literature-reading-library-shell.tsx","117","117","函数@117","函数","实现 匿名逻辑 的调用与控制流程"
"components/literature-reading-library-shell.tsx","146","146","函数@146","函数","实现 匿名逻辑 的调用与控制流程"
"components/literature-reading-library-shell.tsx","167","169","函数@167","函数","实现 匿名逻辑 的调用与控制流程"
"components/literature-review-shell.tsx","3","3","导入@3","导入","引入本文件依赖"
"components/literature-review-shell.tsx","4","4","导入@4","导入","引入本文件依赖"
"components/literature-review-shell.tsx","5","5","导入@5","导入","引入本文件依赖"
"components/literature-review-shell.tsx","6","13","导入@6","导入","引入本文件依赖"
"components/literature-review-shell.tsx","14","23","导入@14","导入","引入本文件依赖"
"components/literature-review-shell.tsx","24","32","导入@24","导入","引入本文件依赖"
"components/literature-review-shell.tsx","33","36","导入@33","导入","引入本文件依赖"
"components/literature-review-shell.tsx","37","40","导入@37","导入","引入本文件依赖"
"components/literature-review-shell.tsx","41","41","导入@41","导入","引入本文件依赖"
"components/literature-review-shell.tsx","55","58","EditableMatrixField","类型","定义 EditableMatrixField 的数据契约"
"components/literature-review-shell.tsx","60","62","FieldLabel","函数","实现 FieldLabel 的调用与控制流程"
"components/literature-review-shell.tsx","64","66","isAbortError","函数","实现 isAbortError 的调用与控制流程"
"components/literature-review-shell.tsx","68","75","AnalysisProgress","类型","定义 AnalysisProgress 的数据契约"
"components/literature-review-shell.tsx","77","1544","LiteratureReviewShell","函数","实现 LiteratureReviewShell 的调用与控制流程"
"components/literature-review-shell.tsx","132","132","函数@132","函数","实现 匿名逻辑 的调用与控制流程"
"components/literature-review-shell.tsx","134","134","函数@134","函数","实现 匿名逻辑 的调用与控制流程"
"components/literature-review-shell.tsx","134","134","函数@134","函数","实现 匿名逻辑 的调用与控制流程"
"components/literature-review-shell.tsx","138","138","函数@138","函数","实现 匿名逻辑 的调用与控制流程"
"components/literature-review-shell.tsx","141","158","函数@141","函数","实现 匿名逻辑 的调用与控制流程"
"components/literature-review-shell.tsx","142","157","函数@142","函数","实现 匿名逻辑 的调用与控制流程"
"components/literature-review-shell.tsx","160","216","函数@160","函数","实现 匿名逻辑 的调用与控制流程"
"components/literature-review-shell.tsx","161","213","函数@161","函数","实现 匿名逻辑 的调用与控制流程"
"components/literature-review-shell.tsx","195","198","函数@195","函数","实现 匿名逻辑 的调用与控制流程"
"components/literature-review-shell.tsx","215","215","函数@215","函数","实现 匿名逻辑 的调用与控制流程"
"components/literature-review-shell.tsx","218","240","函数@218","函数","实现 匿名逻辑 的调用与控制流程"
"components/literature-review-shell.tsx","258","268","clearSavedProject","变量","保存或计算 clearSavedProject 所需的数据"
"components/literature-review-shell.tsx","258","268","函数@258","函数","实现 匿名逻辑 的调用与控制流程"
"components/literature-review-shell.tsx","270","302","函数@270","函数","实现 匿名逻辑 的调用与控制流程"
"components/literature-review-shell.tsx","277","297","函数@277","函数","实现 匿名逻辑 的调用与控制流程"
"components/literature-review-shell.tsx","299","301","函数@299","函数","实现 匿名逻辑 的调用与控制流程"
"components/literature-review-shell.tsx","304","308","函数@304","函数","实现 匿名逻辑 的调用与控制流程"
"components/literature-review-shell.tsx","305","307","函数@305","函数","实现 匿名逻辑 的调用与控制流程"
"components/literature-review-shell.tsx","310","331","函数@310","函数","实现 匿名逻辑 的调用与控制流程"
"components/literature-review-shell.tsx","349","349","函数@349","函数","实现 匿名逻辑 的调用与控制流程"
"components/literature-review-shell.tsx","352","352","函数@352","函数","实现 匿名逻辑 的调用与控制流程"
"components/literature-review-shell.tsx","360","378","validateOutlineInput","变量","保存或计算 validateOutlineInput 所需的数据"
"components/literature-review-shell.tsx","360","378","函数@360","函数","实现 匿名逻辑 的调用与控制流程"
"components/literature-review-shell.tsx","380","387","startGeneration","变量","保存或计算 startGeneration 所需的数据"
"components/literature-review-shell.tsx","380","387","函数@380","函数","实现 匿名逻辑 的调用与控制流程"
"components/literature-review-shell.tsx","389","397","stopGeneration","变量","保存或计算 stopGeneration 所需的数据"
"components/literature-review-shell.tsx","389","397","函数@389","函数","实现 匿名逻辑 的调用与控制流程"
"components/literature-review-shell.tsx","399","410","changeWorkflowMode","变量","保存或计算 changeWorkflowMode 所需的数据"
"components/literature-review-shell.tsx","399","410","函数@399","函数","实现 匿名逻辑 的调用与控制流程"
"components/literature-review-shell.tsx","412","422","changeModel","变量","保存或计算 changeModel 所需的数据"
"components/literature-review-shell.tsx","412","422","函数@412","函数","实现 匿名逻辑 的调用与控制流程"
"components/literature-review-shell.tsx","424","520","analyzeAcademicPapers","变量","保存或计算 analyzeAcademicPapers 所需的数据"
"components/literature-review-shell.tsx","424","520","函数@424","函数","实现 匿名逻辑 的调用与控制流程"
"components/literature-review-shell.tsx","481","482","函数@481","函数","实现 匿名逻辑 的调用与控制流程"
"components/literature-review-shell.tsx","482","482","函数@482","函数","实现 匿名逻辑 的调用与控制流程"
"components/literature-review-shell.tsx","522","528","toggleSection","变量","保存或计算 toggleSection 所需的数据"
"components/literature-review-shell.tsx","522","528","函数@522","函数","实现 匿名逻辑 的调用与控制流程"
"components/literature-review-shell.tsx","523","526","函数@523","函数","实现 匿名逻辑 的调用与控制流程"
"components/literature-review-shell.tsx","525","525","函数@525","函数","实现 匿名逻辑 的调用与控制流程"
"components/literature-review-shell.tsx","530","542","updateMatrixRow","变量","保存或计算 updateMatrixRow 所需的数据"
"components/literature-review-shell.tsx","530","542","函数@530","函数","实现 匿名逻辑 的调用与控制流程"
"components/literature-review-shell.tsx","534","535","函数@534","函数","实现 匿名逻辑 的调用与控制流程"
"components/literature-review-shell.tsx","535","535","函数@535","函数","实现 匿名逻辑 的调用与控制流程"
"components/literature-review-shell.tsx","544","586","handleGenerateMatrix","变量","保存或计算 handleGenerateMatrix 所需的数据"
"components/literature-review-shell.tsx","544","586","函数@544","函数","实现 匿名逻辑 的调用与控制流程"
"components/literature-review-shell.tsx","588","624","handleGenerateThemes","变量","保存或计算 handleGenerateThemes 所需的数据"
"components/literature-review-shell.tsx","588","624","函数@588","函数","实现 匿名逻辑 的调用与控制流程"
"components/literature-review-shell.tsx","593","593","函数@593","函数","实现 匿名逻辑 的调用与控制流程"
"components/literature-review-shell.tsx","626","657","handleGenerateOutline","变量","保存或计算 handleGenerateOutline 所需的数据"
"components/literature-review-shell.tsx","626","657","函数@626","函数","实现 匿名逻辑 的调用与控制流程"
"components/literature-review-shell.tsx","659","694","handleGeneratePpt","变量","保存或计算 handleGeneratePpt 所需的数据"
"components/literature-review-shell.tsx","659","694","函数@659","函数","实现 匿名逻辑 的调用与控制流程"
"components/literature-review-shell.tsx","696","718","handleExport","变量","保存或计算 handleExport 所需的数据"
"components/literature-review-shell.tsx","696","718","函数@696","函数","实现 匿名逻辑 的调用与控制流程"
"components/literature-review-shell.tsx","720","741","handleExportOutline","变量","保存或计算 handleExportOutline 所需的数据"
"components/literature-review-shell.tsx","720","741","函数@720","函数","实现 匿名逻辑 的调用与控制流程"
"components/literature-review-shell.tsx","743","763","handleExportMatrix","变量","保存或计算 handleExportMatrix 所需的数据"
"components/literature-review-shell.tsx","743","763","函数@743","函数","实现 匿名逻辑 的调用与控制流程"
"components/literature-review-shell.tsx","765","779","updatePptSlide","变量","保存或计算 updatePptSlide 所需的数据"
"components/literature-review-shell.tsx","765","779","函数@765","函数","实现 匿名逻辑 的调用与控制流程"
"components/literature-review-shell.tsx","769","777","函数@769","函数","实现 匿名逻辑 的调用与控制流程"
"components/literature-review-shell.tsx","773","774","函数@773","函数","实现 匿名逻辑 的调用与控制流程"
"components/literature-review-shell.tsx","807","818","函数@807","函数","实现 匿名逻辑 的调用与控制流程"
"components/literature-review-shell.tsx","838","842","函数@838","函数","实现 匿名逻辑 的调用与控制流程"
"components/literature-review-shell.tsx","906","906","函数@906","函数","实现 匿名逻辑 的调用与控制流程"
"components/literature-review-shell.tsx","934","934","函数@934","函数","实现 匿名逻辑 的调用与控制流程"
"components/literature-review-shell.tsx","961","961","函数@961","函数","实现 匿名逻辑 的调用与控制流程"
"components/literature-review-shell.tsx","985","993","函数@985","函数","实现 匿名逻辑 的调用与控制流程"
"components/literature-review-shell.tsx","999","1003","函数@999","函数","实现 匿名逻辑 的调用与控制流程"
"components/literature-review-shell.tsx","1034","1034","函数@1034","函数","实现 匿名逻辑 的调用与控制流程"
"components/literature-review-shell.tsx","1037","1041","函数@1037","函数","实现 匿名逻辑 的调用与控制流程"
"components/literature-review-shell.tsx","1055","1055","函数@1055","函数","实现 匿名逻辑 的调用与控制流程"
"components/literature-review-shell.tsx","1067","1070","函数@1067","函数","实现 匿名逻辑 的调用与控制流程"
"components/literature-review-shell.tsx","1074","1078","函数@1074","函数","实现 匿名逻辑 的调用与控制流程"
"components/literature-review-shell.tsx","1088","1088","函数@1088","函数","实现 匿名逻辑 的调用与控制流程"
"components/literature-review-shell.tsx","1099","1102","函数@1099","函数","实现 匿名逻辑 的调用与控制流程"
"components/literature-review-shell.tsx","1106","1110","函数@1106","函数","实现 匿名逻辑 的调用与控制流程"
"components/literature-review-shell.tsx","1119","1122","函数@1119","函数","实现 匿名逻辑 的调用与控制流程"
"components/literature-review-shell.tsx","1126","1130","函数@1126","函数","实现 匿名逻辑 的调用与控制流程"
"components/literature-review-shell.tsx","1139","1140","函数@1139","函数","实现 匿名逻辑 的调用与控制流程"
"components/literature-review-shell.tsx","1144","1148","函数@1144","函数","实现 匿名逻辑 的调用与控制流程"
"components/literature-review-shell.tsx","1160","1160","函数@1160","函数","实现 匿名逻辑 的调用与控制流程"
"components/literature-review-shell.tsx","1170","1182","函数@1170","函数","实现 匿名逻辑 的调用与控制流程"
"components/literature-review-shell.tsx","1178","1178","函数@1178","函数","实现 匿名逻辑 的调用与控制流程"
"components/literature-review-shell.tsx","1191","1191","函数@1191","函数","实现 匿名逻辑 的调用与控制流程"
"components/literature-review-shell.tsx","1201","1203","函数@1201","函数","实现 匿名逻辑 的调用与控制流程"
"components/literature-review-shell.tsx","1226","1226","函数@1226","函数","实现 匿名逻辑 的调用与控制流程"
"components/literature-review-shell.tsx","1245","1245","函数@1245","函数","实现 匿名逻辑 的调用与控制流程"
"components/literature-review-shell.tsx","1251","1251","函数@1251","函数","实现 匿名逻辑 的调用与控制流程"
"components/literature-review-shell.tsx","1275","1282","函数@1275","函数","实现 匿名逻辑 的调用与控制流程"
"components/literature-review-shell.tsx","1286","1346","函数@1286","函数","实现 匿名逻辑 的调用与控制流程"
"components/literature-review-shell.tsx","1294","1297","函数@1294","函数","实现 匿名逻辑 的调用与控制流程"
"components/literature-review-shell.tsx","1314","1331","函数@1314","函数","实现 匿名逻辑 的调用与控制流程"
"components/literature-review-shell.tsx","1323","1326","函数@1323","函数","实现 匿名逻辑 的调用与控制流程"
"components/literature-review-shell.tsx","1359","1359","函数@1359","函数","实现 匿名逻辑 的调用与控制流程"
"components/literature-review-shell.tsx","1383","1387","函数@1383","函数","实现 匿名逻辑 的调用与控制流程"
"components/literature-review-shell.tsx","1394","1394","函数@1394","函数","实现 匿名逻辑 的调用与控制流程"
"components/literature-review-shell.tsx","1408","1408","函数@1408","函数","实现 匿名逻辑 的调用与控制流程"
"components/literature-review-shell.tsx","1421","1421","函数@1421","函数","实现 匿名逻辑 的调用与控制流程"
"components/literature-review-shell.tsx","1429","1431","函数@1429","函数","实现 匿名逻辑 的调用与控制流程"
"components/literature-review-shell.tsx","1456","1527","函数@1456","函数","实现 匿名逻辑 的调用与控制流程"
"components/literature-review-shell.tsx","1476","1477","函数@1476","函数","实现 匿名逻辑 的调用与控制流程"
"components/literature-review-shell.tsx","1484","1485","函数@1484","函数","实现 匿名逻辑 的调用与控制流程"
"components/literature-review-shell.tsx","1493","1500","函数@1493","函数","实现 匿名逻辑 的调用与控制流程"
"components/literature-review-shell.tsx","1497","1497","函数@1497","函数","实现 匿名逻辑 的调用与控制流程"
"components/literature-review-shell.tsx","1532","1534","函数@1532","函数","实现 匿名逻辑 的调用与控制流程"
"components/literature-shell.tsx","3","3","导入@3","导入","引入本文件依赖"
"components/literature-shell.tsx","4","4","导入@4","导入","引入本文件依赖"
"components/literature-shell.tsx","5","5","导入@5","导入","引入本文件依赖"
"components/literature-shell.tsx","6","6","导入@6","导入","引入本文件依赖"
"components/literature-shell.tsx","7","10","导入@7","导入","引入本文件依赖"
"components/literature-shell.tsx","11","14","导入@11","导入","引入本文件依赖"
"components/literature-shell.tsx","15","24","导入@15","导入","引入本文件依赖"
"components/literature-shell.tsx","25","25","导入@25","导入","引入本文件依赖"
"components/literature-shell.tsx","26","31","导入@26","导入","引入本文件依赖"
"components/literature-shell.tsx","32","37","导入@32","导入","引入本文件依赖"
"components/literature-shell.tsx","38","38","导入@38","导入","引入本文件依赖"
"components/literature-shell.tsx","46","51","LiteratureTrackerSession","类型","定义 LiteratureTrackerSession 的数据契约"
"components/literature-shell.tsx","53","59","isLiteraturePaperSortKey","函数","实现 isLiteraturePaperSortKey 的调用与控制流程"
"components/literature-shell.tsx","57","57","函数@57","函数","实现 匿名逻辑 的调用与控制流程"
"components/literature-shell.tsx","61","91","readTrackerSession","函数","实现 readTrackerSession 的调用与控制流程"
"components/literature-shell.tsx","93","102","writeTrackerSession","函数","实现 writeTrackerSession 的调用与控制流程"
"components/literature-shell.tsx","104","552","LiteratureShell","函数","实现 LiteratureShell 的调用与控制流程"
"components/literature-shell.tsx","122","171","函数@122","函数","实现 匿名逻辑 的调用与控制流程"
"components/literature-shell.tsx","126","166","函数@126","函数","实现 匿名逻辑 的调用与控制流程"
"components/literature-shell.tsx","168","170","函数@168","函数","实现 匿名逻辑 的调用与控制流程"
"components/literature-shell.tsx","173","179","函数@173","函数","实现 匿名逻辑 的调用与控制流程"
"components/literature-shell.tsx","181","209","函数@181","函数","实现 匿名逻辑 的调用与控制流程"
"components/literature-shell.tsx","212","240","函数@212","函数","实现 匿名逻辑 的调用与控制流程"
"components/literature-shell.tsx","213","213","函数@213","函数","实现 匿名逻辑 的调用与控制流程"
"components/literature-shell.tsx","233","238","函数@233","函数","实现 匿名逻辑 的调用与控制流程"
"components/literature-shell.tsx","234","237","函数@234","函数","实现 匿名逻辑 的调用与控制流程"
"components/literature-shell.tsx","245","262","函数@245","函数","实现 匿名逻辑 的调用与控制流程"
"components/literature-shell.tsx","246","246","函数@246","函数","实现 匿名逻辑 的调用与控制流程"
"components/literature-shell.tsx","255","260","函数@255","函数","实现 匿名逻辑 的调用与控制流程"
"components/literature-shell.tsx","256","259","函数@256","函数","实现 匿名逻辑 的调用与控制流程"
"components/literature-shell.tsx","267","272","函数@267","函数","实现 匿名逻辑 的调用与控制流程"
"components/literature-shell.tsx","269","270","函数@269","函数","实现 匿名逻辑 的调用与控制流程"
"components/literature-shell.tsx","270","270","函数@270","函数","实现 匿名逻辑 的调用与控制流程"
"components/literature-shell.tsx","276","276","函数@276","函数","实现 匿名逻辑 的调用与控制流程"
"components/literature-shell.tsx","279","279","函数@279","函数","实现 匿名逻辑 的调用与控制流程"
"components/literature-shell.tsx","283","291","函数@283","函数","实现 匿名逻辑 的调用与控制流程"
"components/literature-shell.tsx","289","289","函数@289","函数","实现 匿名逻辑 的调用与控制流程"
"components/literature-shell.tsx","294","302","函数@294","函数","实现 匿名逻辑 的调用与控制流程"
"components/literature-shell.tsx","296","296","函数@296","函数","实现 匿名逻辑 的调用与控制流程"
"components/literature-shell.tsx","341","345","函数@341","函数","实现 匿名逻辑 的调用与控制流程"
"components/literature-shell.tsx","342","345","函数@342","函数","实现 匿名逻辑 的调用与控制流程"
"components/literature-shell.tsx","364","368","函数@364","函数","实现 匿名逻辑 的调用与控制流程"
"components/literature-shell.tsx","365","368","函数@365","函数","实现 匿名逻辑 的调用与控制流程"
"components/literature-shell.tsx","387","391","函数@387","函数","实现 匿名逻辑 的调用与控制流程"
"components/literature-shell.tsx","388","391","函数@388","函数","实现 匿名逻辑 的调用与控制流程"
"components/literature-shell.tsx","409","413","函数@409","函数","实现 匿名逻辑 的调用与控制流程"
"components/literature-shell.tsx","410","413","函数@410","函数","实现 匿名逻辑 的调用与控制流程"
"components/literature-shell.tsx","417","421","函数@417","函数","实现 匿名逻辑 的调用与控制流程"
"components/literature-shell.tsx","428","430","函数@428","函数","实现 匿名逻辑 的调用与控制流程"
"components/literature-shell.tsx","509","510","函数@509","函数","实现 匿名逻辑 的调用与控制流程"
"components/literature-shell.tsx","514","518","函数@514","函数","实现 匿名逻辑 的调用与控制流程"
"components/literature-shell.tsx","523","544","函数@523","函数","实现 匿名逻辑 的调用与控制流程"
"components/message-export-menu.tsx","3","3","导入@3","导入","引入本文件依赖"
"components/message-export-menu.tsx","4","4","导入@4","导入","引入本文件依赖"
"components/message-export-menu.tsx","5","5","导入@5","导入","引入本文件依赖"
"components/message-export-menu.tsx","7","10","MessageExportMenuProps","类型","定义 MessageExportMenuProps 的数据契约"
"components/message-export-menu.tsx","12","39","MessageExportMenu","函数","实现 MessageExportMenu 的调用与控制流程"
"components/message-export-menu.tsx","22","22","函数@22","函数","实现 匿名逻辑 的调用与控制流程"
"components/message-export-menu.tsx","35","35","函数@35","函数","实现 匿名逻辑 的调用与控制流程"
"components/presentation-shell.tsx","3","3","导入@3","导入","引入本文件依赖"
"components/presentation-shell.tsx","4","4","导入@4","导入","引入本文件依赖"
"components/presentation-shell.tsx","5","5","导入@5","导入","引入本文件依赖"
"components/presentation-shell.tsx","6","6","导入@6","导入","引入本文件依赖"
"components/presentation-shell.tsx","7","7","导入@7","导入","引入本文件依赖"
"components/presentation-shell.tsx","8","8","导入@8","导入","引入本文件依赖"
"components/presentation-shell.tsx","9","14","导入@9","导入","引入本文件依赖"
"components/presentation-shell.tsx","15","18","导入@15","导入","引入本文件依赖"
"components/presentation-shell.tsx","22","343","PresentationShell","函数","实现 PresentationShell 的调用与控制流程"
"components/presentation-shell.tsx","36","62","函数@36","函数","实现 匿名逻辑 的调用与控制流程"
"components/presentation-shell.tsx","37","60","函数@37","函数","实现 匿名逻辑 的调用与控制流程"
"components/presentation-shell.tsx","61","61","函数@61","函数","实现 匿名逻辑 的调用与控制流程"
"components/presentation-shell.tsx","64","70","函数@64","函数","实现 匿名逻辑 的调用与控制流程"
"components/presentation-shell.tsx","72","105","generateDeck","变量","保存或计算 generateDeck 所需的数据"
"components/presentation-shell.tsx","72","105","函数@72","函数","实现 匿名逻辑 的调用与控制流程"
"components/presentation-shell.tsx","107","118","updateSlide","变量","保存或计算 updateSlide 所需的数据"
"components/presentation-shell.tsx","107","118","函数@107","函数","实现 匿名逻辑 的调用与控制流程"
"components/presentation-shell.tsx","108","116","函数@108","函数","实现 匿名逻辑 的调用与控制流程"
"components/presentation-shell.tsx","112","113","函数@112","函数","实现 匿名逻辑 的调用与控制流程"
"components/presentation-shell.tsx","120","137","exportDeck","变量","保存或计算 exportDeck 所需的数据"
"components/presentation-shell.tsx","120","137","函数@120","函数","实现 匿名逻辑 的调用与控制流程"
"components/presentation-shell.tsx","153","163","函数@153","函数","实现 匿名逻辑 的调用与控制流程"
"components/presentation-shell.tsx","213","216","函数@213","函数","实现 匿名逻辑 的调用与控制流程"
"components/presentation-shell.tsx","226","226","函数@226","函数","实现 匿名逻辑 的调用与控制流程"
"components/presentation-shell.tsx","229","233","函数@229","函数","实现 匿名逻辑 的调用与控制流程"
"components/presentation-shell.tsx","243","246","函数@243","函数","实现 匿名逻辑 的调用与控制流程"
"components/presentation-shell.tsx","259","259","函数@259","函数","实现 匿名逻辑 的调用与控制流程"
"components/presentation-shell.tsx","278","278","函数@278","函数","实现 匿名逻辑 的调用与控制流程"
"components/presentation-shell.tsx","285","336","函数@285","函数","实现 匿名逻辑 的调用与控制流程"
"components/presentation-shell.tsx","297","298","函数@297","函数","实现 匿名逻辑 的调用与控制流程"
"components/presentation-shell.tsx","304","305","函数@304","函数","实现 匿名逻辑 的调用与控制流程"
"components/presentation-shell.tsx","312","319","函数@312","函数","实现 匿名逻辑 的调用与控制流程"
"components/presentation-shell.tsx","316","316","函数@316","函数","实现 匿名逻辑 的调用与控制流程"
"components/presentation-template-picker.tsx","3","3","导入@3","导入","引入本文件依赖"
"components/presentation-template-picker.tsx","4","4","导入@4","导入","引入本文件依赖"
"components/presentation-template-picker.tsx","5","8","导入@5","导入","引入本文件依赖"
"components/presentation-template-picker.tsx","9","9","导入@9","导入","引入本文件依赖"
"components/presentation-template-picker.tsx","11","15","PresentationTemplatePickerProps","类型","定义 PresentationTemplatePickerProps 的数据契约"
"components/presentation-template-picker.tsx","17","31","ModernBlueMockup","函数","实现 ModernBlueMockup 的调用与控制流程"
"components/presentation-template-picker.tsx","33","204","PresentationTemplatePicker","函数","实现 PresentationTemplatePicker 的调用与控制流程"
"components/presentation-template-picker.tsx","41","48","函数@41","函数","实现 匿名逻辑 的调用与控制流程"
"components/presentation-template-picker.tsx","43","45","handleKeyDown","变量","保存或计算 handleKeyDown 所需的数据"
"components/presentation-template-picker.tsx","43","45","函数@43","函数","实现 匿名逻辑 的调用与控制流程"
"components/presentation-template-picker.tsx","47","47","函数@47","函数","实现 匿名逻辑 的调用与控制流程"
"components/presentation-template-picker.tsx","60","119","函数@60","函数","实现 匿名逻辑 的调用与控制流程"
"components/presentation-template-picker.tsx","74","74","函数@74","函数","实现 匿名逻辑 的调用与控制流程"
"components/presentation-template-picker.tsx","112","112","函数@112","函数","实现 匿名逻辑 的调用与控制流程"
"components/presentation-template-picker.tsx","129","131","函数@129","函数","实现 匿名逻辑 的调用与控制流程"
"components/presentation-template-picker.tsx","145","145","函数@145","函数","实现 匿名逻辑 的调用与控制流程"
"components/presentation-template-picker.tsx","154","173","函数@154","函数","实现 匿名逻辑 的调用与控制流程"
"components/presentation-template-picker.tsx","183","183","函数@183","函数","实现 匿名逻辑 的调用与控制流程"
"components/presentation-template-picker.tsx","190","193","函数@190","函数","实现 匿名逻辑 的调用与控制流程"
"components/project-translation-dialog.tsx","3","3","导入@3","导入","引入本文件依赖"
"components/project-translation-dialog.tsx","4","4","导入@4","导入","引入本文件依赖"
"components/project-translation-dialog.tsx","5","10","导入@5","导入","引入本文件依赖"
"components/project-translation-dialog.tsx","11","14","导入@11","导入","引入本文件依赖"
"components/project-translation-dialog.tsx","15","20","导入@15","导入","引入本文件依赖"
"components/project-translation-dialog.tsx","21","26","导入@21","导入","引入本文件依赖"
"components/project-translation-dialog.tsx","27","32","导入@27","导入","引入本文件依赖"
"components/project-translation-dialog.tsx","34","41","STAGE_LABELS","变量","保存或计算 STAGE_LABELS 所需的数据"
"components/project-translation-dialog.tsx","43","50","ProjectTranslationDownload","类型","定义 ProjectTranslationDownload 的数据契约"
"components/project-translation-dialog.tsx","52","56","ProjectTranslationDialogProps","类型","定义 ProjectTranslationDialogProps 的数据契约"
"components/project-translation-dialog.tsx","58","406","ProjectTranslationDialog","函数","实现 ProjectTranslationDialog 的调用与控制流程"
"components/project-translation-dialog.tsx","80","82","函数@80","函数","实现 匿名逻辑 的调用与控制流程"
"components/project-translation-dialog.tsx","84","89","函数@84","函数","实现 匿名逻辑 的调用与控制流程"
"components/project-translation-dialog.tsx","85","88","函数@85","函数","实现 匿名逻辑 的调用与控制流程"
"components/project-translation-dialog.tsx","87","87","函数@87","函数","实现 匿名逻辑 的调用与控制流程"
"components/project-translation-dialog.tsx","98","105","handleModelTierChange","变量","保存或计算 handleModelTierChange 所需的数据"
"components/project-translation-dialog.tsx","98","105","函数@98","函数","实现 匿名逻辑 的调用与控制流程"
"components/project-translation-dialog.tsx","107","175","runTranslation","变量","保存或计算 runTranslation 所需的数据"
"components/project-translation-dialog.tsx","107","175","函数@107","函数","实现 匿名逻辑 的调用与控制流程"
"components/project-translation-dialog.tsx","115","118","函数@115","函数","实现 匿名逻辑 的调用与控制流程"
"components/project-translation-dialog.tsx","116","116","函数@116","函数","实现 匿名逻辑 的调用与控制流程"
"components/project-translation-dialog.tsx","124","132","values","变量","保存或计算 values 所需的数据"
"components/project-translation-dialog.tsx","136","139","函数@136","函数","实现 匿名逻辑 的调用与控制流程"
"components/project-translation-dialog.tsx","142","152","函数@142","函数","实现 匿名逻辑 的调用与控制流程"
"components/project-translation-dialog.tsx","177","181","stopTranslation","变量","保存或计算 stopTranslation 所需的数据"
"components/project-translation-dialog.tsx","177","181","函数@177","函数","实现 匿名逻辑 的调用与控制流程"
"components/project-translation-dialog.tsx","207","207","函数@207","函数","实现 匿名逻辑 的调用与控制流程"
"components/project-translation-dialog.tsx","217","218","函数@217","函数","实现 匿名逻辑 的调用与控制流程"
"components/project-translation-dialog.tsx","222","226","函数@222","函数","实现 匿名逻辑 的调用与控制流程"
"components/project-translation-dialog.tsx","234","235","函数@234","函数","实现 匿名逻辑 的调用与控制流程"
"components/project-translation-dialog.tsx","239","243","函数@239","函数","实现 匿名逻辑 的调用与控制流程"
"components/project-translation-dialog.tsx","251","252","函数@251","函数","实现 匿名逻辑 的调用与控制流程"
"components/project-translation-dialog.tsx","256","260","函数@256","函数","实现 匿名逻辑 的调用与控制流程"
"components/project-translation-dialog.tsx","268","287","函数@268","函数","实现 匿名逻辑 的调用与控制流程"
"components/project-translation-dialog.tsx","283","283","函数@283","函数","实现 匿名逻辑 的调用与控制流程"
"components/project-translation-dialog.tsx","297","324","函数@297","函数","实现 匿名逻辑 的调用与控制流程"
"components/project-translation-dialog.tsx","312","312","函数@312","函数","实现 匿名逻辑 的调用与控制流程"
"components/project-translation-dialog.tsx","335","335","函数@335","函数","实现 匿名逻辑 的调用与控制流程"
"components/project-translation-dialog.tsx","359","378","函数@359","函数","实现 匿名逻辑 的调用与控制流程"
"components/project-translation-dialog.tsx","395","395","函数@395","函数","实现 匿名逻辑 的调用与控制流程"
"components/research-page-header.tsx","3","3","导入@3","导入","引入本文件依赖"
"components/research-page-header.tsx","4","4","导入@4","导入","引入本文件依赖"
"components/research-page-header.tsx","5","5","导入@5","导入","引入本文件依赖"
"components/research-page-header.tsx","6","15","导入@6","导入","引入本文件依赖"
"components/research-page-header.tsx","17","22","ResearchPageHeaderProps","类型","定义 ResearchPageHeaderProps 的数据契约"
"components/research-page-header.tsx","45","47","isExactOrChild","函数","实现 isExactOrChild 的调用与控制流程"
"components/research-page-header.tsx","49","149","ResearchPageHeader","函数","实现 ResearchPageHeader 的调用与控制流程"
"components/research-page-header.tsx","74","92","函数@74","函数","实现 匿名逻辑 的调用与控制流程"
"components/research-page-header.tsx","103","130","函数@103","函数","实现 匿名逻辑 的调用与控制流程"
"components/research-tool-panel.tsx","3","19","导入@3","导入","引入本文件依赖"
"components/research-tool-panel.tsx","20","20","导入@20","导入","引入本文件依赖"
"components/research-tool-panel.tsx","21","24","导入@21","导入","引入本文件依赖"
"components/research-tool-panel.tsx","25","28","导入@25","导入","引入本文件依赖"
"components/research-tool-panel.tsx","29","32","导入@29","导入","引入本文件依赖"
"components/research-tool-panel.tsx","34","69","ResearchToolPanelProps","类型","定义 ResearchToolPanelProps 的数据契约"
"components/research-tool-panel.tsx","71","75","pdfState","函数","实现 pdfState 的调用与控制流程"
"components/research-tool-panel.tsx","77","82","isPdfFile","函数","实现 isPdfFile 的调用与控制流程"
"components/research-tool-panel.tsx","84","96","localFileKind","函数","实现 localFileKind 的调用与控制流程"
"components/research-tool-panel.tsx","98","109","localFileTypeLabel","函数","实现 localFileTypeLabel 的调用与控制流程"
"components/research-tool-panel.tsx","99","107","labels","变量","保存或计算 labels 所需的数据"
"components/research-tool-panel.tsx","111","115","localFileExtension","函数","实现 localFileExtension 的调用与控制流程"
"components/research-tool-panel.tsx","117","129","localFileReadBlockReason","函数","实现 localFileReadBlockReason 的调用与控制流程"
"components/research-tool-panel.tsx","131","900","ResearchToolPanel","函数","实现 ResearchToolPanel 的调用与控制流程"
"components/research-tool-panel.tsx","179","179","函数@179","函数","实现 匿名逻辑 的调用与控制流程"
"components/research-tool-panel.tsx","181","184","acceptFiles","变量","保存或计算 acceptFiles 所需的数据"
"components/research-tool-panel.tsx","181","184","函数@181","函数","实现 匿名逻辑 的调用与控制流程"
"components/research-tool-panel.tsx","189","189","函数@189","函数","实现 匿名逻辑 的调用与控制流程"
"components/research-tool-panel.tsx","190","190","函数@190","函数","实现 匿名逻辑 的调用与控制流程"
"components/research-tool-panel.tsx","193","193","函数@193","函数","实现 匿名逻辑 的调用与控制流程"
"components/research-tool-panel.tsx","198","205","toggleExpandedLocalFolder","变量","保存或计算 toggleExpandedLocalFolder 所需的数据"
"components/research-tool-panel.tsx","198","205","函数@198","函数","实现 匿名逻辑 的调用与控制流程"
"components/research-tool-panel.tsx","199","204","函数@199","函数","实现 匿名逻辑 的调用与控制流程"
"components/research-tool-panel.tsx","207","216","函数@207","函数","实现 匿名逻辑 的调用与控制流程"
"components/research-tool-panel.tsx","209","209","close","变量","保存或计算 close 所需的数据"
"components/research-tool-panel.tsx","209","209","函数@209","函数","实现 匿名逻辑 的调用与控制流程"
"components/research-tool-panel.tsx","212","215","函数@212","函数","实现 匿名逻辑 的调用与控制流程"
"components/research-tool-panel.tsx","220","251","runTask","变量","保存或计算 runTask 所需的数据"
"components/research-tool-panel.tsx","220","251","函数@220","函数","实现 匿名逻辑 的调用与控制流程"
"components/research-tool-panel.tsx","280","283","函数@280","函数","实现 匿名逻辑 的调用与控制流程"
"components/research-tool-panel.tsx","287","287","函数@287","函数","实现 匿名逻辑 的调用与控制流程"
"components/research-tool-panel.tsx","318","323","函数@318","函数","实现 匿名逻辑 的调用与控制流程"
"components/research-tool-panel.tsx","324","329","函数@324","函数","实现 匿名逻辑 的调用与控制流程"
"components/research-tool-panel.tsx","330","334","函数@330","函数","实现 匿名逻辑 的调用与控制流程"
"components/research-tool-panel.tsx","335","340","函数@335","函数","实现 匿名逻辑 的调用与控制流程"
"components/research-tool-panel.tsx","400","400","函数@400","函数","实现 匿名逻辑 的调用与控制流程"
"components/research-tool-panel.tsx","410","457","函数@410","函数","实现 匿名逻辑 的调用与控制流程"
"components/research-tool-panel.tsx","414","420","函数@414","函数","实现 匿名逻辑 的调用与控制流程"
"components/research-tool-panel.tsx","444","444","函数@444","函数","实现 匿名逻辑 的调用与控制流程"
"components/research-tool-panel.tsx","488","488","函数@488","函数","实现 匿名逻辑 的调用与控制流程"
"components/research-tool-panel.tsx","496","496","函数@496","函数","实现 匿名逻辑 的调用与控制流程"
"components/research-tool-panel.tsx","503","503","函数@503","函数","实现 匿名逻辑 的调用与控制流程"
"components/research-tool-panel.tsx","511","511","函数@511","函数","实现 匿名逻辑 的调用与控制流程"
"components/research-tool-panel.tsx","521","522","函数@521","函数","实现 匿名逻辑 的调用与控制流程"
"components/research-tool-panel.tsx","539","717","函数@539","函数","实现 匿名逻辑 的调用与控制流程"
"components/research-tool-panel.tsx","541","541","函数@541","函数","实现 匿名逻辑 的调用与控制流程"
"components/research-tool-panel.tsx","542","543","函数@542","函数","实现 匿名逻辑 的调用与控制流程"
"components/research-tool-panel.tsx","553","561","函数@553","函数","实现 匿名逻辑 的调用与控制流程"
"components/research-tool-panel.tsx","566","567","函数@566","函数","实现 匿名逻辑 的调用与控制流程"
"components/research-tool-panel.tsx","581","581","函数@581","函数","实现 匿名逻辑 的调用与控制流程"
"components/research-tool-panel.tsx","582","583","函数@582","函数","实现 匿名逻辑 的调用与控制流程"
"components/research-tool-panel.tsx","596","596","函数@596","函数","实现 匿名逻辑 的调用与控制流程"
"components/research-tool-panel.tsx","611","611","函数@611","函数","实现 匿名逻辑 的调用与控制流程"
"components/research-tool-panel.tsx","631","712","函数@631","函数","实现 匿名逻辑 的调用与控制流程"
"components/research-tool-panel.tsx","641","650","函数@641","函数","实现 匿名逻辑 的调用与控制流程"
"components/research-tool-panel.tsx","654","654","函数@654","函数","实现 匿名逻辑 的调用与控制流程"
"components/research-tool-panel.tsx","668","668","函数@668","函数","实现 匿名逻辑 的调用与控制流程"
"components/research-tool-panel.tsx","669","669","函数@669","函数","实现 匿名逻辑 的调用与控制流程"
"components/research-tool-panel.tsx","682","682","函数@682","函数","实现 匿名逻辑 的调用与控制流程"
"components/research-tool-panel.tsx","696","696","函数@696","函数","实现 匿名逻辑 的调用与控制流程"
"components/research-tool-panel.tsx","728","743","函数@728","函数","实现 匿名逻辑 的调用与控制流程"
"components/research-tool-panel.tsx","732","732","函数@732","函数","实现 匿名逻辑 的调用与控制流程"
"components/research-tool-panel.tsx","766","766","函数@766","函数","实现 匿名逻辑 的调用与控制流程"
"components/research-tool-panel.tsx","772","772","函数@772","函数","实现 匿名逻辑 的调用与控制流程"
"components/research-tool-panel.tsx","779","779","函数@779","函数","实现 匿名逻辑 的调用与控制流程"
"components/research-tool-panel.tsx","786","787","函数@786","函数","实现 匿名逻辑 的调用与控制流程"
"components/research-tool-panel.tsx","795","798","函数@795","函数","实现 匿名逻辑 的调用与控制流程"
"components/research-tool-panel.tsx","807","810","函数@807","函数","实现 匿名逻辑 的调用与控制流程"
"components/research-tool-panel.tsx","817","820","函数@817","函数","实现 匿名逻辑 的调用与控制流程"
"components/research-tool-panel.tsx","831","835","函数@831","函数","实现 匿名逻辑 的调用与控制流程"
"components/research-tool-panel.tsx","843","843","函数@843","函数","实现 匿名逻辑 的调用与控制流程"
"components/research-tool-panel.tsx","850","850","函数@850","函数","实现 匿名逻辑 的调用与控制流程"
"components/research-tool-panel.tsx","857","858","函数@857","函数","实现 匿名逻辑 的调用与控制流程"
"components/research-tool-panel.tsx","866","867","函数@866","函数","实现 匿名逻辑 的调用与控制流程"
"components/research-tool-panel.tsx","875","878","函数@875","函数","实现 匿名逻辑 的调用与控制流程"
"components/scholar-extension-entry.tsx","3","3","导入@3","导入","引入本文件依赖"
"components/scholar-extension-entry.tsx","4","4","导入@4","导入","引入本文件依赖"
"components/scholar-extension-entry.tsx","38","175","ScholarExtensionEntry","函数","实现 ScholarExtensionEntry 的调用与控制流程"
"components/scholar-extension-entry.tsx","62","62","函数@62","函数","实现 匿名逻辑 的调用与控制流程"
"components/scholar-extension-entry.tsx","69","69","函数@69","函数","实现 匿名逻辑 的调用与控制流程"
"components/scholar-extension-entry.tsx","85","89","函数@85","函数","实现 匿名逻辑 的调用与控制流程"
"components/scholar-extension-entry.tsx","116","116","函数@116","函数","实现 匿名逻辑 的调用与控制流程"
"components/scholar-extension-entry.tsx","130","144","函数@130","函数","实现 匿名逻辑 的调用与控制流程"
"components/scholar-extension-entry.tsx","157","157","函数@157","函数","实现 匿名逻辑 的调用与控制流程"
"components/sidebar.tsx","3","20","导入@3","导入","引入本文件依赖"
"components/sidebar.tsx","21","27","导入@21","导入","引入本文件依赖"
"components/sidebar.tsx","28","28","导入@28","导入","引入本文件依赖"
"components/sidebar.tsx","29","33","导入@29","导入","引入本文件依赖"
"components/sidebar.tsx","34","34","导入@34","导入","引入本文件依赖"
"components/sidebar.tsx","36","60","SidebarProps","类型","定义 SidebarProps 的数据契约"
"components/sidebar.tsx","62","68","SectionTitle","函数","实现 SectionTitle 的调用与控制流程"
"components/sidebar.tsx","70","574","Sidebar","函数","实现 Sidebar 的调用与控制流程"
"components/sidebar.tsx","97","97","函数@97","函数","实现 匿名逻辑 的调用与控制流程"
"components/sidebar.tsx","111","113","函数@111","函数","实现 匿名逻辑 的调用与控制流程"
"components/sidebar.tsx","111","113","函数@111","函数","实现 匿名逻辑 的调用与控制流程"
"components/sidebar.tsx","117","121","函数@117","函数","实现 匿名逻辑 的调用与控制流程"
"components/sidebar.tsx","120","120","函数@120","函数","实现 匿名逻辑 的调用与控制流程"
"components/sidebar.tsx","123","132","函数@123","函数","实现 匿名逻辑 的调用与控制流程"
"components/sidebar.tsx","125","125","函数@125","函数","实现 匿名逻辑 的调用与控制流程"
"components/sidebar.tsx","134","141","toggleFolder","变量","保存或计算 toggleFolder 所需的数据"
"components/sidebar.tsx","134","141","函数@134","函数","实现 匿名逻辑 的调用与控制流程"
"components/sidebar.tsx","135","140","函数@135","函数","实现 匿名逻辑 的调用与控制流程"
"components/sidebar.tsx","143","149","selectAfterClickDelay","变量","保存或计算 selectAfterClickDelay 所需的数据"
"components/sidebar.tsx","143","149","函数@143","函数","实现 匿名逻辑 的调用与控制流程"
"components/sidebar.tsx","145","148","函数@145","函数","实现 匿名逻辑 的调用与控制流程"
"components/sidebar.tsx","151","155","openOnDoubleClick","变量","保存或计算 openOnDoubleClick 所需的数据"
"components/sidebar.tsx","151","155","函数@151","函数","实现 匿名逻辑 的调用与控制流程"
"components/sidebar.tsx","157","174","submitNewFolder","变量","保存或计算 submitNewFolder 所需的数据"
"components/sidebar.tsx","157","174","函数@157","函数","实现 匿名逻辑 的调用与控制流程"
"components/sidebar.tsx","176","264","renderFolders","变量","保存或计算 renderFolders 所需的数据"
"components/sidebar.tsx","176","264","函数@176","函数","实现 匿名逻辑 的调用与控制流程"
"components/sidebar.tsx","180","263","函数@180","函数","实现 匿名逻辑 的调用与控制流程"
"components/sidebar.tsx","188","194","函数@188","函数","实现 匿名逻辑 的调用与控制流程"
"components/sidebar.tsx","195","195","函数@195","函数","实现 匿名逻辑 的调用与控制流程"
"components/sidebar.tsx","196","196","函数@196","函数","实现 匿名逻辑 的调用与控制流程"
"components/sidebar.tsx","197","202","函数@197","函数","实现 匿名逻辑 的调用与控制流程"
"components/sidebar.tsx","203","207","函数@203","函数","实现 匿名逻辑 的调用与控制流程"
"components/sidebar.tsx","204","205","函数@204","函数","实现 匿名逻辑 的调用与控制流程"
"components/sidebar.tsx","208","222","函数@208","函数","实现 匿名逻辑 的调用与控制流程"
"components/sidebar.tsx","236","239","函数@236","函数","实现 匿名逻辑 的调用与控制流程"
"components/sidebar.tsx","304","307","函数@304","函数","实现 匿名逻辑 的调用与控制流程"
"components/sidebar.tsx","344","399","函数@344","函数","实现 匿名逻辑 的调用与控制流程"
"components/sidebar.tsx","355","358","函数@355","函数","实现 匿名逻辑 的调用与控制流程"
"components/sidebar.tsx","376","379","函数@376","函数","实现 匿名逻辑 的调用与控制流程"
"components/sidebar.tsx","388","391","函数@388","函数","实现 匿名逻辑 的调用与控制流程"
"components/sidebar.tsx","409","412","函数@409","函数","实现 匿名逻辑 的调用与控制流程"
"components/sidebar.tsx","410","410","函数@410","函数","实现 匿名逻辑 的调用与控制流程"
"components/sidebar.tsx","431","431","函数@431","函数","实现 匿名逻辑 的调用与控制流程"
"components/sidebar.tsx","432","442","函数@432","函数","实现 匿名逻辑 的调用与控制流程"
"components/sidebar.tsx","450","454","函数@450","函数","实现 匿名逻辑 的调用与控制流程"
"components/sidebar.tsx","462","462","函数@462","函数","实现 匿名逻辑 的调用与控制流程"
"components/sidebar.tsx","479","479","函数@479","函数","实现 匿名逻辑 的调用与控制流程"
"components/sidebar.tsx","498","501","函数@498","函数","实现 匿名逻辑 的调用与控制流程"
"components/sidebar.tsx","512","541","函数@512","函数","实现 匿名逻辑 的调用与控制流程"
"components/sidebar.tsx","523","526","函数@523","函数","实现 匿名逻辑 的调用与控制流程"
"components/sidebar.tsx","534","534","函数@534","函数","实现 匿名逻辑 的调用与控制流程"
"components/translation-shell.tsx","3","3","导入@3","导入","引入本文件依赖"
"components/translation-shell.tsx","4","4","导入@4","导入","引入本文件依赖"
"components/translation-shell.tsx","5","10","导入@5","导入","引入本文件依赖"
"components/translation-shell.tsx","11","14","导入@11","导入","引入本文件依赖"
"components/translation-shell.tsx","15","20","导入@15","导入","引入本文件依赖"
"components/translation-shell.tsx","21","21","导入@21","导入","引入本文件依赖"
"components/translation-shell.tsx","23","30","STAGE_LABELS","变量","保存或计算 STAGE_LABELS 所需的数据"
"components/translation-shell.tsx","32","351","TranslationShell","函数","实现 TranslationShell 的调用与控制流程"
"components/translation-shell.tsx","47","51","函数@47","函数","实现 匿名逻辑 的调用与控制流程"
"components/translation-shell.tsx","48","50","函数@48","函数","实现 匿名逻辑 的调用与控制流程"
"components/translation-shell.tsx","53","62","handleFileChange","变量","保存或计算 handleFileChange 所需的数据"
"components/translation-shell.tsx","53","62","函数@53","函数","实现 匿名逻辑 的调用与控制流程"
"components/translation-shell.tsx","57","60","函数@57","函数","实现 匿名逻辑 的调用与控制流程"
"components/translation-shell.tsx","64","71","handleModelTierChange","变量","保存或计算 handleModelTierChange 所需的数据"
"components/translation-shell.tsx","64","71","函数@64","函数","实现 匿名逻辑 的调用与控制流程"
"components/translation-shell.tsx","73","130","函数@73","函数","实现 匿名逻辑 的调用与控制流程"
"components/translation-shell.tsx","90","93","函数@90","函数","实现 匿名逻辑 的调用与控制流程"
"components/translation-shell.tsx","95","103","values","变量","保存或计算 values 所需的数据"
"components/translation-shell.tsx","132","137","handleStop","变量","保存或计算 handleStop 所需的数据"
"components/translation-shell.tsx","132","137","函数@132","函数","实现 匿名逻辑 的调用与控制流程"
"components/translation-shell.tsx","197","224","函数@197","函数","实现 匿名逻辑 的调用与控制流程"
"components/translation-shell.tsx","212","212","函数@212","函数","实现 匿名逻辑 的调用与控制流程"
"components/translation-shell.tsx","233","260","函数@233","函数","实现 匿名逻辑 的调用与控制流程"
"components/translation-shell.tsx","248","248","函数@248","函数","实现 匿名逻辑 的调用与控制流程"
"components/translation-shell.tsx","271","271","函数@271","函数","实现 匿名逻辑 的调用与控制流程"
"components/translation-shell.tsx","311","313","函数@311","函数","实现 匿名逻辑 的调用与控制流程"
"components/translation-shell.tsx","327","327","函数@327","函数","实现 匿名逻辑 的调用与控制流程"
"desktop/main.cjs","60","63","writeJson","函数","实现 writeJson 的调用与控制流程"
"desktop/main.cjs","65","72","readJsonBody","函数","实现 readJsonBody 的调用与控制流程"
"desktop/main.cjs","74","76","extensionFor","函数","实现 extensionFor 的调用与控制流程"
"desktop/main.cjs","78","86","kindForExtension","函数","实现 kindForExtension 的调用与控制流程"
"desktop/main.cjs","88","97","canExtractText","函数","实现 canExtractText 的调用与控制流程"
"desktop/main.cjs","99","104","assertLocalFilePath","函数","实现 assertLocalFilePath 的调用与控制流程"
"desktop/main.cjs","106","113","assertLocalFolderPath","函数","实现 assertLocalFolderPath 的调用与控制流程"
"desktop/main.cjs","115","163","scanLocalFiles","函数","实现 scanLocalFiles 的调用与控制流程"
"desktop/main.cjs","165","192","selectLocalFolder","函数","实现 selectLocalFolder 的调用与控制流程"
"desktop/main.cjs","177","177","函数@177","函数","实现 匿名逻辑 的调用与控制流程"
"desktop/main.cjs","194","215","refreshLocalFolder","函数","实现 refreshLocalFolder 的调用与控制流程"
"desktop/main.cjs","197","197","函数@197","函数","实现 匿名逻辑 的调用与控制流程"
"desktop/main.cjs","217","225","openLocalFile","函数","实现 openLocalFile 的调用与控制流程"
"desktop/main.cjs","227","244","readLocalFileBinary","函数","实现 readLocalFileBinary 的调用与控制流程"
"desktop/main.cjs","246","256","applyTextLimit","函数","实现 applyTextLimit 的调用与控制流程"
"desktop/main.cjs","258","271","stripXmlText","函数","实现 stripXmlText 的调用与控制流程"
"desktop/main.cjs","273","356","readLocalFileText","函数","实现 readLocalFileText 的调用与控制流程"
"desktop/main.cjs","304","308","函数@304","函数","实现 匿名逻辑 的调用与控制流程"
"desktop/main.cjs","314","314","函数@314","函数","实现 匿名逻辑 的调用与控制流程"
"desktop/main.cjs","315","319","函数@315","函数","实现 匿名逻辑 的调用与控制流程"
"desktop/main.cjs","358","482","createStatusServer","函数","实现 createStatusServer 的调用与控制流程"
"desktop/main.cjs","361","471","函数@361","函数","实现 匿名逻辑 的调用与控制流程"
"desktop/main.cjs","399","399","函数@399","函数","实现 匿名逻辑 的调用与控制流程"
"desktop/main.cjs","400","408","函数@400","函数","实现 匿名逻辑 的调用与控制流程"
"desktop/main.cjs","414","414","函数@414","函数","实现 匿名逻辑 的调用与控制流程"
"desktop/main.cjs","415","415","函数@415","函数","实现 匿名逻辑 的调用与控制流程"
"desktop/main.cjs","416","424","函数@416","函数","实现 匿名逻辑 的调用与控制流程"
"desktop/main.cjs","430","430","函数@430","函数","实现 匿名逻辑 的调用与控制流程"
"desktop/main.cjs","431","431","函数@431","函数","实现 匿名逻辑 的调用与控制流程"
"desktop/main.cjs","432","438","函数@432","函数","实现 匿名逻辑 的调用与控制流程"
"desktop/main.cjs","444","444","函数@444","函数","实现 匿名逻辑 的调用与控制流程"
"desktop/main.cjs","445","445","函数@445","函数","实现 匿名逻辑 的调用与控制流程"
"desktop/main.cjs","446","452","函数@446","函数","实现 匿名逻辑 的调用与控制流程"
"desktop/main.cjs","458","458","函数@458","函数","实现 匿名逻辑 的调用与控制流程"
"desktop/main.cjs","459","459","函数@459","函数","实现 匿名逻辑 的调用与控制流程"
"desktop/main.cjs","460","466","函数@460","函数","实现 匿名逻辑 的调用与控制流程"
"desktop/main.cjs","473","475","函数@473","函数","实现 匿名逻辑 的调用与控制流程"
"desktop/main.cjs","477","479","函数@477","函数","实现 匿名逻辑 的调用与控制流程"
"desktop/main.cjs","484","493","registerProtocol","函数","实现 registerProtocol 的调用与控制流程"
"desktop/main.cjs","495","506","enableAutoLaunch","函数","实现 enableAutoLaunch 的调用与控制流程"
"desktop/main.cjs","508","540","createTray","函数","实现 createTray 的调用与控制流程"
"desktop/main.cjs","519","519","函数@519","函数","实现 匿名逻辑 的调用与控制流程"
"desktop/main.cjs","523","526","函数@523","函数","实现 匿名逻辑 的调用与控制流程"
"desktop/main.cjs","531","534","函数@531","函数","实现 匿名逻辑 的调用与控制流程"
"desktop/main.cjs","538","538","函数@538","函数","实现 匿名逻辑 的调用与控制流程"
"desktop/main.cjs","542","547","focusMainWindow","函数","实现 focusMainWindow 的调用与控制流程"
"desktop/main.cjs","549","653","connectorStatusHtml","函数","实现 connectorStatusHtml 的调用与控制流程"
"desktop/main.cjs","655","699","createMainWindow","函数","实现 createMainWindow 的调用与控制流程"
"desktop/main.cjs","680","686","函数@680","函数","实现 匿名逻辑 的调用与控制流程"
"desktop/main.cjs","688","692","函数@688","函数","实现 匿名逻辑 的调用与控制流程"
"desktop/main.cjs","694","696","函数@694","函数","实现 匿名逻辑 的调用与控制流程"
"desktop/main.cjs","701","709","handleDeepLink","函数","实现 handleDeepLink 的调用与控制流程"
"desktop/main.cjs","716","727","函数@716","函数","实现 匿名逻辑 的调用与控制流程"
"desktop/main.cjs","717","717","函数@717","函数","实现 匿名逻辑 的调用与控制流程"
"desktop/main.cjs","729","732","函数@729","函数","实现 匿名逻辑 的调用与控制流程"
"desktop/main.cjs","734","743","函数@734","函数","实现 匿名逻辑 的调用与控制流程"
"desktop/main.cjs","739","740","函数@739","函数","实现 匿名逻辑 的调用与控制流程"
"desktop/main.cjs","745","747","函数@745","函数","实现 匿名逻辑 的调用与控制流程"
"desktop/main.cjs","749","752","函数@749","函数","实现 匿名逻辑 的调用与控制流程"
"desktop/main.cjs","754","762","函数@754","函数","实现 匿名逻辑 的调用与控制流程"
"desktop/main.cjs","764","769","函数@764","函数","实现 匿名逻辑 的调用与控制流程"
"eslint.config.mjs","1","1","导入@1","导入","引入本文件依赖"
"eslint.config.mjs","2","2","导入@2","导入","引入本文件依赖"
"eslint.config.mjs","3","3","导入@3","导入","引入本文件依赖"
"eslint.config.mjs","18","18","default export","导出","向其他模块公开能力"
"extensions/google-scholar/background.js","3","8","STORAGE_KEYS","变量","保存或计算 STORAGE_KEYS 所需的数据"
"extensions/google-scholar/background.js","10","17","ManualUploadRequiredError","类","封装 ManualUploadRequiredError 的状态和行为"
"extensions/google-scholar/background.js","22","28","responseErrorMessage","函数","实现 responseErrorMessage 的调用与控制流程"
"extensions/google-scholar/background.js","30","43","normalizeBaseUrl","函数","实现 normalizeBaseUrl 的调用与控制流程"
"extensions/google-scholar/background.js","45","49","storageGet","函数","实现 storageGet 的调用与控制流程"
"extensions/google-scholar/background.js","46","48","函数@46","函数","实现 匿名逻辑 的调用与控制流程"
"extensions/google-scholar/background.js","51","55","storageSet","函数","实现 storageSet 的调用与控制流程"
"extensions/google-scholar/background.js","52","54","函数@52","函数","实现 匿名逻辑 的调用与控制流程"
"extensions/google-scholar/background.js","57","63","getConfig","函数","实现 getConfig 的调用与控制流程"
"extensions/google-scholar/background.js","65","73","saveAuthToken","函数","实现 saveAuthToken 的调用与控制流程"
"extensions/google-scholar/background.js","75","89","readJwtExpiresAt","函数","实现 readJwtExpiresAt 的调用与控制流程"
"extensions/google-scholar/background.js","91","109","refreshAuthToken","函数","实现 refreshAuthToken 的调用与控制流程"
"extensions/google-scholar/background.js","96","96","函数@96","函数","实现 匿名逻辑 的调用与控制流程"
"extensions/google-scholar/background.js","111","121","getUsableAuthToken","函数","实现 getUsableAuthToken 的调用与控制流程"
"extensions/google-scholar/background.js","123","125","savePaperToBackend","函数","实现 savePaperToBackend 的调用与控制流程"
"extensions/google-scholar/background.js","127","134","sanitizeFilePart","函数","实现 sanitizeFilePart 的调用与控制流程"
"extensions/google-scholar/background.js","136","148","fileNameFromPaper","函数","实现 fileNameFromPaper 的调用与控制流程"
"extensions/google-scholar/background.js","150","162","openPdfForManualDownload","函数","实现 openPdfForManualDownload 的调用与控制流程"
"extensions/google-scholar/background.js","157","161","函数@157","函数","实现 匿名逻辑 的调用与控制流程"
"extensions/google-scholar/background.js","158","160","函数@158","函数","实现 匿名逻辑 的调用与控制流程"
"extensions/google-scholar/background.js","164","198","downloadPdfFromBrowser","函数","实现 downloadPdfFromBrowser 的调用与控制流程"
"extensions/google-scholar/background.js","200","253","savePaperToBackendWithFolders","函数","实现 savePaperToBackendWithFolders 的调用与控制流程"
"extensions/google-scholar/background.js","246","246","函数@246","函数","实现 匿名逻辑 的调用与控制流程"
"extensions/google-scholar/background.js","255","289","loadFoldersFromBackend","函数","实现 loadFoldersFromBackend 的调用与控制流程"
"extensions/google-scholar/background.js","279","279","函数@279","函数","实现 匿名逻辑 的调用与控制流程"
"extensions/google-scholar/background.js","291","303","getUploadConfig","函数","实现 getUploadConfig 的调用与控制流程"
"extensions/google-scholar/background.js","305","410","函数@305","函数","实现 匿名逻辑 的调用与控制流程"
"extensions/google-scholar/background.js","307","310","函数@307","函数","实现 匿名逻辑 的调用与控制流程"
"extensions/google-scholar/background.js","315","326","函数@315","函数","实现 匿名逻辑 的调用与控制流程"
"extensions/google-scholar/background.js","331","344","函数@331","函数","实现 匿名逻辑 的调用与控制流程"
"extensions/google-scholar/background.js","349","364","函数@349","函数","实现 匿名逻辑 的调用与控制流程"
"extensions/google-scholar/background.js","372","407","函数@372","函数","实现 匿名逻辑 的调用与控制流程"
"extensions/google-scholar/background.js","379","384","status","变量","保存或计算 status 所需的数据"
"extensions/google-scholar/background.js","390","395","status","变量","保存或计算 status 所需的数据"
"extensions/google-scholar/connect-bridge.js","1","24","函数@1","函数","实现 匿名逻辑 的调用与控制流程"
"extensions/google-scholar/content.js","1","589","函数@1","函数","实现 匿名逻辑 的调用与控制流程"
"extensions/google-scholar/content.js","11","18","userFacingErrorMessage","函数","实现 userFacingErrorMessage 的调用与控制流程"
"extensions/google-scholar/content.js","20","22","text","函数","实现 text 的调用与控制流程"
"extensions/google-scholar/content.js","24","27","parseYear","函数","实现 parseYear 的调用与控制流程"
"extensions/google-scholar/content.js","29","36","parseAuthors","函数","实现 parseAuthors 的调用与控制流程"
"extensions/google-scholar/content.js","34","34","函数@34","函数","实现 匿名逻辑 的调用与控制流程"
"extensions/google-scholar/content.js","38","47","parseCitedBy","函数","实现 parseCitedBy 的调用与控制流程"
"extensions/google-scholar/content.js","40","40","函数@40","函数","实现 匿名逻辑 的调用与控制流程"
"extensions/google-scholar/content.js","49","60","isLikelyPdfLink","函数","实现 isLikelyPdfLink 的调用与控制流程"
"extensions/google-scholar/content.js","62","70","parsePdfUrl","函数","实现 parsePdfUrl 的调用与控制流程"
"extensions/google-scholar/content.js","72","94","parsePaperFromContainer","函数","实现 parsePaperFromContainer 的调用与控制流程"
"extensions/google-scholar/content.js","96","126","setButtonState","函数","实现 setButtonState 的调用与控制流程"
"extensions/google-scholar/content.js","128","130","closeFolderModal","函数","实现 closeFolderModal 的调用与控制流程"
"extensions/google-scholar/content.js","132","134","closeManualUploadModal","函数","实现 closeManualUploadModal 的调用与控制流程"
"extensions/google-scholar/content.js","136","151","createFolderOption","函数","实现 createFolderOption 的调用与控制流程"
"extensions/google-scholar/content.js","153","253","chooseFolders","函数","实现 chooseFolders 的调用与控制流程"
"extensions/google-scholar/content.js","154","252","函数@154","函数","实现 匿名逻辑 的调用与控制流程"
"extensions/google-scholar/content.js","157","251","函数@157","函数","实现 匿名逻辑 的调用与控制流程"
"extensions/google-scholar/content.js","194","198","函数@194","函数","实现 匿名逻辑 的调用与控制流程"
"extensions/google-scholar/content.js","216","219","函数@216","函数","实现 匿名逻辑 的调用与控制流程"
"extensions/google-scholar/content.js","221","226","函数@221","函数","实现 匿名逻辑 的调用与控制流程"
"extensions/google-scholar/content.js","228","240","函数@228","函数","实现 匿名逻辑 的调用与控制流程"
"extensions/google-scholar/content.js","231","231","函数@231","函数","实现 匿名逻辑 的调用与控制流程"
"extensions/google-scholar/content.js","255","271","getUploadConfig","函数","实现 getUploadConfig 的调用与控制流程"
"extensions/google-scholar/content.js","256","270","函数@256","函数","实现 匿名逻辑 的调用与控制流程"
"extensions/google-scholar/content.js","257","269","函数@257","函数","实现 匿名逻辑 的调用与控制流程"
"extensions/google-scholar/content.js","273","289","refreshUploadConfig","函数","实现 refreshUploadConfig 的调用与控制流程"
"extensions/google-scholar/content.js","274","288","函数@274","函数","实现 匿名逻辑 的调用与控制流程"
"extensions/google-scholar/content.js","275","287","函数@275","函数","实现 匿名逻辑 的调用与控制流程"
"extensions/google-scholar/content.js","291","340","uploadManualPdf","函数","实现 uploadManualPdf 的调用与控制流程"
"extensions/google-scholar/content.js","327","327","函数@327","函数","实现 匿名逻辑 的调用与控制流程"
"extensions/google-scholar/content.js","342","479","showManualUploadDialog","函数","实现 showManualUploadDialog 的调用与控制流程"
"extensions/google-scholar/content.js","400","403","函数@400","函数","实现 匿名逻辑 的调用与控制流程"
"extensions/google-scholar/content.js","405","408","函数@405","函数","实现 匿名逻辑 的调用与控制流程"
"extensions/google-scholar/content.js","410","427","函数@410","函数","实现 匿名逻辑 的调用与控制流程"
"extensions/google-scholar/content.js","429","462","函数@429","函数","实现 匿名逻辑 的调用与控制流程"
"extensions/google-scholar/content.js","430","461","函数@430","函数","实现 匿名逻辑 的调用与控制流程"
"extensions/google-scholar/content.js","481","537","savePaper","函数","实现 savePaper 的调用与控制流程"
"extensions/google-scholar/content.js","539","573","injectSaveButton","函数","实现 injectSaveButton 的调用与控制流程"
"extensions/google-scholar/content.js","559","563","函数@559","函数","实现 匿名逻辑 的调用与控制流程"
"extensions/google-scholar/content.js","575","577","scanResults","函数","实现 scanResults 的调用与控制流程"
"extensions/google-scholar/content.js","581","583","函数@581","函数","实现 匿名逻辑 的调用与控制流程"
"extensions/google-scholar/popup.js","3","8","STORAGE_KEYS","变量","保存或计算 STORAGE_KEYS 所需的数据"
"extensions/google-scholar/popup.js","23","30","userFacingErrorMessage","函数","实现 userFacingErrorMessage 的调用与控制流程"
"extensions/google-scholar/popup.js","32","34","setStatus","函数","实现 setStatus 的调用与控制流程"
"extensions/google-scholar/popup.js","36","49","normalizeBaseUrl","函数","实现 normalizeBaseUrl 的调用与控制流程"
"extensions/google-scholar/popup.js","51","55","storageGet","函数","实现 storageGet 的调用与控制流程"
"extensions/google-scholar/popup.js","52","54","函数@52","函数","实现 匿名逻辑 的调用与控制流程"
"extensions/google-scholar/popup.js","57","61","storageSet","函数","实现 storageSet 的调用与控制流程"
"extensions/google-scholar/popup.js","58","60","函数@58","函数","实现 匿名逻辑 的调用与控制流程"
"extensions/google-scholar/popup.js","63","65","getBaseUrl","函数","实现 getBaseUrl 的调用与控制流程"
"extensions/google-scholar/popup.js","67","69","getAuthToken","函数","实现 getAuthToken 的调用与控制流程"
"extensions/google-scholar/popup.js","71","82","loadSettings","函数","实现 loadSettings 的调用与控制流程"
"extensions/google-scholar/popup.js","84","100","renderSaveStatus","函数","实现 renderSaveStatus 的调用与控制流程"
"extensions/google-scholar/popup.js","102","130","renderFolders","函数","实现 renderFolders 的调用与控制流程"
"extensions/google-scholar/popup.js","110","117","函数@110","函数","实现 匿名逻辑 的调用与控制流程"
"extensions/google-scholar/popup.js","121","129","函数@121","函数","实现 匿名逻辑 的调用与控制流程"
"extensions/google-scholar/popup.js","122","128","函数@122","函数","实现 匿名逻辑 的调用与控制流程"
"extensions/google-scholar/popup.js","125","125","函数@125","函数","实现 匿名逻辑 的调用与控制流程"
"extensions/google-scholar/popup.js","132","138","saveSettings","函数","实现 saveSettings 的调用与控制流程"
"extensions/google-scholar/popup.js","140","174","connectAccount","函数","实现 connectAccount 的调用与控制流程"
"extensions/google-scholar/popup.js","151","151","函数@151","函数","实现 匿名逻辑 的调用与控制流程"
"extensions/google-scholar/popup.js","176","207","loadFolders","函数","实现 loadFolders 的调用与控制流程"
"extensions/google-scholar/popup.js","194","194","函数@194","函数","实现 匿名逻辑 的调用与控制流程"
"extensions/google-scholar/popup.js","209","211","函数@209","函数","实现 匿名逻辑 的调用与控制流程"
"extensions/google-scholar/popup.js","213","215","函数@213","函数","实现 匿名逻辑 的调用与控制流程"
"extensions/google-scholar/popup.js","217","219","函数@217","函数","实现 匿名逻辑 的调用与控制流程"
"extensions/google-scholar/popup.js","221","223","函数@221","函数","实现 匿名逻辑 的调用与控制流程"
"extensions/google-scholar/popup.js","225","227","函数@225","函数","实现 匿名逻辑 的调用与控制流程"
"extensions/google-scholar/popup.js","229","242","函数@229","函数","实现 匿名逻辑 的调用与控制流程"
"lib/ai/chat-models.ts","8","8","ChatModelTier","类型","定义 ChatModelTier 的数据契约"
"lib/ai/chat-models.ts","12","12","ChatModelProvider","类型","定义 ChatModelProvider 的数据契约"
"lib/ai/chat-models.ts","14","25","ChatModelOption","类型","定义 ChatModelOption 的数据契约"
"lib/ai/chat-models.ts","76","78","isChatModelTier","函数","实现 isChatModelTier 的调用与控制流程"
"lib/ai/chat-models.ts","80","85","getChatModelOption","函数","实现 getChatModelOption 的调用与控制流程"
"lib/ai/chat-models.ts","82","82","函数@82","函数","实现 匿名逻辑 的调用与控制流程"
"lib/ai/cost.ts","1","6","AiTokenUsage","类型","定义 AiTokenUsage 的数据契约"
"lib/ai/cost.ts","8","12","ModelPrice","类型","定义 ModelPrice 的数据契约"
"lib/ai/cost.ts","14","55","MODEL_PRICES","变量","保存或计算 MODEL_PRICES 所需的数据"
"lib/ai/cost.ts","57","76","estimateModelCostUsd","函数","实现 estimateModelCostUsd 的调用与控制流程"
"lib/ai/errors.ts","1","14","AIProviderError","类","封装 AIProviderError 的状态和行为"
"lib/ai/image-generation.ts","3","3","导入@3","导入","引入本文件依赖"
"lib/ai/image-generation.ts","4","4","导入@4","导入","引入本文件依赖"
"lib/ai/image-generation.ts","5","5","导入@5","导入","引入本文件依赖"
"lib/ai/image-generation.ts","11","22","getOpenAIClient","函数","实现 getOpenAIClient 的调用与控制流程"
"lib/ai/image-generation.ts","24","30","textFromMessage","函数","实现 textFromMessage 的调用与控制流程"
"lib/ai/image-generation.ts","27","27","函数@27","函数","实现 匿名逻辑 的调用与控制流程"
"lib/ai/image-generation.ts","28","28","函数@28","函数","实现 匿名逻辑 的调用与控制流程"
"lib/ai/image-generation.ts","32","36","compact","函数","实现 compact 的调用与控制流程"
"lib/ai/image-generation.ts","38","77","isGptImageRequest","函数","实现 isGptImageRequest 的调用与控制流程"
"lib/ai/image-generation.ts","79","109","buildImagePrompt","函数","实现 buildImagePrompt 的调用与控制流程"
"lib/ai/image-generation.ts","81","81","函数@81","函数","实现 匿名逻辑 的调用与控制流程"
"lib/ai/image-generation.ts","83","86","函数@83","函数","实现 匿名逻辑 的调用与控制流程"
"lib/ai/image-generation.ts","87","87","函数@87","函数","实现 匿名逻辑 的调用与控制流程"
"lib/ai/image-generation.ts","111","153","generateResearchImage","函数","实现 generateResearchImage 的调用与控制流程"
"lib/ai/openai.ts","3","3","导入@3","导入","引入本文件依赖"
"lib/ai/openai.ts","4","4","导入@4","导入","引入本文件依赖"
"lib/ai/openai.ts","5","5","导入@5","导入","引入本文件依赖"
"lib/ai/openai.ts","6","6","导入@6","导入","引入本文件依赖"
"lib/ai/openai.ts","7","7","导入@7","导入","引入本文件依赖"
"lib/ai/openai.ts","8","8","导入@8","导入","引入本文件依赖"
"lib/ai/openai.ts","9","9","导入@9","导入","引入本文件依赖"
"lib/ai/openai.ts","10","10","导入@10","导入","引入本文件依赖"
"lib/ai/openai.ts","15","26","getOpenAIClient","函数","实现 getOpenAIClient 的调用与控制流程"
"lib/ai/openai.ts","28","42","getDeepSeekClient","函数","实现 getDeepSeekClient 的调用与控制流程"
"lib/ai/openai.ts","44","50","ResponsesChatOptions","类型","定义 ResponsesChatOptions 的数据契约"
"lib/ai/openai.ts","52","216","openResponsesChatStream","函数","实现 openResponsesChatStream 的调用与控制流程"
"lib/ai/openai.ts","76","76","函数@76","函数","实现 匿名逻辑 的调用与控制流程"
"lib/ai/openai.ts","77","83","函数@77","函数","实现 匿名逻辑 的调用与控制流程"
"lib/ai/openai.ts","81","81","函数@81","函数","实现 匿名逻辑 的调用与控制流程"
"lib/ai/openai.ts","82","82","函数@82","函数","实现 匿名逻辑 的调用与控制流程"
"lib/ai/openai.ts","87","87","函数@87","函数","实现 匿名逻辑 的调用与控制流程"
"lib/ai/openai.ts","88","102","函数@88","函数","实现 匿名逻辑 的调用与控制流程"
"lib/ai/openai.ts","93","100","函数@93","函数","实现 匿名逻辑 的调用与控制流程"
"lib/ai/openai.ts","172","175","函数@172","函数","实现 匿名逻辑 的调用与控制流程"
"lib/ai/openai.ts","218","307","openDeepSeekChatStream","函数","实现 openDeepSeekChatStream 的调用与控制流程"
"lib/ai/openai.ts","309","311","getTextModel","函数","实现 getTextModel 的调用与控制流程"
"lib/ai/openai.ts","313","315","getVisionModel","函数","实现 getVisionModel 的调用与控制流程"
"lib/ai/openai.ts","317","323","getModelForMessages","函数","实现 getModelForMessages 的调用与控制流程"
"lib/ai/openai.ts","325","359","toOpenAIMessages","函数","实现 toOpenAIMessages 的调用与控制流程"
"lib/ai/openai.ts","328","358","函数@328","函数","实现 匿名逻辑 的调用与控制流程"
"lib/ai/openai.ts","337","337","函数@337","函数","实现 匿名逻辑 的调用与控制流程"
"lib/ai/openai.ts","338","338","函数@338","函数","实现 匿名逻辑 的调用与控制流程"
"lib/ai/openai.ts","348","348","函数@348","函数","实现 匿名逻辑 的调用与控制流程"
"lib/ai/openai.ts","349","349","函数@349","函数","实现 匿名逻辑 的调用与控制流程"
"lib/ai/openai.ts","361","423","openChatCompletionStream","函数","实现 openChatCompletionStream 的调用与控制流程"
"lib/ai/openai.ts","376","400","函数@376","函数","实现 匿名逻辑 的调用与控制流程"
"lib/ai/openai.ts","380","398","函数@380","函数","实现 匿名逻辑 的调用与控制流程"
"lib/ai/openai.ts","425","441","logStreamResponseModel","函数","实现 logStreamResponseModel 的调用与控制流程"
"lib/ai/openai.ts","443","466","openaiProvider","变量","保存或计算 openaiProvider 所需的数据"
"lib/ai/openai.ts","446","465","streamChat","方法","实现 streamChat 的调用与控制流程"
"lib/ai/openai.ts","468","497","toProviderError","函数","实现 toProviderError 的调用与控制流程"
"lib/ai/provider.ts","3","3","导入@3","导入","引入本文件依赖"
"lib/ai/provider.ts","4","4","导入@4","导入","引入本文件依赖"
"lib/ai/provider.ts","5","12","导入@5","导入","引入本文件依赖"
"lib/ai/provider.ts","13","13","导入@13","导入","引入本文件依赖"
"lib/ai/provider.ts","15","15","导出@15","导出","向其他模块公开能力"
"lib/ai/provider.ts","16","16","导出@16","导出","向其他模块公开能力"
"lib/ai/provider.ts","18","41","PROVIDER_REGISTRY","变量","保存或计算 PROVIDER_REGISTRY 所需的数据"
"lib/ai/provider.ts","22","27","函数@22","函数","实现 匿名逻辑 的调用与控制流程"
"lib/ai/provider.ts","31","39","函数@31","函数","实现 匿名逻辑 的调用与控制流程"
"lib/ai/provider.ts","43","61","parseProviderName","函数","实现 parseProviderName 的调用与控制流程"
"lib/ai/provider.ts","63","65","getConfiguredProviderName","函数","实现 getConfiguredProviderName 的调用与控制流程"
"lib/ai/provider.ts","67","71","getAIProvider","函数","实现 getAIProvider 的调用与控制流程"
"lib/ai/provider.ts","73","79","streamChatText","函数","实现 streamChatText 的调用与控制流程"
"lib/ai/provider.ts","81","114","createChatStream","函数","实现 createChatStream 的调用与控制流程"
"lib/ai/provider.ts","90","90","函数@90","函数","实现 匿名逻辑 的调用与控制流程"
"lib/ai/provider.ts","94","97","streamOptions","变量","保存或计算 streamOptions 所需的数据"
"lib/ai/provider.ts","100","109","start","方法","实现 start 的调用与控制流程"
"lib/ai/provider.ts","110","112","cancel","方法","实现 cancel 的调用与控制流程"
"lib/ai/provider.ts","116","158","createConnectedChatStream","函数","实现 createConnectedChatStream 的调用与控制流程"
"lib/ai/provider.ts","125","125","函数@125","函数","实现 匿名逻辑 的调用与控制流程"
"lib/ai/provider.ts","129","132","streamOptions","变量","保存或计算 streamOptions 所需的数据"
"lib/ai/provider.ts","138","150","start","方法","实现 start 的调用与控制流程"
"lib/ai/provider.ts","151","153","cancel","方法","实现 cancel 的调用与控制流程"
"lib/ai/provider.ts","160","173","normalizeStreamError","函数","实现 normalizeStreamError 的调用与控制流程"
"lib/ai/provider.ts","175","269","validateMessageContent","函数","实现 validateMessageContent 的调用与控制流程"
"lib/ai/provider.ts","241","241","函数@241","函数","实现 匿名逻辑 的调用与控制流程"
"lib/ai/provider.ts","255","256","函数@255","函数","实现 匿名逻辑 的调用与控制流程"
"lib/ai/provider.ts","258","258","函数@258","函数","实现 匿名逻辑 的调用与控制流程"
"lib/ai/provider.ts","271","313","validateChatMessages","函数","实现 validateChatMessages 的调用与控制流程"
"lib/ai/types.ts","1","1","ChatRole","类型","定义 ChatRole 的数据契约"
"lib/ai/types.ts","3","6","TextContentPart","类型","定义 TextContentPart 的数据契约"
"lib/ai/types.ts","8","14","ImageContentPart","类型","定义 ImageContentPart 的数据契约"
"lib/ai/types.ts","16","16","MessageContentPart","类型","定义 MessageContentPart 的数据契约"
"lib/ai/types.ts","18","18","MessageContent","类型","定义 MessageContent 的数据契约"
"lib/ai/types.ts","20","23","ChatMessage","类型","定义 ChatMessage 的数据契约"
"lib/ai/types.ts","25","30","StreamChatOptions","类型","定义 StreamChatOptions 的数据契约"
"lib/ai/types.ts","32","32","AIProviderName","类型","定义 AIProviderName 的数据契约"
"lib/ai/types.ts","34","37","AIProviderAdapter","接口","定义 AIProviderAdapter 的数据契约"
"lib/ai/types.ts","39","44","messageHasImageContent","函数","实现 messageHasImageContent 的调用与控制流程"
"lib/ai/types.ts","42","42","函数@42","函数","实现 匿名逻辑 的调用与控制流程"
"lib/ai/types.ts","46","48","messagesIncludeImages","函数","实现 messagesIncludeImages 的调用与控制流程"
"lib/ai/types.ts","50","60","getTextFromMessageContent","函数","实现 getTextFromMessageContent 的调用与控制流程"
"lib/ai/types.ts","56","56","函数@56","函数","实现 匿名逻辑 的调用与控制流程"
"lib/ai/types.ts","57","57","函数@57","函数","实现 匿名逻辑 的调用与控制流程"
"lib/ai/usage-ledger.ts","1","1","导入@1","导入","引入本文件依赖"
"lib/ai/usage-ledger.ts","2","2","导入@2","导入","引入本文件依赖"
"lib/ai/usage-ledger.ts","3","3","导入@3","导入","引入本文件依赖"
"lib/ai/usage-ledger.ts","4","4","导入@4","导入","引入本文件依赖"
"lib/ai/usage-ledger.ts","5","5","导入@5","导入","引入本文件依赖"
"lib/ai/usage-ledger.ts","7","7","UsageEvent","类型","定义 UsageEvent 的数据契约"
"lib/ai/usage-ledger.ts","9","14","dailyBudgetUsd","函数","实现 dailyBudgetUsd 的调用与控制流程"
"lib/ai/usage-ledger.ts","16","46","assertDailyAiBudgetAvailable","函数","实现 assertDailyAiBudgetAvailable 的调用与控制流程"
"lib/ai/usage-ledger.ts","37","37","函数@37","函数","实现 匿名逻辑 的调用与控制流程"
"lib/ai/usage-ledger.ts","48","78","recordAiUsage","函数","实现 recordAiUsage 的调用与控制流程"
"lib/analysis/classifier.ts","3","7","导入@3","导入","引入本文件依赖"
"lib/analysis/classifier.ts","9","13","AttachmentClassification","类型","定义 AttachmentClassification 的数据契约"
"lib/analysis/classifier.ts","15","31","classifyAttachment","函数","实现 classifyAttachment 的调用与控制流程"
"lib/analysis/classifier.ts","33","51","describeParser","函数","实现 describeParser 的调用与控制流程"
"lib/analysis/classifier.ts","53","69","parseStageForClassification","函数","实现 parseStageForClassification 的调用与控制流程"
"lib/analysis/engine.ts","3","3","导入@3","导入","引入本文件依赖"
"lib/analysis/engine.ts","4","9","导入@4","导入","引入本文件依赖"
"lib/analysis/engine.ts","11","17","DefaultAnalysisEngine","类","封装 DefaultAnalysisEngine 的状态和行为"
"lib/analysis/engine.ts","14","16","analyze","方法","实现 analyze 的调用与控制流程"
"lib/analysis/engine.ts","19","21","createDefaultAnalysisEngine","函数","实现 createDefaultAnalysisEngine 的调用与控制流程"
"lib/analysis/evidence.ts","3","3","导入@3","导入","引入本文件依赖"
"lib/analysis/evidence.ts","4","4","导入@4","导入","引入本文件依赖"
"lib/analysis/evidence.ts","6","6","导入@6","导入","引入本文件依赖"
"lib/analysis/evidence.ts","8","17","structuredDocumentFromParsed","函数","实现 structuredDocumentFromParsed 的调用与控制流程"
"lib/analysis/evidence.ts","19","25","imageEvidenceFromParsed","函数","实现 imageEvidenceFromParsed 的调用与控制流程"
"lib/analysis/evidence.ts","27","32","buildAnalysisEvidence","函数","实现 buildAnalysisEvidence 的调用与控制流程"
"lib/analysis/evidence.ts","34","36","emptyAnalysisEvidence","函数","实现 emptyAnalysisEvidence 的调用与控制流程"
"lib/analysis/prompt-builder.ts","3","3","导入@3","导入","引入本文件依赖"
"lib/analysis/prompt-builder.ts","4","7","导入@4","导入","引入本文件依赖"
"lib/analysis/prompt-builder.ts","9","9","导入@9","导入","引入本文件依赖"
"lib/analysis/prompt-builder.ts","14","32","ANALYSIS_SYSTEM_MESSAGE","变量","保存或计算 ANALYSIS_SYSTEM_MESSAGE 所需的数据"
"lib/analysis/prompt-builder.ts","34","57","withAnalysisGuidance","函数","实现 withAnalysisGuidance 的调用与控制流程"
"lib/analysis/prompt-builder.ts","46","49","函数@46","函数","实现 匿名逻辑 的调用与控制流程"
"lib/analysis/prompt-builder.ts","59","91","buildDefaultUserMessage","函数","实现 buildDefaultUserMessage 的调用与控制流程"
"lib/analysis/prompt-builder.ts","93","113","buildUserMessageWithEvidence","函数","实现 buildUserMessageWithEvidence 的调用与控制流程"
"lib/analysis/prompt-builder.ts","105","110","函数@105","函数","实现 匿名逻辑 的调用与控制流程"
"lib/analysis/prompt-builder.ts","115","151","applyEvidenceToMessages","函数","实现 applyEvidenceToMessages 的调用与控制流程"
"lib/analysis/types.ts","3","3","导入@3","导入","引入本文件依赖"
"lib/analysis/types.ts","4","4","导入@4","导入","引入本文件依赖"
"lib/analysis/types.ts","6","11","StructuredDocument","类型","定义 StructuredDocument 的数据契约"
"lib/analysis/types.ts","13","17","ImageEvidence","类型","定义 ImageEvidence 的数据契约"
"lib/analysis/types.ts","19","22","AnalysisEvidence","类型","定义 AnalysisEvidence 的数据契约"
"lib/analysis/types.ts","24","28","AnalysisInput","类型","定义 AnalysisInput 的数据契约"
"lib/analysis/types.ts","30","34","AnalysisResult","类型","定义 AnalysisResult 的数据契约"
"lib/analysis/types.ts","36","43","AttachmentProcessingResult","类型","定义 AttachmentProcessingResult 的数据契约"
"lib/analysis/types.ts","45","47","AnalysisWorkflow","接口","定义 AnalysisWorkflow 的数据契约"
"lib/analysis/types.ts","49","51","AnalysisEngine","接口","定义 AnalysisEngine 的数据契约"
"lib/analysis/workflow.ts","3","3","导入@3","导入","引入本文件依赖"
"lib/analysis/workflow.ts","4","4","导入@4","导入","引入本文件依赖"
"lib/analysis/workflow.ts","5","5","导入@5","导入","引入本文件依赖"
"lib/analysis/workflow.ts","7","11","导入@7","导入","引入本文件依赖"
"lib/analysis/workflow.ts","12","16","导入@12","导入","引入本文件依赖"
"lib/analysis/workflow.ts","17","17","导入@17","导入","引入本文件依赖"
"lib/analysis/workflow.ts","18","25","导入@18","导入","引入本文件依赖"
"lib/analysis/workflow.ts","27","51","toAttachmentParseError","函数","实现 toAttachmentParseError 的调用与控制流程"
"lib/analysis/workflow.ts","53","107","parseAttachmentFile","函数","实现 parseAttachmentFile 的调用与控制流程"
"lib/analysis/workflow.ts","109","184","DefaultAnalysisWorkflow","类","封装 DefaultAnalysisWorkflow 的状态和行为"
"lib/analysis/workflow.ts","110","183","run","方法","实现 run 的调用与控制流程"
"lib/analysis/workflow.ts","164","164","函数@164","函数","实现 匿名逻辑 的调用与控制流程"
"lib/analysis/workflow.ts","173","174","函数@173","函数","实现 匿名逻辑 的调用与控制流程"
"lib/chat/client.ts","3","3","导入@3","导入","引入本文件依赖"
"lib/chat/client.ts","4","4","导入@4","导入","引入本文件依赖"
"lib/chat/client.ts","5","5","导入@5","导入","引入本文件依赖"
"lib/chat/client.ts","6","6","导入@6","导入","引入本文件依赖"
"lib/chat/client.ts","7","7","导入@7","导入","引入本文件依赖"
"lib/chat/client.ts","8","8","导入@8","导入","引入本文件依赖"
"lib/chat/client.ts","10","30","ChatProjectContext","类型","定义 ChatProjectContext 的数据契约"
"lib/chat/client.ts","32","40","ChatClientError","类","封装 ChatClientError 的状态和行为"
"lib/chat/client.ts","42","48","isAbortError","函数","实现 isAbortError 的调用与控制流程"
"lib/chat/client.ts","50","57","AttachmentErrorPayload","类型","定义 AttachmentErrorPayload 的数据契约"
"lib/chat/client.ts","59","66","AttachmentPreparationResult","类型","定义 AttachmentPreparationResult 的数据契约"
"lib/chat/client.ts","68","103","parseApiError","函数","实现 parseApiError 的调用与控制流程"
"lib/chat/client.ts","105","170","prepareMessagesWithAttachments","函数","实现 prepareMessagesWithAttachments 的调用与控制流程"
"lib/chat/client.ts","172","296","streamChatResponse","函数","实现 streamChatResponse 的调用与控制流程"
"lib/chat/cloud-sync.ts","3","3","导入@3","导入","引入本文件依赖"
"lib/chat/cloud-sync.ts","4","4","导入@4","导入","引入本文件依赖"
"lib/chat/cloud-sync.ts","5","11","导入@5","导入","引入本文件依赖"
"lib/chat/cloud-sync.ts","12","12","导入@12","导入","引入本文件依赖"
"lib/chat/cloud-sync.ts","13","13","导入@13","导入","引入本文件依赖"
"lib/chat/cloud-sync.ts","15","27","getAuthenticatedUserId","函数","实现 getAuthenticatedUserId 的调用与控制流程"
"lib/chat/cloud-sync.ts","29","76","fetchCloudConversations","函数","实现 fetchCloudConversations 的调用与控制流程"
"lib/chat/cloud-sync.ts","47","47","函数@47","函数","实现 匿名逻辑 的调用与控制流程"
"lib/chat/cloud-sync.ts","71","72","函数@71","函数","实现 匿名逻辑 的调用与控制流程"
"lib/chat/cloud-sync.ts","78","100","createCloudChat","函数","实现 createCloudChat 的调用与控制流程"
"lib/chat/cloud-sync.ts","102","117","migrateLocalConversationsToCloud","函数","实现 migrateLocalConversationsToCloud 的调用与控制流程"
"lib/chat/cloud-sync.ts","119","160","syncCloudMessages","函数","实现 syncCloudMessages 的调用与控制流程"
"lib/chat/cloud-sync.ts","162","175","deleteCloudChat","函数","实现 deleteCloudChat 的调用与控制流程"
"lib/chat/cloud-sync.ts","177","204","fetchCloudChatMessages","函数","实现 fetchCloudChatMessages 的调用与控制流程"
"lib/chat/cloud-sync.ts","195","202","函数@195","函数","实现 匿名逻辑 的调用与控制流程"
"lib/chat/cloud-types.ts","1","1","导入@1","导入","引入本文件依赖"
"lib/chat/cloud-types.ts","2","2","导入@2","导入","引入本文件依赖"
"lib/chat/cloud-types.ts","3","3","导入@3","导入","引入本文件依赖"
"lib/chat/cloud-types.ts","4","4","导入@4","导入","引入本文件依赖"
"lib/chat/cloud-types.ts","5","5","导入@5","导入","引入本文件依赖"
"lib/chat/cloud-types.ts","6","6","导入@6","导入","引入本文件依赖"
"lib/chat/cloud-types.ts","8","14","ChatRow","类型","定义 ChatRow 的数据契约"
"lib/chat/cloud-types.ts","16","25","MessageRow","类型","定义 MessageRow 的数据契约"
"lib/chat/cloud-types.ts","27","34","MessageRowInsert","类型","定义 MessageRowInsert 的数据契约"
"lib/chat/cloud-types.ts","36","64","parseAttachments","函数","实现 parseAttachments 的调用与控制流程"
"lib/chat/cloud-types.ts","41","61","函数@41","函数","实现 匿名逻辑 的调用与控制流程"
"lib/chat/cloud-types.ts","66","72","messageRowToDisplay","函数","实现 messageRowToDisplay 的调用与控制流程"
"lib/chat/cloud-types.ts","74","89","chatRowsToConversation","函数","实现 chatRowsToConversation 的调用与控制流程"
"lib/chat/cloud-types.ts","79","79","函数@79","函数","实现 匿名逻辑 的调用与控制流程"
"lib/chat/cloud-types.ts","91","104","messagesToRows","函数","实现 messagesToRows 的调用与控制流程"
"lib/chat/cloud-types.ts","96","103","函数@96","函数","实现 匿名逻辑 的调用与控制流程"
"lib/chat/cloud-types.ts","106","131","mapMessageRow","函数","实现 mapMessageRow 的调用与控制流程"
"lib/chat/cloud-types.ts","133","141","CloudSyncError","类","封装 CloudSyncError 的状态和行为"
"lib/chat/context-budget.ts","1","1","导入@1","导入","引入本文件依赖"
"lib/chat/context-budget.ts","2","2","导入@2","导入","引入本文件依赖"
"lib/chat/context-budget.ts","3","3","导入@3","导入","引入本文件依赖"
"lib/chat/context-budget.ts","5","10","TOTAL_CHARACTER_BUDGET","变量","保存或计算 TOTAL_CHARACTER_BUDGET 所需的数据"
"lib/chat/context-budget.ts","12","17","MESSAGE_CHARACTER_BUDGET","变量","保存或计算 MESSAGE_CHARACTER_BUDGET 所需的数据"
"lib/chat/context-budget.ts","19","38","truncateContent","函数","实现 truncateContent 的调用与控制流程"
"lib/chat/context-budget.ts","40","74","applyChatContextBudget","函数","实现 applyChatContextBudget 的调用与控制流程"
"lib/chat/context-budget.ts","44","44","函数@44","函数","实现 匿名逻辑 的调用与控制流程"
"lib/chat/context-budget.ts","45","45","函数@45","函数","实现 匿名逻辑 的调用与控制流程"
"lib/chat/context-budget.ts","76","90","insertContextBeforeLastUser","函数","实现 insertContextBeforeLastUser 的调用与控制流程"
"lib/chat/context-budget.ts","81","81","函数@81","函数","实现 匿名逻辑 的调用与控制流程"
"lib/chat/context-bundle.ts","1","1","导入@1","导入","引入本文件依赖"
"lib/chat/context-bundle.ts","2","2","导入@2","导入","引入本文件依赖"
"lib/chat/context-bundle.ts","3","3","导入@3","导入","引入本文件依赖"
"lib/chat/context-bundle.ts","5","39","ContextBundle","类型","定义 ContextBundle 的数据契约"
"lib/chat/context-bundle.ts","48","52","compact","函数","实现 compact 的调用与控制流程"
"lib/chat/context-bundle.ts","54","62","stripGeneratedFileFooter","函数","实现 stripGeneratedFileFooter 的调用与控制流程"
"lib/chat/context-bundle.ts","64","67","lastUserText","函数","实现 lastUserText 的调用与控制流程"
"lib/chat/context-bundle.ts","65","65","函数@65","函数","实现 匿名逻辑 的调用与控制流程"
"lib/chat/context-bundle.ts","69","85","previousAssistantTextBeforeLastUser","函数","实现 previousAssistantTextBeforeLastUser 的调用与控制流程"
"lib/chat/context-bundle.ts","71","71","函数@71","函数","实现 匿名逻辑 的调用与控制流程"
"lib/chat/context-bundle.ts","87","102","recentConversationSummary","函数","实现 recentConversationSummary 的调用与控制流程"
"lib/chat/context-bundle.ts","89","89","函数@89","函数","实现 匿名逻辑 的调用与控制流程"
"lib/chat/context-bundle.ts","91","98","函数@91","函数","实现 匿名逻辑 的调用与控制流程"
"lib/chat/context-bundle.ts","104","151","activeFilesSummary","函数","实现 activeFilesSummary 的调用与控制流程"
"lib/chat/context-bundle.ts","119","142","函数@119","函数","实现 匿名逻辑 的调用与控制流程"
"lib/chat/context-bundle.ts","120","121","函数@120","函数","实现 匿名逻辑 的调用与控制流程"
"lib/chat/context-bundle.ts","125","134","函数@125","函数","实现 匿名逻辑 的调用与控制流程"
"lib/chat/context-bundle.ts","153","167","buildMemorySummary","函数","实现 buildMemorySummary 的调用与控制流程"
"lib/chat/context-bundle.ts","169","171","hasAny","函数","实现 hasAny 的调用与控制流程"
"lib/chat/context-bundle.ts","170","170","函数@170","函数","实现 匿名逻辑 的调用与控制流程"
"lib/chat/context-bundle.ts","173","180","isArtifactFollowUp","函数","实现 isArtifactFollowUp 的调用与控制流程"
"lib/chat/context-bundle.ts","182","189","isRevisionFollowUp","函数","实现 isRevisionFollowUp 的调用与控制流程"
"lib/chat/context-bundle.ts","191","196","isCritiqueFollowUp","函数","实现 isCritiqueFollowUp 的调用与控制流程"
"lib/chat/context-bundle.ts","198","203","isFileAnalysisRequest","函数","实现 isFileAnalysisRequest 的调用与控制流程"
"lib/chat/context-bundle.ts","205","210","selectedLocalFileCount","函数","实现 selectedLocalFileCount 的调用与控制流程"
"lib/chat/context-bundle.ts","212","329","buildContextBundle","函数","实现 buildContextBundle 的调用与控制流程"
"lib/chat/context-bundle.ts","331","381","contextBundleToSystemMessage","函数","实现 contextBundleToSystemMessage 的调用与控制流程"
"lib/chat/export-guidance.ts","3","3","导入@3","导入","引入本文件依赖"
"lib/chat/export-guidance.ts","5","15","EXPORT_GUIDANCE_SYSTEM_MESSAGE","变量","保存或计算 EXPORT_GUIDANCE_SYSTEM_MESSAGE 所需的数据"
"lib/chat/export-guidance.ts","17","30","withExportGuidance","函数","实现 withExportGuidance 的调用与控制流程"
"lib/chat/export-guidance.ts","19","22","函数@19","函数","实现 匿名逻辑 的调用与控制流程"
"lib/chat/history.ts","3","3","导入@3","导入","引入本文件依赖"
"lib/chat/history.ts","4","4","导入@4","导入","引入本文件依赖"
"lib/chat/history.ts","6","12","ChatConversation","类型","定义 ChatConversation 的数据契约"
"lib/chat/history.ts","14","17","ChatHistoryStorage","类型","定义 ChatHistoryStorage 的数据契约"
"lib/chat/history.ts","23","29","getChatHistoryStorageKey","函数","实现 getChatHistoryStorageKey 的调用与控制流程"
"lib/chat/history.ts","31","46","readStorageKey","函数","实现 readStorageKey 的调用与控制流程"
"lib/chat/history.ts","50","56","createConversationId","函数","实现 createConversationId 的调用与控制流程"
"lib/chat/history.ts","58","73","generateChatTitle","函数","实现 generateChatTitle 的调用与控制流程"
"lib/chat/history.ts","75","83","truncateTitle","函数","实现 truncateTitle 的调用与控制流程"
"lib/chat/history.ts","85","98","createConversation","函数","实现 createConversation 的调用与控制流程"
"lib/chat/history.ts","89","89","函数@89","函数","实现 匿名逻辑 的调用与控制流程"
"lib/chat/history.ts","100","107","sortConversationsByUpdated","函数","实现 sortConversationsByUpdated 的调用与控制流程"
"lib/chat/history.ts","104","105","函数@104","函数","实现 匿名逻辑 的调用与控制流程"
"lib/chat/history.ts","109","127","isDisplayChatMessage","函数","实现 isDisplayChatMessage 的调用与控制流程"
"lib/chat/history.ts","129","134","normalizeStoredConversation","函数","实现 normalizeStoredConversation 的调用与控制流程"
"lib/chat/history.ts","136","149","isChatConversation","函数","实现 isChatConversation 的调用与控制流程"
"lib/chat/history.ts","151","183","parseChatHistoryStorage","函数","实现 parseChatHistoryStorage 的调用与控制流程"
"lib/chat/history.ts","161","168","函数@161","函数","实现 匿名逻辑 的调用与控制流程"
"lib/chat/history.ts","164","166","函数@164","函数","实现 匿名逻辑 的调用与控制流程"
"lib/chat/history.ts","174","174","函数@174","函数","实现 匿名逻辑 的调用与控制流程"
"lib/chat/history.ts","185","200","loadChatHistory","函数","实现 loadChatHistory 的调用与控制流程"
"lib/chat/history.ts","202","221","saveChatHistory","函数","实现 saveChatHistory 的调用与控制流程"
"lib/chat/history.ts","223","229","clearChatHistoryCache","函数","实现 clearChatHistoryCache 的调用与控制流程"
"lib/chat/history.ts","231","246","upsertConversation","函数","实现 upsertConversation 的调用与控制流程"
"lib/chat/history.ts","236","236","函数@236","函数","实现 匿名逻辑 的调用与控制流程"
"lib/chat/history.ts","248","253","removeConversation","函数","实现 removeConversation 的调用与控制流程"
"lib/chat/history.ts","252","252","函数@252","函数","实现 匿名逻辑 的调用与控制流程"
"lib/chat/intent-router.ts","3","3","导入@3","导入","引入本文件依赖"
"lib/chat/intent-router.ts","4","4","导入@4","导入","引入本文件依赖"
"lib/chat/intent-router.ts","5","5","导入@5","导入","引入本文件依赖"
"lib/chat/intent-router.ts","6","6","导入@6","导入","引入本文件依赖"
"lib/chat/intent-router.ts","7","7","导入@7","导入","引入本文件依赖"
"lib/chat/intent-router.ts","8","8","导入@8","导入","引入本文件依赖"
"lib/chat/intent-router.ts","9","12","导入@9","导入","引入本文件依赖"
"lib/chat/intent-router.ts","13","13","导入@13","导入","引入本文件依赖"
"lib/chat/intent-router.ts","21","35","IntentKind","类型","定义 IntentKind 的数据契约"
"lib/chat/intent-router.ts","37","50","ToolName","类型","定义 ToolName 的数据契约"
"lib/chat/intent-router.ts","52","60","InputScope","类型","定义 InputScope 的数据契约"
"lib/chat/intent-router.ts","62","87","IntentRoute","类型","定义 IntentRoute 的数据契约"
"lib/chat/intent-router.ts","89","101","IntentPlan","类型","定义 IntentPlan 的数据契约"
"lib/chat/intent-router.ts","103","111","IntentRouterInput","类型","定义 IntentRouterInput 的数据契约"
"lib/chat/intent-router.ts","113","116","lastUserText","函数","实现 lastUserText 的调用与控制流程"
"lib/chat/intent-router.ts","114","114","函数@114","函数","实现 匿名逻辑 的调用与控制流程"
"lib/chat/intent-router.ts","118","122","compact","函数","实现 compact 的调用与控制流程"
"lib/chat/intent-router.ts","124","127","clampConfidence","函数","实现 clampConfidence 的调用与控制流程"
"lib/chat/intent-router.ts","129","146","isIntentKind","函数","实现 isIntentKind 的调用与控制流程"
"lib/chat/intent-router.ts","148","156","normalizeTools","函数","实现 normalizeTools 的调用与控制流程"
"lib/chat/intent-router.ts","151","151","函数@151","函数","实现 匿名逻辑 的调用与控制流程"
"lib/chat/intent-router.ts","158","174","normalizeScope","函数","实现 normalizeScope 的调用与控制流程"
"lib/chat/intent-router.ts","176","208","normalizeOutputType","函数","实现 normalizeOutputType 的调用与控制流程"
"lib/chat/intent-router.ts","210","217","estimateTokensFromText","函数","实现 estimateTokensFromText 的调用与控制流程"
"lib/chat/intent-router.ts","219","248","expectedOutputTokensForIntent","函数","实现 expectedOutputTokensForIntent 的调用与控制流程"
"lib/chat/intent-router.ts","250","313","buildTokenEstimate","函数","实现 buildTokenEstimate 的调用与控制流程"
"lib/chat/intent-router.ts","256","256","函数@256","函数","实现 匿名逻辑 的调用与控制流程"
"lib/chat/intent-router.ts","259","263","函数@259","函数","实现 匿名逻辑 的调用与控制流程"
"lib/chat/intent-router.ts","275","276","函数@275","函数","实现 匿名逻辑 的调用与控制流程"
"lib/chat/intent-router.ts","288","288","函数@288","函数","实现 匿名逻辑 的调用与控制流程"
"lib/chat/intent-router.ts","315","325","extractJsonObject","函数","实现 extractJsonObject 的调用与控制流程"
"lib/chat/intent-router.ts","327","365","createLocalPlan","函数","实现 createLocalPlan 的调用与控制流程"
"lib/chat/intent-router.ts","367","369","textIncludesAny","函数","实现 textIncludesAny 的调用与控制流程"
"lib/chat/intent-router.ts","368","368","函数@368","函数","实现 匿名逻辑 的调用与控制流程"
"lib/chat/intent-router.ts","371","412","isQuestionAboutExistingOutput","函数","实现 isQuestionAboutExistingOutput 的调用与控制流程"
"lib/chat/intent-router.ts","414","420","hasReusablePreviousOutput","函数","实现 hasReusablePreviousOutput 的调用与控制流程"
"lib/chat/intent-router.ts","422","442","queryUsesPreviousOutputAsSource","函数","实现 queryUsesPreviousOutputAsSource 的调用与控制流程"
"lib/chat/intent-router.ts","444","451","outputTypeFromQuery","函数","实现 outputTypeFromQuery 的调用与控制流程"
"lib/chat/intent-router.ts","453","478","intentForPreviousOutputTransform","函数","实现 intentForPreviousOutputTransform 的调用与控制流程"
"lib/chat/intent-router.ts","480","525","routeContextBundleFastPath","函数","实现 routeContextBundleFastPath 的调用与控制流程"
"lib/chat/intent-router.ts","527","735","routeFastPath","函数","实现 routeFastPath 的调用与控制流程"
"lib/chat/intent-router.ts","737","782","routeSafetyInterception","函数","实现 routeSafetyInterception 的调用与控制流程"
"lib/chat/intent-router.ts","784","832","planFromRecord","函数","实现 planFromRecord 的调用与控制流程"
"lib/chat/intent-router.ts","815","815","函数@815","函数","实现 匿名逻辑 的调用与控制流程"
"lib/chat/intent-router.ts","834","859","getRouterClient","函数","实现 getRouterClient 的调用与控制流程"
"lib/chat/intent-router.ts","861","881","fallbackIntentPlan","函数","实现 fallbackIntentPlan 的调用与控制流程"
"lib/chat/intent-router.ts","883","984","routeIntent","函数","实现 routeIntent 的调用与控制流程"
"lib/chat/intent-router.ts","897","897","函数@897","函数","实现 匿名逻辑 的调用与控制流程"
"lib/chat/intent-router.ts","899","902","函数@899","函数","实现 匿名逻辑 的调用与控制流程"
"lib/chat/intent-router.ts","986","1030","chatRouteFromIntent","函数","实现 chatRouteFromIntent 的调用与控制流程"
"lib/chat/intent-router.ts","987","1002","taskKindByIntent","变量","保存或计算 taskKindByIntent 所需的数据"
"lib/chat/intent-router.ts","1032","1034","intentRequestsGptImage","函数","实现 intentRequestsGptImage 的调用与控制流程"
"lib/chat/library-command.ts","1","4","导入@1","导入","引入本文件依赖"
"lib/chat/library-command.ts","6","44","LibraryCommandPlan","类型","定义 LibraryCommandPlan 的数据契约"
"lib/chat/library-command.ts","46","49","LibraryCommandResult","类型","定义 LibraryCommandResult 的数据契约"
"lib/chat/library-command.ts","51","56","cleanName","函数","实现 cleanName 的调用与控制流程"
"lib/chat/library-command.ts","58","64","cleanFolderQuery","函数","实现 cleanFolderQuery 的调用与控制流程"
"lib/chat/library-command.ts","66","70","normalized","函数","实现 normalized 的调用与控制流程"
"lib/chat/library-command.ts","72","76","isArtifactOrVisualRequest","函数","实现 isArtifactOrVisualRequest 的调用与控制流程"
"lib/chat/library-command.ts","78","104","resolveNamedItem","函数","实现 resolveNamedItem 的调用与控制流程"
"lib/chat/library-command.ts","87","87","函数@87","函数","实现 匿名逻辑 的调用与控制流程"
"lib/chat/library-command.ts","90","93","函数@90","函数","实现 匿名逻辑 的调用与控制流程"
"lib/chat/library-command.ts","106","183","planPaperFolderAction","函数","实现 planPaperFolderAction 的调用与控制流程"
"lib/chat/library-command.ts","116","116","函数@116","函数","实现 匿名逻辑 的调用与控制流程"
"lib/chat/library-command.ts","125","125","函数@125","函数","实现 匿名逻辑 的调用与控制流程"
"lib/chat/library-command.ts","185","387","planLibraryCommand","函数","实现 planLibraryCommand 的调用与控制流程"
"lib/chat/library-command.ts","200","200","函数@200","函数","实现 匿名逻辑 的调用与控制流程"
"lib/chat/library-command.ts","220","220","函数@220","函数","实现 匿名逻辑 的调用与控制流程"
"lib/chat/library-command.ts","241","241","函数@241","函数","实现 匿名逻辑 的调用与控制流程"
"lib/chat/library-command.ts","269","269","函数@269","函数","实现 匿名逻辑 的调用与控制流程"
"lib/chat/library-command.ts","294","294","函数@294","函数","实现 匿名逻辑 的调用与控制流程"
"lib/chat/library-command.ts","358","358","函数@358","函数","实现 匿名逻辑 的调用与控制流程"
"lib/chat/message-normalize.ts","3","8","导入@3","导入","引入本文件依赖"
"lib/chat/message-normalize.ts","9","9","导入@9","导入","引入本文件依赖"
"lib/chat/message-normalize.ts","11","14","ApiTextMessage","类型","定义 ApiTextMessage 的数据契约"
"lib/chat/message-normalize.ts","28","30","isChatRole","函数","实现 isChatRole 的调用与控制流程"
"lib/chat/message-normalize.ts","32","64","normalizeMessageContent","函数","实现 normalizeMessageContent 的调用与控制流程"
"lib/chat/message-normalize.ts","43","55","函数@43","函数","实现 匿名逻辑 的调用与控制流程"
"lib/chat/message-normalize.ts","66","109","coerceContentParts","函数","实现 coerceContentParts 的调用与控制流程"
"lib/chat/message-normalize.ts","111","156","finalizeMessageContent","函数","实现 finalizeMessageContent 的调用与控制流程"
"lib/chat/message-normalize.ts","141","141","函数@141","函数","实现 匿名逻辑 的调用与控制流程"
"lib/chat/message-normalize.ts","150","151","函数@150","函数","实现 匿名逻辑 的调用与控制流程"
"lib/chat/message-normalize.ts","153","153","函数@153","函数","实现 匿名逻辑 的调用与控制流程"
"lib/chat/message-normalize.ts","158","179","messageContentIsNonEmpty","函数","实现 messageContentIsNonEmpty 的调用与控制流程"
"lib/chat/message-normalize.ts","167","167","函数@167","函数","实现 匿名逻辑 的调用与控制流程"
"lib/chat/message-normalize.ts","172","173","函数@172","函数","实现 匿名逻辑 的调用与控制流程"
"lib/chat/message-normalize.ts","181","210","coerceRawMessageContent","函数","实现 coerceRawMessageContent 的调用与控制流程"
"lib/chat/message-normalize.ts","212","214","apiMessageHasValidContent","函数","实现 apiMessageHasValidContent 的调用与控制流程"
"lib/chat/message-normalize.ts","216","247","defaultContentForAttachments","函数","实现 defaultContentForAttachments 的调用与控制流程"
"lib/chat/message-normalize.ts","220","220","函数@220","函数","实现 匿名逻辑 的调用与控制流程"
"lib/chat/message-normalize.ts","223","223","函数@223","函数","实现 匿名逻辑 的调用与控制流程"
"lib/chat/message-normalize.ts","249","251","hasAttachmentMetadata","函数","实现 hasAttachmentMetadata 的调用与控制流程"
"lib/chat/message-normalize.ts","253","256","CoerceRawOptions","类型","定义 CoerceRawOptions 的数据契约"
"lib/chat/message-normalize.ts","258","359","coerceRawToApiMessage","函数","实现 coerceRawToApiMessage 的调用与控制流程"
"lib/chat/message-normalize.ts","318","320","函数@318","函数","实现 匿名逻辑 的调用与控制流程"
"lib/chat/message-normalize.ts","361","382","sanitizeIncomingChatMessages","函数","实现 sanitizeIncomingChatMessages 的调用与控制流程"
"lib/chat/message-normalize.ts","384","397","findLastValidUserFromRaw","函数","实现 findLastValidUserFromRaw 的调用与控制流程"
"lib/chat/message-normalize.ts","399","433","ensureLastValidUserMessage","函数","实现 ensureLastValidUserMessage 的调用与控制流程"
"lib/chat/message-normalize.ts","435","459","normalizeDisplayMessage","函数","实现 normalizeDisplayMessage 的调用与控制流程"
"lib/chat/message-normalize.ts","442","444","函数@442","函数","实现 匿名逻辑 的调用与控制流程"
"lib/chat/message-normalize.ts","445","451","函数@445","函数","实现 匿名逻辑 的调用与控制流程"
"lib/chat/message-normalize.ts","461","484","displayMessageToApiMessage","函数","实现 displayMessageToApiMessage 的调用与控制流程"
"lib/chat/message-normalize.ts","469","469","函数@469","函数","实现 匿名逻辑 的调用与控制流程"
"lib/chat/message-normalize.ts","470","470","函数@470","函数","实现 匿名逻辑 的调用与控制流程"
"lib/chat/message-normalize.ts","486","493","displayMessagesToApiMessages","函数","实现 displayMessagesToApiMessages 的调用与控制流程"
"lib/chat/message-normalize.ts","489","492","函数@489","函数","实现 匿名逻辑 的调用与控制流程"
"lib/chat/message-normalize.ts","495","512","buildChatApiMessages","函数","实现 buildChatApiMessages 的调用与控制流程"
"lib/chat/message-normalize.ts","514","530","compactMessagesForPersistence","函数","实现 compactMessagesForPersistence 的调用与控制流程"
"lib/chat/message-normalize.ts","519","529","函数@519","函数","实现 匿名逻辑 的调用与控制流程"
"lib/chat/message-normalize.ts","532","536","normalizeDisplayMessages","函数","实现 normalizeDisplayMessages 的调用与控制流程"
"lib/chat/model-identity.ts","3","3","导入@3","导入","引入本文件依赖"
"lib/chat/model-identity.ts","8","10","getConfiguredModelLabel","函数","实现 getConfiguredModelLabel 的调用与控制流程"
"lib/chat/model-identity.ts","12","26","buildModelIdentitySystemMessage","函数","实现 buildModelIdentitySystemMessage 的调用与控制流程"
"lib/chat/model-identity.ts","28","44","withModelIdentity","函数","实现 withModelIdentity 的调用与控制流程"
"lib/chat/model-identity.ts","33","36","函数@33","函数","实现 匿名逻辑 的调用与控制流程"
"lib/chat/response-style.ts","1","1","导入@1","导入","引入本文件依赖"
"lib/chat/response-style.ts","5","21","RESPONSE_STYLE_SYSTEM_MESSAGE","变量","保存或计算 RESPONSE_STYLE_SYSTEM_MESSAGE 所需的数据"
"lib/chat/response-style.ts","23","36","withResponseStyle","函数","实现 withResponseStyle 的调用与控制流程"
"lib/chat/response-style.ts","25","28","函数@25","函数","实现 匿名逻辑 的调用与控制流程"
"lib/chat/server/attachments.ts","3","3","导入@3","导入","引入本文件依赖"
"lib/chat/server/attachments.ts","4","4","导入@4","导入","引入本文件依赖"
"lib/chat/server/attachments.ts","5","5","导入@5","导入","引入本文件依赖"
"lib/chat/server/attachments.ts","6","6","导入@6","导入","引入本文件依赖"
"lib/chat/server/attachments.ts","8","38","injectAttachmentsIntoMessages","函数","实现 injectAttachmentsIntoMessages 的调用与控制流程"
"lib/chat/server/errors.ts","3","3","导入@3","导入","引入本文件依赖"
"lib/chat/server/errors.ts","4","4","导入@4","导入","引入本文件依赖"
"lib/chat/server/errors.ts","5","5","导入@5","导入","引入本文件依赖"
"lib/chat/server/errors.ts","7","10","ChatApiErrorBody","类型","定义 ChatApiErrorBody 的数据契约"
"lib/chat/server/errors.ts","12","24","requireChatUser","函数","实现 requireChatUser 的调用与控制流程"
"lib/chat/server/errors.ts","26","102","toChatApiErrorResponse","函数","实现 toChatApiErrorResponse 的调用与控制流程"
"lib/chat/server/library-context.ts","1","1","导入@1","导入","引入本文件依赖"
"lib/chat/server/library-context.ts","2","2","导入@2","导入","引入本文件依赖"
"lib/chat/server/library-context.ts","3","3","导入@3","导入","引入本文件依赖"
"lib/chat/server/library-context.ts","4","4","导入@4","导入","引入本文件依赖"
"lib/chat/server/library-context.ts","9","19","termsFromQuery","函数","实现 termsFromQuery 的调用与控制流程"
"lib/chat/server/library-context.ts","15","15","函数@15","函数","实现 匿名逻辑 的调用与控制流程"
"lib/chat/server/library-context.ts","16","16","函数@16","函数","实现 匿名逻辑 的调用与控制流程"
"lib/chat/server/library-context.ts","21","27","scoreText","函数","实现 scoreText 的调用与控制流程"
"lib/chat/server/library-context.ts","23","26","函数@23","函数","实现 匿名逻辑 的调用与控制流程"
"lib/chat/server/library-context.ts","29","46","loadScopedPapers","函数","实现 loadScopedPapers 的调用与控制流程"
"lib/chat/server/library-context.ts","39","40","函数@39","函数","实现 匿名逻辑 的调用与控制流程"
"lib/chat/server/library-context.ts","44","44","函数@44","函数","实现 匿名逻辑 的调用与控制流程"
"lib/chat/server/library-context.ts","48","89","buildLiteratureLibraryContext","函数","实现 buildLiteratureLibraryContext 的调用与控制流程"
"lib/chat/server/library-context.ts","58","64","函数@58","函数","实现 匿名逻辑 的调用与控制流程"
"lib/chat/server/library-context.ts","66","67","函数@66","函数","实现 匿名逻辑 的调用与控制流程"
"lib/chat/server/library-context.ts","69","69","函数@69","函数","实现 匿名逻辑 的调用与控制流程"
"lib/chat/server/library-context.ts","73","85","函数@73","函数","实现 匿名逻辑 的调用与控制流程"
"lib/chat/server/prepare-messages.ts","3","3","导入@3","导入","引入本文件依赖"
"lib/chat/server/prepare-messages.ts","4","4","导入@4","导入","引入本文件依赖"
"lib/chat/server/prepare-messages.ts","5","5","导入@5","导入","引入本文件依赖"
"lib/chat/server/prepare-messages.ts","6","6","导入@6","导入","引入本文件依赖"
"lib/chat/server/prepare-messages.ts","7","7","导入@7","导入","引入本文件依赖"
"lib/chat/server/prepare-messages.ts","9","9","导入@9","导入","引入本文件依赖"
"lib/chat/server/prepare-messages.ts","10","10","导入@10","导入","引入本文件依赖"
"lib/chat/server/prepare-messages.ts","12","49","prepareChatMessages","函数","实现 prepareChatMessages 的调用与控制流程"
"lib/chat/server/source-images.ts","3","3","导入@3","导入","引入本文件依赖"
"lib/chat/server/source-images.ts","5","8","WebSource","类型","定义 WebSource 的数据契约"
"lib/chat/server/source-images.ts","10","15","SourceImage","类型","定义 SourceImage 的数据契约"
"lib/chat/server/source-images.ts","20","33","isPrivateIpv4","函数","实现 isPrivateIpv4 的调用与控制流程"
"lib/chat/server/source-images.ts","22","22","函数@22","函数","实现 匿名逻辑 的调用与控制流程"
"lib/chat/server/source-images.ts","35","60","isSafePublicUrl","函数","实现 isSafePublicUrl 的调用与控制流程"
"lib/chat/server/source-images.ts","62","69","decodeHtml","函数","实现 decodeHtml 的调用与控制流程"
"lib/chat/server/source-images.ts","71","90","readMeta","函数","实现 readMeta 的调用与控制流程"
"lib/chat/server/source-images.ts","92","126","fetchHtml","函数","实现 fetchHtml 的调用与控制流程"
"lib/chat/server/source-images.ts","128","157","extractSourceImage","函数","实现 extractSourceImage 的调用与控制流程"
"lib/chat/server/source-images.ts","159","172","extractImagesFromSources","函数","实现 extractImagesFromSources 的调用与控制流程"
"lib/chat/server/source-images.ts","167","171","函数@167","函数","实现 匿名逻辑 的调用与控制流程"
"lib/chat/stream-protocol.ts","1","39","ChatStreamEvent","类型","定义 ChatStreamEvent 的数据契约"
"lib/chat/stream-protocol.ts","41","43","encodeChatStreamEvent","函数","实现 encodeChatStreamEvent 的调用与控制流程"
"lib/chat/task-router.ts","1","1","导入@1","导入","引入本文件依赖"
"lib/chat/task-router.ts","2","2","导入@2","导入","引入本文件依赖"
"lib/chat/task-router.ts","4","10","ChatTaskKind","类型","定义 ChatTaskKind 的数据契约"
"lib/chat/task-router.ts","12","18","ChatTaskRoute","类型","定义 ChatTaskRoute 的数据契约"
"lib/chat/task-router.ts","33","36","lastUserText","函数","实现 lastUserText 的调用与控制流程"
"lib/chat/task-router.ts","34","34","函数@34","函数","实现 匿名逻辑 的调用与控制流程"
"lib/chat/task-router.ts","38","135","routeChatTask","函数","实现 routeChatTask 的调用与控制流程"
"lib/chat/tool-executor.ts","1","1","导入@1","导入","引入本文件依赖"
"lib/chat/tool-executor.ts","2","2","导入@2","导入","引入本文件依赖"
"lib/chat/tool-executor.ts","3","3","导入@3","导入","引入本文件依赖"
"lib/chat/tool-executor.ts","4","4","导入@4","导入","引入本文件依赖"
"lib/chat/tool-executor.ts","6","13","ExecutableProjectFile","类型","定义 ExecutableProjectFile 的数据契约"
"lib/chat/tool-executor.ts","15","23","ExecutableProjectFolder","类型","定义 ExecutableProjectFolder 的数据契约"
"lib/chat/tool-executor.ts","25","30","ExecutableProjectContext","类型","定义 ExecutableProjectContext 的数据契约"
"lib/chat/tool-executor.ts","32","37","ToolExecutionResult","类型","定义 ToolExecutionResult 的数据契约"
"lib/chat/tool-executor.ts","43","47","asObject","函数","实现 asObject 的调用与控制流程"
"lib/chat/tool-executor.ts","49","53","sanitizeString","函数","实现 sanitizeString 的调用与控制流程"
"lib/chat/tool-executor.ts","55","57","sanitizeBoolean","函数","实现 sanitizeBoolean 的调用与控制流程"
"lib/chat/tool-executor.ts","59","61","sanitizeNumber","函数","实现 sanitizeNumber 的调用与控制流程"
"lib/chat/tool-executor.ts","63","73","sanitizeStringArray","函数","实现 sanitizeStringArray 的调用与控制流程"
"lib/chat/tool-executor.ts","68","68","函数@68","函数","实现 匿名逻辑 的调用与控制流程"
"lib/chat/tool-executor.ts","69","69","函数@69","函数","实现 匿名逻辑 的调用与控制流程"
"lib/chat/tool-executor.ts","75","141","sanitizeExecutableProjectContext","函数","实现 sanitizeExecutableProjectContext 的调用与控制流程"
"lib/chat/tool-executor.ts","86","128","函数@86","函数","实现 匿名逻辑 的调用与控制流程"
"lib/chat/tool-executor.ts","92","110","函数@92","函数","实现 匿名逻辑 的调用与控制流程"
"lib/chat/tool-executor.ts","98","102","nextFile","变量","保存或计算 nextFile 所需的数据"
"lib/chat/tool-executor.ts","111","111","函数@111","函数","实现 匿名逻辑 的调用与控制流程"
"lib/chat/tool-executor.ts","116","122","nextFolder","变量","保存或计算 nextFolder 所需的数据"
"lib/chat/tool-executor.ts","129","129","函数@129","函数","实现 匿名逻辑 的调用与控制流程"
"lib/chat/tool-executor.ts","143","154","projectFileScope","函数","实现 projectFileScope 的调用与控制流程"
"lib/chat/tool-executor.ts","149","149","函数@149","函数","实现 匿名逻辑 的调用与控制流程"
"lib/chat/tool-executor.ts","151","151","函数@151","函数","实现 匿名逻辑 的调用与控制流程"
"lib/chat/tool-executor.ts","156","197","buildProjectManifest","函数","实现 buildProjectManifest 的调用与控制流程"
"lib/chat/tool-executor.ts","199","291","executeToolPlan","函数","实现 executeToolPlan 的调用与控制流程"
"lib/chat/tool-executor.ts","210","210","函数@210","函数","实现 匿名逻辑 的调用与控制流程"
"lib/chat/tool-planner.ts","1","7","导入@1","导入","引入本文件依赖"
"lib/chat/tool-planner.ts","8","8","导入@8","导入","引入本文件依赖"
"lib/chat/tool-planner.ts","10","18","ToolPlanStage","类型","定义 ToolPlanStage 的数据契约"
"lib/chat/tool-planner.ts","20","27","ToolPlanStep","类型","定义 ToolPlanStep 的数据契约"
"lib/chat/tool-planner.ts","29","38","ToolPlan","类型","定义 ToolPlan 的数据契约"
"lib/chat/tool-planner.ts","40","49","step","函数","实现 step 的调用与控制流程"
"lib/chat/tool-planner.ts","51","78","scopeDetail","函数","实现 scopeDetail 的调用与控制流程"
"lib/chat/tool-planner.ts","80","86","requiresProjectOrSelection","函数","实现 requiresProjectOrSelection 的调用与控制流程"
"lib/chat/tool-planner.ts","88","90","hasProjectOrSelection","函数","实现 hasProjectOrSelection 的调用与控制流程"
"lib/chat/tool-planner.ts","92","94","uniqueTools","函数","实现 uniqueTools 的调用与控制流程"
"lib/chat/tool-planner.ts","93","93","函数@93","函数","实现 匿名逻辑 的调用与控制流程"
"lib/chat/tool-planner.ts","96","102","shouldRunQualityCheck","函数","实现 shouldRunQualityCheck 的调用与控制流程"
"lib/chat/tool-planner.ts","104","111","toolPurpose","函数","实现 toolPurpose 的调用与控制流程"
"lib/chat/tool-planner.ts","106","109","函数@106","函数","实现 匿名逻辑 的调用与控制流程"
"lib/chat/tool-planner.ts","113","326","buildIntentSteps","函数","实现 buildIntentSteps 的调用与控制流程"
"lib/chat/tool-planner.ts","328","420","buildToolPlan","函数","实现 buildToolPlan 的调用与控制流程"
"lib/chat/tool-planner.ts","380","387","函数@380","函数","实现 匿名逻辑 的调用与控制流程"
"lib/chat/tool-registry.ts","1","1","导入@1","导入","引入本文件依赖"
"lib/chat/tool-registry.ts","3","9","ToolCategory","类型","定义 ToolCategory 的数据契约"
"lib/chat/tool-registry.ts","11","11","ToolReadiness","类型","定义 ToolReadiness 的数据契约"
"lib/chat/tool-registry.ts","13","23","ToolDefinition","类型","定义 ToolDefinition 的数据契约"
"lib/chat/tool-registry.ts","41","185","TOOL_REGISTRY","变量","保存或计算 TOOL_REGISTRY 所需的数据"
"lib/chat/tool-registry.ts","187","189","getToolDefinition","函数","实现 getToolDefinition 的调用与控制流程"
"lib/chat/tool-registry.ts","191","193","getToolLabel","函数","实现 getToolLabel 的调用与控制流程"
"lib/chat/tool-registry.ts","195","199","getToolsByCategory","函数","实现 getToolsByCategory 的调用与控制流程"
"lib/chat/tool-registry.ts","196","196","函数@196","函数","实现 匿名逻辑 的调用与控制流程"
"lib/chat/tool-registry.ts","197","197","函数@197","函数","实现 匿名逻辑 的调用与控制流程"
"lib/chat/tool-registry.ts","201","230","defaultToolsForIntent","函数","实现 defaultToolsForIntent 的调用与控制流程"
"lib/chat/tool-registry.ts","232","239","summarizeToolDefinitions","函数","实现 summarizeToolDefinitions 的调用与控制流程"
"lib/chat/tool-registry.ts","234","237","函数@234","函数","实现 匿名逻辑 的调用与控制流程"
"lib/chat/types.ts","1","1","导入@1","导入","引入本文件依赖"
"lib/chat/types.ts","2","2","导入@2","导入","引入本文件依赖"
"lib/chat/types.ts","4","8","DisplayAttachment","类型","定义 DisplayAttachment 的数据契约"
"lib/chat/types.ts","10","14","DisplayChatMessage","类型","定义 DisplayChatMessage 的数据契约"
"lib/chat/use-chat-history.ts","3","3","导入@3","导入","引入本文件依赖"
"lib/chat/use-chat-history.ts","4","11","导入@4","导入","引入本文件依赖"
"lib/chat/use-chat-history.ts","12","19","导入@12","导入","引入本文件依赖"
"lib/chat/use-chat-history.ts","20","20","导入@20","导入","引入本文件依赖"
"lib/chat/use-chat-history.ts","24","42","UseChatHistoryResult","类型","定义 UseChatHistoryResult 的数据契约"
"lib/chat/use-chat-history.ts","44","50","persistLocalFallback","函数","实现 persistLocalFallback 的调用与控制流程"
"lib/chat/use-chat-history.ts","52","64","resolveActiveConversationId","函数","实现 resolveActiveConversationId 的调用与控制流程"
"lib/chat/use-chat-history.ts","58","58","函数@58","函数","实现 匿名逻辑 的调用与控制流程"
"lib/chat/use-chat-history.ts","66","395","useChatHistory","函数","实现 useChatHistory 的调用与控制流程"
"lib/chat/use-chat-history.ts","91","96","函数@91","函数","实现 匿名逻辑 的调用与控制流程"
"lib/chat/use-chat-history.ts","98","102","函数@98","函数","实现 匿名逻辑 的调用与控制流程"
"lib/chat/use-chat-history.ts","104","109","函数@104","函数","实现 匿名逻辑 的调用与控制流程"
"lib/chat/use-chat-history.ts","111","132","函数@111","函数","实现 匿名逻辑 的调用与控制流程"
"lib/chat/use-chat-history.ts","135","149","函数@135","函数","实现 匿名逻辑 的调用与控制流程"
"lib/chat/use-chat-history.ts","146","148","函数@146","函数","实现 匿名逻辑 的调用与控制流程"
"lib/chat/use-chat-history.ts","153","238","函数@153","函数","实现 匿名逻辑 的调用与控制流程"
"lib/chat/use-chat-history.ts","156","228","hydrate","函数","实现 hydrate 的调用与控制流程"
"lib/chat/use-chat-history.ts","192","192","函数@192","函数","实现 匿名逻辑 的调用与控制流程"
"lib/chat/use-chat-history.ts","216","217","函数@216","函数","实现 匿名逻辑 的调用与控制流程"
"lib/chat/use-chat-history.ts","232","237","函数@232","函数","实现 匿名逻辑 的调用与控制流程"
"lib/chat/use-chat-history.ts","240","251","函数@240","函数","实现 匿名逻辑 的调用与控制流程"
"lib/chat/use-chat-history.ts","254","279","函数@254","函数","实现 匿名逻辑 的调用与控制流程"
"lib/chat/use-chat-history.ts","259","276","函数@259","函数","实现 匿名逻辑 的调用与控制流程"
"lib/chat/use-chat-history.ts","261","261","函数@261","函数","实现 匿名逻辑 的调用与控制流程"
"lib/chat/use-chat-history.ts","284","326","函数@284","函数","实现 匿名逻辑 的调用与控制流程"
"lib/chat/use-chat-history.ts","294","298","函数@294","函数","实现 匿名逻辑 的调用与控制流程"
"lib/chat/use-chat-history.ts","305","307","函数@305","函数","实现 匿名逻辑 的调用与控制流程"
"lib/chat/use-chat-history.ts","308","311","函数@308","函数","实现 匿名逻辑 的调用与控制流程"
"lib/chat/use-chat-history.ts","312","314","函数@312","函数","实现 匿名逻辑 的调用与控制流程"
"lib/chat/use-chat-history.ts","330","335","函数@330","函数","实现 匿名逻辑 的调用与控制流程"
"lib/chat/use-chat-history.ts","337","350","函数@337","函数","实现 匿名逻辑 的调用与控制流程"
"lib/chat/use-chat-history.ts","339","339","函数@339","函数","实现 匿名逻辑 的调用与控制流程"
"lib/chat/use-chat-history.ts","353","377","函数@353","函数","实现 匿名逻辑 的调用与控制流程"
"lib/chat/use-chat-history.ts","354","358","函数@354","函数","实现 匿名逻辑 的调用与控制流程"
"lib/chat/use-chat-history.ts","370","372","函数@370","函数","实现 匿名逻辑 的调用与控制流程"
"lib/chat/use-chat-history.ts","373","375","函数@373","函数","实现 匿名逻辑 的调用与控制流程"
"lib/chat/visual-policy.ts","1","1","导入@1","导入","引入本文件依赖"
"lib/chat/visual-policy.ts","2","2","导入@2","导入","引入本文件依赖"
"lib/chat/visual-policy.ts","14","45","tierInstruction","函数","实现 tierInstruction 的调用与控制流程"
"lib/chat/visual-policy.ts","47","78","withScientificVisualPolicy","函数","实现 withScientificVisualPolicy 的调用与控制流程"
"lib/chat/visual-policy.ts","52","55","函数@52","函数","实现 匿名逻辑 的调用与控制流程"
"lib/chat/visual-policy.ts","62","75","instruction","变量","保存或计算 instruction 所需的数据"
"lib/chat/workspace-cloud-sync.ts","3","3","导入@3","导入","引入本文件依赖"
"lib/chat/workspace-cloud-sync.ts","4","4","导入@4","导入","引入本文件依赖"
"lib/chat/workspace-cloud-sync.ts","5","8","导入@5","导入","引入本文件依赖"
"lib/chat/workspace-cloud-sync.ts","9","9","导入@9","导入","引入本文件依赖"
"lib/chat/workspace-cloud-sync.ts","10","10","导入@10","导入","引入本文件依赖"
"lib/chat/workspace-cloud-sync.ts","12","17","ResearchWorkspaceRow","类型","定义 ResearchWorkspaceRow 的数据契约"
"lib/chat/workspace-cloud-sync.ts","19","40","fetchCloudWorkspace","函数","实现 fetchCloudWorkspace 的调用与控制流程"
"lib/chat/workspace-cloud-sync.ts","42","60","upsertCloudWorkspace","函数","实现 upsertCloudWorkspace 的调用与控制流程"
"lib/chat/workspace.ts","3","3","WorkspaceContextMode","类型","定义 WorkspaceContextMode 的数据契约"
"lib/chat/workspace.ts","5","14","LocalWorkspaceFile","类型","定义 LocalWorkspaceFile 的数据契约"
"lib/chat/workspace.ts","16","25","LocalWorkspaceFolder","类型","定义 LocalWorkspaceFolder 的数据契约"
"lib/chat/workspace.ts","27","36","ResearchProject","类型","定义 ResearchProject 的数据契约"
"lib/chat/workspace.ts","38","41","WorkspaceStorage","类型","定义 WorkspaceStorage 的数据契约"
"lib/chat/workspace.ts","47","70","normalizeWorkspaceStorage","函数","实现 normalizeWorkspaceStorage 的调用与控制流程"
"lib/chat/workspace.ts","51","54","函数@51","函数","实现 匿名逻辑 的调用与控制流程"
"lib/chat/workspace.ts","58","58","函数@58","函数","实现 匿名逻辑 的调用与控制流程"
"lib/chat/workspace.ts","64","66","函数@64","函数","实现 匿名逻辑 的调用与控制流程"
"lib/chat/workspace.ts","72","94","isLocalFile","函数","实现 isLocalFile 的调用与控制流程"
"lib/chat/workspace.ts","96","112","isLocalFolder","函数","实现 isLocalFolder 的调用与控制流程"
"lib/chat/workspace.ts","114","131","isProject","函数","实现 isProject 的调用与控制流程"
"lib/chat/workspace.ts","123","123","函数@123","函数","实现 匿名逻辑 的调用与控制流程"
"lib/chat/workspace.ts","133","145","loadWorkspace","函数","实现 loadWorkspace 的调用与控制流程"
"lib/chat/workspace.ts","147","150","saveWorkspace","函数","实现 saveWorkspace 的调用与控制流程"
"lib/chat/workspace.ts","152","171","createResearchProject","函数","实现 createResearchProject 的调用与控制流程"
"lib/chat/workspace.ts","173","181","shouldSuggestProject","函数","实现 shouldSuggestProject 的调用与控制流程"
"lib/chat/workspace.ts","183","201","topicTokens","函数","实现 topicTokens 的调用与控制流程"
"lib/chat/workspace.ts","193","193","函数@193","函数","实现 匿名逻辑 的调用与控制流程"
"lib/chat/workspace.ts","194","194","函数@194","函数","实现 匿名逻辑 的调用与控制流程"
"lib/chat/workspace.ts","203","231","shouldSuggestTemporaryQuestion","函数","实现 shouldSuggestTemporaryQuestion 的调用与控制流程"
"lib/desktop/connection.ts","13","21","DesktopConnectionState","类型","定义 DesktopConnectionState 的数据契约"
"lib/desktop/connection.ts","23","27","DesktopConnectorCheck","类型","定义 DesktopConnectorCheck 的数据契约"
"lib/desktop/connection.ts","29","39","DesktopStatus","类型","定义 DesktopStatus 的数据契约"
"lib/desktop/connection.ts","47","56","LocalPdfFile","类型","定义 LocalPdfFile 的数据契约"
"lib/desktop/connection.ts","58","67","LocalFolderBinding","类型","定义 LocalFolderBinding 的数据契约"
"lib/desktop/connection.ts","69","78","LocalPdfTextResult","类型","定义 LocalPdfTextResult 的数据契约"
"lib/desktop/connection.ts","80","82","SelectLocalFolderResult","类型","定义 SelectLocalFolderResult 的数据契约"
"lib/desktop/connection.ts","84","88","SelectLocalFolderResponse","类型","定义 SelectLocalFolderResponse 的数据契约"
"lib/desktop/connection.ts","90","92","LocalPdfTextResponse","类型","定义 LocalPdfTextResponse 的数据契约"
"lib/desktop/connection.ts","94","102","LocalFileBinaryResponse","类型","定义 LocalFileBinaryResponse 的数据契约"
"lib/desktop/connection.ts","104","120","normalizeConnectorState","函数","实现 normalizeConnectorState 的调用与控制流程"
"lib/desktop/connection.ts","122","124","errorFromResponse","函数","实现 errorFromResponse 的调用与控制流程"
"lib/desktop/connection.ts","126","133","hasRequiredFileCapabilities","函数","实现 hasRequiredFileCapabilities 的调用与控制流程"
"lib/desktop/connection.ts","130","131","函数@130","函数","实现 匿名逻辑 的调用与控制流程"
"lib/desktop/connection.ts","135","154","postJson","函数","实现 postJson 的调用与控制流程"
"lib/desktop/connection.ts","156","189","fetchDesktopStatus","函数","实现 fetchDesktopStatus 的调用与控制流程"
"lib/desktop/connection.ts","184","185","函数@184","函数","实现 匿名逻辑 的调用与控制流程"
"lib/desktop/connection.ts","191","289","inspectDesktopConnector","函数","实现 inspectDesktopConnector 的调用与控制流程"
"lib/desktop/connection.ts","202","202","data","变量","保存或计算 data 所需的数据"
"lib/desktop/connection.ts","255","272","status","变量","保存或计算 status 所需的数据"
"lib/desktop/connection.ts","268","269","函数@268","函数","实现 匿名逻辑 的调用与控制流程"
"lib/desktop/connection.ts","291","312","waitForDesktopConnector","函数","实现 waitForDesktopConnector 的调用与控制流程"
"lib/desktop/connection.ts","294","297","latest","变量","保存或计算 latest 所需的数据"
"lib/desktop/connection.ts","300","300","函数@300","函数","实现 匿名逻辑 的调用与控制流程"
"lib/desktop/connection.ts","314","393","selectDesktopLocalFolder","函数","实现 selectDesktopLocalFolder 的调用与控制流程"
"lib/desktop/connection.ts","352","356","函数@352","函数","实现 匿名逻辑 的调用与控制流程"
"lib/desktop/connection.ts","365","372","函数@365","函数","实现 匿名逻辑 的调用与控制流程"
"lib/desktop/connection.ts","374","390","函数@374","函数","实现 匿名逻辑 的调用与控制流程"
"lib/desktop/connection.ts","395","468","refreshDesktopLocalFolder","函数","实现 refreshDesktopLocalFolder 的调用与控制流程"
"lib/desktop/connection.ts","428","432","函数@428","函数","实现 匿名逻辑 的调用与控制流程"
"lib/desktop/connection.ts","441","448","函数@441","函数","实现 匿名逻辑 的调用与控制流程"
"lib/desktop/connection.ts","450","466","函数@450","函数","实现 匿名逻辑 的调用与控制流程"
"lib/desktop/connection.ts","470","479","openDesktopLocalPdf","函数","实现 openDesktopLocalPdf 的调用与控制流程"
"lib/desktop/connection.ts","481","512","readDesktopLocalPdf","函数","实现 readDesktopLocalPdf 的调用与控制流程"
"lib/desktop/connection.ts","514","521","base64ToBlob","函数","实现 base64ToBlob 的调用与控制流程"
"lib/desktop/connection.ts","523","549","fetchDesktopLocalFileBlob","函数","实现 fetchDesktopLocalFileBlob 的调用与控制流程"
"lib/desktop/connection.ts","551","560","launchDesktopConnect","函数","实现 launchDesktopConnect 的调用与控制流程"
"lib/desktop/connection.ts","557","559","函数@557","函数","实现 匿名逻辑 的调用与控制流程"
"lib/documents/formats/pdf.ts","3","6","导入@3","导入","引入本文件依赖"
"lib/documents/formats/pdf.ts","7","7","导入@7","导入","引入本文件依赖"
"lib/documents/formats/pdf.ts","8","8","导入@8","导入","引入本文件依赖"
"lib/documents/formats/pdf.ts","9","11","导入@9","导入","引入本文件依赖"
"lib/documents/formats/pdf.ts","12","12","导入@12","导入","引入本文件依赖"
"lib/documents/formats/pdf.ts","14","16","normalizeExtractedText","函数","实现 normalizeExtractedText 的调用与控制流程"
"lib/documents/formats/pdf.ts","18","29","assertPdfSize","函数","实现 assertPdfSize 的调用与控制流程"
"lib/documents/formats/pdf.ts","31","46","extractPdfText","函数","实现 extractPdfText 的调用与控制流程"
"lib/documents/formats/pdf.ts","48","68","parsePdfAttachment","函数","实现 parsePdfAttachment 的调用与控制流程"
"lib/documents/formats/pdf.ts","71","79","parsePdfBuffer","函数","实现 parsePdfBuffer 的调用与控制流程"
"lib/documents/parser.ts","3","3","导入@3","导入","引入本文件依赖"
"lib/documents/parser.ts","4","4","导入@4","导入","引入本文件依赖"
"lib/documents/parser.ts","5","5","导入@5","导入","引入本文件依赖"
"lib/documents/parser.ts","6","6","导入@6","导入","引入本文件依赖"
"lib/documents/parser.ts","7","10","导入@7","导入","引入本文件依赖"
"lib/documents/parser.ts","11","11","导入@11","导入","引入本文件依赖"
"lib/documents/parser.ts","12","12","导入@12","导入","引入本文件依赖"
"lib/documents/parser.ts","13","13","导入@13","导入","引入本文件依赖"
"lib/documents/parser.ts","14","19","导入@14","导入","引入本文件依赖"
"lib/documents/parser.ts","20","20","导入@20","导入","引入本文件依赖"
"lib/documents/parser.ts","22","22","导出@22","导出","向其他模块公开能力"
"lib/documents/parser.ts","24","26","normalizeExtractedText","函数","实现 normalizeExtractedText 的调用与控制流程"
"lib/documents/parser.ts","28","60","parsePptx","函数","实现 parsePptx 的调用与控制流程"
"lib/documents/parser.ts","31","31","函数@31","函数","实现 匿名逻辑 的调用与控制流程"
"lib/documents/parser.ts","32","42","函数@32","函数","实现 匿名逻辑 的调用与控制流程"
"lib/documents/parser.ts","51","51","函数@51","函数","实现 匿名逻辑 的调用与控制流程"
"lib/documents/parser.ts","62","65","parseDocx","函数","实现 parseDocx 的调用与控制流程"
"lib/documents/parser.ts","67","70","parsePdf","函数","实现 parsePdf 的调用与控制流程"
"lib/documents/parser.ts","72","74","parsePlainText","函数","实现 parsePlainText 的调用与控制流程"
"lib/documents/parser.ts","76","94","parseSpreadsheet","函数","实现 parseSpreadsheet 的调用与控制流程"
"lib/documents/parser.ts","96","168","parseDocument","函数","实现 parseDocument 的调用与控制流程"
"lib/documents/parser.ts","170","173","parseDocumentFile","函数","实现 parseDocumentFile 的调用与控制流程"
"lib/documents/parser.ts","175","205","injectDocumentIntoMessages","函数","实现 injectDocumentIntoMessages 的调用与控制流程"
"lib/documents/prompt.ts","3","3","导入@3","导入","引入本文件依赖"
"lib/documents/prompt.ts","5","10","DocumentContext","类型","定义 DocumentContext 的数据契约"
"lib/documents/prompt.ts","12","28","buildDocumentContext","函数","实现 buildDocumentContext 的调用与控制流程"
"lib/documents/prompt.ts","30","56","augmentUserMessageWithDocuments","函数","实现 augmentUserMessageWithDocuments 的调用与控制流程"
"lib/documents/prompt.ts","58","63","augmentUserMessageWithDocument","函数","实现 augmentUserMessageWithDocument 的调用与控制流程"
"lib/documents/prompt.ts","65","75","toDocumentContext","函数","实现 toDocumentContext 的调用与控制流程"
"lib/documents/truncate.ts","3","7","TruncateResult","类型","定义 TruncateResult 的数据契约"
"lib/documents/truncate.ts","9","35","truncateText","函数","实现 truncateText 的调用与控制流程"
"lib/documents/types.ts","3","8","ParsedDocument","类型","定义 ParsedDocument 的数据契约"
"lib/export/artifact-boundary.ts","1","1","导入@1","导入","引入本文件依赖"
"lib/export/artifact-boundary.ts","3","9","ExportVisualSpec","类型","定义 ExportVisualSpec 的数据契约"
"lib/export/artifact-boundary.ts","11","14","ArtifactChannelResult","类型","定义 ArtifactChannelResult 的数据契约"
"lib/export/artifact-boundary.ts","23","30","cleanJsonLikeBlock","函数","实现 cleanJsonLikeBlock 的调用与控制流程"
"lib/export/artifact-boundary.ts","32","35","firstJsonStringField","函数","实现 firstJsonStringField 的调用与控制流程"
"lib/export/artifact-boundary.ts","37","95","parseStructuredVisualSpec","函数","实现 parseStructuredVisualSpec 的调用与控制流程"
"lib/export/artifact-boundary.ts","58","58","函数@58","函数","实现 匿名逻辑 的调用与控制流程"
"lib/export/artifact-boundary.ts","97","105","visualPlaceholder","函数","实现 visualPlaceholder 的调用与控制流程"
"lib/export/artifact-boundary.ts","107","109","splitParagraphs","函数","实现 splitParagraphs 的调用与控制流程"
"lib/export/artifact-boundary.ts","111","161","legacyVisualSpec","函数","实现 legacyVisualSpec 的调用与控制流程"
"lib/export/artifact-boundary.ts","132","132","函数@132","函数","实现 匿名逻辑 的调用与控制流程"
"lib/export/artifact-boundary.ts","133","133","函数@133","函数","实现 匿名逻辑 的调用与控制流程"
"lib/export/artifact-boundary.ts","137","137","函数@137","函数","实现 匿名逻辑 的调用与控制流程"
"lib/export/artifact-boundary.ts","163","168","isLegacyFigureMetadata","函数","实现 isLegacyFigureMetadata 的调用与控制流程"
"lib/export/artifact-boundary.ts","170","216","separateArtifactChannels","函数","实现 separateArtifactChannels 的调用与控制流程"
"lib/export/artifact-boundary.ts","179","184","函数@179","函数","实现 匿名逻辑 的调用与控制流程"
"lib/export/artifact-boundary.ts","188","194","函数@188","函数","实现 匿名逻辑 的调用与控制流程"
"lib/export/artifact-boundary.ts","198","209","函数@198","函数","实现 匿名逻辑 的调用与控制流程"
"lib/export/artifact-planner.ts","1","1","导入@1","导入","引入本文件依赖"
"lib/export/artifact-planner.ts","2","2","导入@2","导入","引入本文件依赖"
"lib/export/artifact-planner.ts","4","4","ArtifactTemplateId","类型","定义 ArtifactTemplateId 的数据契约"
"lib/export/artifact-planner.ts","6","12","ArtifactTemplate","类型","定义 ArtifactTemplate 的数据契约"
"lib/export/artifact-planner.ts","14","18","ArtifactQualityIssue","类型","定义 ArtifactQualityIssue 的数据契约"
"lib/export/artifact-planner.ts","20","26","ArtifactPlan","类型","定义 ArtifactPlan 的数据契约"
"lib/export/artifact-planner.ts","60","72","estimateUnits","函数","实现 estimateUnits 的调用与控制流程"
"lib/export/artifact-planner.ts","62","65","函数@62","函数","实现 匿名逻辑 的调用与控制流程"
"lib/export/artifact-planner.ts","74","79","getUnitLabel","函数","实现 getUnitLabel 的调用与控制流程"
"lib/export/artifact-planner.ts","81","139","inspectArtifact","函数","实现 inspectArtifact 的调用与控制流程"
"lib/export/artifact-planner.ts","95","97","函数@95","函数","实现 匿名逻辑 的调用与控制流程"
"lib/export/artifact-planner.ts","112","113","函数@112","函数","实现 匿名逻辑 的调用与控制流程"
"lib/export/artifact-planner.ts","113","113","函数@113","函数","实现 匿名逻辑 的调用与控制流程"
"lib/export/artifact-planner.ts","123","123","函数@123","函数","实现 匿名逻辑 的调用与控制流程"
"lib/export/artifact-planner.ts","141","156","planArtifact","函数","实现 planArtifact 的调用与控制流程"
"lib/export/artifact-planner.ts","148","148","函数@148","函数","实现 匿名逻辑 的调用与控制流程"
"lib/export/artifact-planner.ts","158","179","repairArtifactContent","函数","实现 repairArtifactContent 的调用与控制流程"
"lib/export/artifact-planner.ts","173","177","函数@173","函数","实现 匿名逻辑 的调用与控制流程"
"lib/export/artifact-spec.ts","1","5","导入@1","导入","引入本文件依赖"
"lib/export/artifact-spec.ts","7","11","ArtifactTable","类型","定义 ArtifactTable 的数据契约"
"lib/export/artifact-spec.ts","13","18","ArtifactSection","类型","定义 ArtifactSection 的数据契约"
"lib/export/artifact-spec.ts","20","25","ArtifactSpec","类型","定义 ArtifactSpec 的数据契约"
"lib/export/artifact-spec.ts","27","41","blockText","函数","实现 blockText 的调用与控制流程"
"lib/export/artifact-spec.ts","43","104","buildArtifactSpec","函数","实现 buildArtifactSpec 的调用与控制流程"
"lib/export/artifact-spec.ts","47","52","current","变量","保存或计算 current 所需的数据"
"lib/export/artifact-spec.ts","71","71","函数@71","函数","实现 匿名逻辑 的调用与控制流程"
"lib/export/artifact-spec.ts","78","78","函数@78","函数","实现 匿名逻辑 的调用与控制流程"
"lib/export/artifact-spec.ts","88","88","函数@88","函数","实现 匿名逻辑 的调用与控制流程"
"lib/export/artifact-spec.ts","92","92","函数@92","函数","实现 匿名逻辑 的调用与控制流程"
"lib/export/client.ts","3","3","导入@3","导入","引入本文件依赖"
"lib/export/client.ts","4","4","导入@4","导入","引入本文件依赖"
"lib/export/client.ts","5","5","导入@5","导入","引入本文件依赖"
"lib/export/client.ts","7","7","导出@7","导出","向其他模块公开能力"
"lib/export/client.ts","9","14","ExportContentRequest","类型","定义 ExportContentRequest 的数据契约"
"lib/export/client.ts","16","49","exportContent","函数","实现 exportContent 的调用与控制流程"
"lib/export/completeness.ts","1","1","导入@1","导入","引入本文件依赖"
"lib/export/completeness.ts","2","2","导入@2","导入","引入本文件依赖"
"lib/export/completeness.ts","4","9","ArtifactCompletenessIssueCode","类型","定义 ArtifactCompletenessIssueCode 的数据契约"
"lib/export/completeness.ts","11","11","ArtifactCompletenessIssueSeverity","类型","定义 ArtifactCompletenessIssueSeverity 的数据契约"
"lib/export/completeness.ts","13","18","ArtifactCompletenessIssue","类型","定义 ArtifactCompletenessIssue 的数据契约"
"lib/export/completeness.ts","20","25","ArtifactCompletenessInput","类型","定义 ArtifactCompletenessInput 的数据契约"
"lib/export/completeness.ts","27","33","ArtifactCompletenessReport","类型","定义 ArtifactCompletenessReport 的数据契约"
"lib/export/completeness.ts","89","94","getMetadataText","函数","实现 getMetadataText 的调用与控制流程"
"lib/export/completeness.ts","92","92","函数@92","函数","实现 匿名逻辑 的调用与控制流程"
"lib/export/completeness.ts","96","109","stripMarkdownSyntax","函数","实现 stripMarkdownSyntax 的调用与控制流程"
"lib/export/completeness.ts","98","99","函数@98","函数","实现 匿名逻辑 的调用与控制流程"
"lib/export/completeness.ts","102","103","函数@102","函数","实现 匿名逻辑 的调用与控制流程"
"lib/export/completeness.ts","111","115","countTextUnits","函数","实现 countTextUnits 的调用与控制流程"
"lib/export/completeness.ts","117","129","extractRequestedLengthUnits","函数","实现 extractRequestedLengthUnits 的调用与控制流程"
"lib/export/completeness.ts","131","148","requiresLongformCheck","函数","实现 requiresLongformCheck 的调用与控制流程"
"lib/export/completeness.ts","145","146","函数@145","函数","实现 匿名逻辑 的调用与控制流程"
"lib/export/completeness.ts","150","165","endsUnfinished","函数","实现 endsUnfinished 的调用与控制流程"
"lib/export/completeness.ts","163","163","函数@163","函数","实现 匿名逻辑 的调用与控制流程"
"lib/export/completeness.ts","167","173","compactHeading","函数","实现 compactHeading 的调用与控制流程"
"lib/export/completeness.ts","175","181","hasHeading","函数","实现 hasHeading 的调用与控制流程"
"lib/export/completeness.ts","177","177","函数@177","函数","实现 匿名逻辑 的调用与控制流程"
"lib/export/completeness.ts","180","180","函数@180","函数","实现 匿名逻辑 的调用与控制流程"
"lib/export/completeness.ts","183","187","hasReferencesHeading","函数","实现 hasReferencesHeading 的调用与控制流程"
"lib/export/completeness.ts","189","204","hasCitationOrReferencePlaceholder","函数","实现 hasCitationOrReferencePlaceholder 的调用与控制流程"
"lib/export/completeness.ts","206","214","hasSourceNotice","函数","实现 hasSourceNotice 的调用与控制流程"
"lib/export/completeness.ts","216","224","addIssue","函数","实现 addIssue 的调用与控制流程"
"lib/export/completeness.ts","226","233","addRepairableIssue","函数","实现 addRepairableIssue 的调用与控制流程"
"lib/export/completeness.ts","235","318","inspectAcademicStructure","函数","实现 inspectAcademicStructure 的调用与控制流程"
"lib/export/completeness.ts","320","389","inspectArtifactContentCompleteness","函数","实现 inspectArtifactContentCompleteness 的调用与控制流程"
"lib/export/completeness.ts","380","380","函数@380","函数","实现 匿名逻辑 的调用与控制流程"
"lib/export/completeness.ts","391","417","buildArtifactRecoveryMessage","函数","实现 buildArtifactRecoveryMessage 的调用与控制流程"
"lib/export/completeness.ts","397","397","函数@397","函数","实现 匿名逻辑 的调用与控制流程"
"lib/export/completeness.ts","419","433","firstUsableParagraph","函数","实现 firstUsableParagraph 的调用与控制流程"
"lib/export/completeness.ts","424","429","函数@424","函数","实现 匿名逻辑 的调用与控制流程"
"lib/export/completeness.ts","431","431","函数@431","函数","实现 匿名逻辑 的调用与控制流程"
"lib/export/completeness.ts","435","469","buildAcademicFallbackSection","函数","实现 buildAcademicFallbackSection 的调用与控制流程"
"lib/export/completeness.ts","471","550","repairAcademicContent","函数","实现 repairAcademicContent 的调用与控制流程"
"lib/export/completeness.ts","552","583","prepareArtifactContentForExport","函数","实现 prepareArtifactContentForExport 的调用与控制流程"
"lib/export/completeness.ts","585","592","assertArtifactContentComplete","函数","实现 assertArtifactContentComplete 的调用与控制流程"
"lib/export/content-sanitize.ts","1","1","导入@1","导入","引入本文件依赖"
"lib/export/content-sanitize.ts","46","55","normalizeLine","函数","实现 normalizeLine 的调用与控制流程"
"lib/export/content-sanitize.ts","57","61","compactForCompare","函数","实现 compactForCompare 的调用与控制流程"
"lib/export/content-sanitize.ts","63","69","truncateTitle","函数","实现 truncateTitle 的调用与控制流程"
"lib/export/content-sanitize.ts","71","76","looksLikeExportInstruction","函数","实现 looksLikeExportInstruction 的调用与控制流程"
"lib/export/content-sanitize.ts","74","74","函数@74","函数","实现 匿名逻辑 的调用与控制流程"
"lib/export/content-sanitize.ts","75","75","函数@75","函数","实现 匿名逻辑 的调用与控制流程"
"lib/export/content-sanitize.ts","78","81","isDecorativeOrEmpty","函数","实现 isDecorativeOrEmpty 的调用与控制流程"
"lib/export/content-sanitize.ts","83","85","isLikelyTableLine","函数","实现 isLikelyTableLine 的调用与控制流程"
"lib/export/content-sanitize.ts","87","93","shouldDropLeadingLine","函数","实现 shouldDropLeadingLine 的调用与控制流程"
"lib/export/content-sanitize.ts","95","104","stripLeadingGuidance","函数","实现 stripLeadingGuidance 的调用与控制流程"
"lib/export/content-sanitize.ts","106","116","stripInstructionLinesEverywhere","函数","实现 stripInstructionLinesEverywhere 的调用与控制流程"
"lib/export/content-sanitize.ts","118","139","unwrapPrimaryMarkdownFence","函数","实现 unwrapPrimaryMarkdownFence 的调用与控制流程"
"lib/export/content-sanitize.ts","134","134","函数@134","函数","实现 匿名逻辑 的调用与控制流程"
"lib/export/content-sanitize.ts","136","136","函数@136","函数","实现 匿名逻辑 的调用与控制流程"
"lib/export/content-sanitize.ts","141","155","dropDuplicateTitleHeading","函数","实现 dropDuplicateTitleHeading 的调用与控制流程"
"lib/export/content-sanitize.ts","157","161","removeGuidance","函数","实现 removeGuidance 的调用与控制流程"
"lib/export/content-sanitize.ts","163","172","sanitizeExportContent","函数","实现 sanitizeExportContent 的调用与控制流程"
"lib/export/content-sanitize.ts","174","201","deriveExportTitle","函数","实现 deriveExportTitle 的调用与控制流程"
"lib/export/content-sanitize.ts","203","223","prepareExportPayload","函数","实现 prepareExportPayload 的调用与控制流程"
"lib/export/document-language.ts","1","1","DocumentLanguage","类型","定义 DocumentLanguage 的数据契约"
"lib/export/document-language.ts","8","12","normalizedLanguage","函数","实现 normalizedLanguage 的调用与控制流程"
"lib/export/document-language.ts","14","19","languageByScript","函数","实现 languageByScript 的调用与控制流程"
"lib/export/document-language.ts","21","40","resolveDocumentLanguage","函数","实现 resolveDocumentLanguage 的调用与控制流程"
"lib/export/document-language.ts","42","46","documentLanguageInstruction","函数","实现 documentLanguageInstruction 的调用与控制流程"
"lib/export/document-spec.ts","1","4","导入@1","导入","引入本文件依赖"
"lib/export/document-spec.ts","5","12","导入@5","导入","引入本文件依赖"
"lib/export/document-spec.ts","14","53","DocumentPlan","类型","定义 DocumentPlan 的数据契约"
"lib/export/document-spec.ts","55","59","DocumentParagraphBlock","类型","定义 DocumentParagraphBlock 的数据契约"
"lib/export/document-spec.ts","61","66","DocumentListBlock","类型","定义 DocumentListBlock 的数据契约"
"lib/export/document-spec.ts","68","75","DocumentTableBlock","类型","定义 DocumentTableBlock 的数据契约"
"lib/export/document-spec.ts","77","81","DocumentVisualBlock","类型","定义 DocumentVisualBlock 的数据契约"
"lib/export/document-spec.ts","83","87","DocumentContentBlock","类型","定义 DocumentContentBlock 的数据契约"
"lib/export/document-spec.ts","89","94","DocumentSectionSpec","类型","定义 DocumentSectionSpec 的数据契约"
"lib/export/document-spec.ts","96","102","DocumentReferenceSpec","类型","定义 DocumentReferenceSpec 的数据契约"
"lib/export/document-spec.ts","104","123","DocumentVisualRequest","类型","定义 DocumentVisualRequest 的数据契约"
"lib/export/document-spec.ts","125","137","DocumentSpec","类型","定义 DocumentSpec 的数据契约"
"lib/export/document-spec.ts","139","149","FinalImageAsset","类型","定义 FinalImageAsset 的数据契约"
"lib/export/document-spec.ts","151","153","FinalDocumentSpec","类型","定义 FinalDocumentSpec 的数据契约"
"lib/export/document-spec.ts","155","159","DocumentSpecIssue","类型","定义 DocumentSpecIssue 的数据契约"
"lib/export/document-spec.ts","161","164","DocumentSpecValidation","类型","定义 DocumentSpecValidation 的数据契约"
"lib/export/document-spec.ts","169","173","record","函数","实现 record 的调用与控制流程"
"lib/export/document-spec.ts","175","177","text","函数","实现 text 的调用与控制流程"
"lib/export/document-spec.ts","179","183","stringArray","函数","实现 stringArray 的调用与控制流程"
"lib/export/document-spec.ts","185","192","extractJsonPayload","函数","实现 extractJsonPayload 的调用与控制流程"
"lib/export/document-spec.ts","194","329","parseDocumentSpec","函数","实现 parseDocumentSpec 的调用与控制流程"
"lib/export/document-spec.ts","200","249","函数@200","函数","实现 匿名逻辑 的调用与控制流程"
"lib/export/document-spec.ts","204","240","函数@204","函数","实现 匿名逻辑 的调用与控制流程"
"lib/export/document-spec.ts","227","227","函数@227","函数","实现 匿名逻辑 的调用与控制流程"
"lib/export/document-spec.ts","253","263","函数@253","函数","实现 匿名逻辑 的调用与控制流程"
"lib/export/document-spec.ts","267","297","函数@267","函数","实现 匿名逻辑 的调用与控制流程"
"lib/export/document-spec.ts","331","349","visibleStrings","函数","实现 visibleStrings 的调用与控制流程"
"lib/export/document-spec.ts","336","346","函数@336","函数","实现 匿名逻辑 的调用与控制流程"
"lib/export/document-spec.ts","338","345","函数@338","函数","实现 匿名逻辑 的调用与控制流程"
"lib/export/document-spec.ts","347","347","函数@347","函数","实现 匿名逻辑 的调用与控制流程"
"lib/export/document-spec.ts","351","490","validateDocumentSpec","函数","实现 validateDocumentSpec 的调用与控制流程"
"lib/export/document-spec.ts","356","357","add","变量","保存或计算 add 所需的数据"
"lib/export/document-spec.ts","356","357","函数@356","函数","实现 匿名逻辑 的调用与控制流程"
"lib/export/document-spec.ts","381","381","函数@381","函数","实现 匿名逻辑 的调用与控制流程"
"lib/export/document-spec.ts","395","395","函数@395","函数","实现 匿名逻辑 的调用与控制流程"
"lib/export/document-spec.ts","433","433","函数@433","函数","实现 匿名逻辑 的调用与控制流程"
"lib/export/document-spec.ts","440","440","函数@440","函数","实现 匿名逻辑 的调用与控制流程"
"lib/export/document-spec.ts","461","464","函数@461","函数","实现 匿名逻辑 的调用与控制流程"
"lib/export/document-spec.ts","492","571","createDocumentPlan","函数","实现 createDocumentPlan 的调用与控制流程"
"lib/export/document-spec.ts","549","549","函数@549","函数","实现 匿名逻辑 的调用与控制流程"
"lib/export/document-spec.ts","553","553","函数@553","函数","实现 匿名逻辑 的调用与控制流程"
"lib/export/document-spec.ts","558","566","函数@558","函数","实现 匿名逻辑 的调用与控制流程"
"lib/export/document-spec.ts","573","593","documentSpecPrompt","函数","实现 documentSpecPrompt 的调用与控制流程"
"lib/export/document-spec.ts","595","604","semanticDocumentPlanPrompt","函数","实现 semanticDocumentPlanPrompt 的调用与控制流程"
"lib/export/document-spec.ts","606","667","applySemanticDocumentPlan","函数","实现 applySemanticDocumentPlan 的调用与控制流程"
"lib/export/document-spec.ts","614","625","函数@614","函数","实现 匿名逻辑 的调用与控制流程"
"lib/export/document-spec.ts","627","627","函数@627","函数","实现 匿名逻辑 的调用与控制流程"
"lib/export/document-spec.ts","631","655","函数@631","函数","实现 匿名逻辑 的调用与控制流程"
"lib/export/document-spec.ts","656","656","函数@656","函数","实现 匿名逻辑 的调用与控制流程"
"lib/export/document-spec.ts","669","671","escapeCell","函数","实现 escapeCell 的调用与控制流程"
"lib/export/document-spec.ts","673","709","documentSpecToMarkdown","函数","实现 documentSpecToMarkdown 的调用与控制流程"
"lib/export/document-spec.ts","685","685","函数@685","函数","实现 匿名逻辑 的调用与控制流程"
"lib/export/document-spec.ts","691","691","函数@691","函数","实现 匿名逻辑 的调用与控制流程"
"lib/export/document-spec.ts","692","692","函数@692","函数","实现 匿名逻辑 的调用与控制流程"
"lib/export/document-spec.ts","696","696","函数@696","函数","实现 匿名逻辑 的调用与控制流程"
"lib/export/document-spec.ts","706","706","函数@706","函数","实现 匿名逻辑 的调用与控制流程"
"lib/export/document-templates.ts","1","1","导入@1","导入","引入本文件依赖"
"lib/export/document-templates.ts","2","2","导入@2","导入","引入本文件依赖"
"lib/export/document-templates.ts","3","3","导入@3","导入","引入本文件依赖"
"lib/export/document-templates.ts","5","13","DocumentTemplateId","类型","定义 DocumentTemplateId 的数据契约"
"lib/export/document-templates.ts","15","30","DocumentComponentId","类型","定义 DocumentComponentId 的数据契约"
"lib/export/document-templates.ts","32","40","TemplateComponentRule","类型","定义 TemplateComponentRule 的数据契约"
"lib/export/document-templates.ts","42","68","DocumentTemplateDefinition","类型","定义 DocumentTemplateDefinition 的数据契约"
"lib/export/document-templates.ts","70","79","ResolvedDocumentTemplate","类型","定义 ResolvedDocumentTemplate 的数据契约"
"lib/export/document-templates.ts","256","264","函数@256","函数","实现 匿名逻辑 的调用与控制流程"
"lib/export/document-templates.ts","268","272","getDocumentTemplate","函数","实现 getDocumentTemplate 的调用与控制流程"
"lib/export/document-templates.ts","271","271","函数@271","函数","实现 匿名逻辑 的调用与控制流程"
"lib/export/document-templates.ts","274","301","orderTemplateComponents","函数","实现 orderTemplateComponents 的调用与控制流程"
"lib/export/document-templates.ts","277","277","函数@277","函数","实现 匿名逻辑 的调用与控制流程"
"lib/export/document-templates.ts","278","278","函数@278","函数","实现 匿名逻辑 的调用与控制流程"
"lib/export/document-templates.ts","284","288","函数@284","函数","实现 匿名逻辑 的调用与控制流程"
"lib/export/document-templates.ts","287","287","函数@287","函数","实现 匿名逻辑 的调用与控制流程"
"lib/export/document-templates.ts","303","341","resolveDocumentTemplate","函数","实现 resolveDocumentTemplate 的调用与控制流程"
"lib/export/document-templates.ts","309","314","函数@309","函数","实现 匿名逻辑 的调用与控制流程"
"lib/export/document-templates.ts","313","313","函数@313","函数","实现 匿名逻辑 的调用与控制流程"
"lib/export/document-templates.ts","314","314","函数@314","函数","实现 匿名逻辑 的调用与控制流程"
"lib/export/document-templates.ts","343","375","resolvedTemplateByIdentity","函数","实现 resolvedTemplateByIdentity 的调用与控制流程"
"lib/export/document-templates.ts","377","392","templateComponentPrompt","函数","实现 templateComponentPrompt 的调用与控制流程"
"lib/export/document-trace.ts","1","1","导入@1","导入","引入本文件依赖"
"lib/export/document-trace.ts","2","2","导入@2","导入","引入本文件依赖"
"lib/export/document-trace.ts","4","9","DocumentTraceEventStatus","类型","定义 DocumentTraceEventStatus 的数据契约"
"lib/export/document-trace.ts","11","16","DocumentTraceJobStatus","类型","定义 DocumentTraceJobStatus 的数据契约"
"lib/export/document-trace.ts","18","26","DocumentTraceEvent","类型","定义 DocumentTraceEvent 的数据契约"
"lib/export/document-trace.ts","28","32","CreateDocumentTraceInput","类型","定义 CreateDocumentTraceInput 的数据契约"
"lib/export/document-trace.ts","34","37","CompleteDocumentTraceInput","类型","定义 CompleteDocumentTraceInput 的数据契约"
"lib/export/document-trace.ts","39","43","FailDocumentTraceInput","类型","定义 FailDocumentTraceInput 的数据契约"
"lib/export/document-trace.ts","45","61","errorFields","函数","实现 errorFields 的调用与控制流程"
"lib/export/document-trace.ts","63","77","safeDetails","函数","实现 safeDetails 的调用与控制流程"
"lib/export/document-trace.ts","69","69","函数@69","函数","实现 匿名逻辑 的调用与控制流程"
"lib/export/document-trace.ts","70","75","函数@70","函数","实现 匿名逻辑 的调用与控制流程"
"lib/export/document-trace.ts","79","292","createDocumentGenerationTrace","函数","实现 createDocumentGenerationTrace 的调用与控制流程"
"lib/export/document-trace.ts","92","100","warnPersistence","变量","保存或计算 warnPersistence 所需的数据"
"lib/export/document-trace.ts","92","100","函数@92","函数","实现 匿名逻辑 的调用与控制流程"
"lib/export/document-trace.ts","102","114","enqueuePersistence","变量","保存或计算 enqueuePersistence 所需的数据"
"lib/export/document-trace.ts","102","114","函数@102","函数","实现 匿名逻辑 的调用与控制流程"
"lib/export/document-trace.ts","106","113","函数@106","函数","实现 匿名逻辑 的调用与控制流程"
"lib/export/document-trace.ts","116","121","flushPersistence","变量","保存或计算 flushPersistence 所需的数据"
"lib/export/document-trace.ts","116","121","函数@116","函数","实现 匿名逻辑 的调用与控制流程"
"lib/export/document-trace.ts","119","119","函数@119","函数","实现 匿名逻辑 的调用与控制流程"
"lib/export/document-trace.ts","123","133","updateJob","变量","保存或计算 updateJob 所需的数据"
"lib/export/document-trace.ts","123","133","函数@123","函数","实现 匿名逻辑 的调用与控制流程"
"lib/export/document-trace.ts","126","131","函数@126","函数","实现 匿名逻辑 的调用与控制流程"
"lib/export/document-trace.ts","135","172","event","变量","保存或计算 event 所需的数据"
"lib/export/document-trace.ts","135","172","函数@135","函数","实现 匿名逻辑 的调用与控制流程"
"lib/export/document-trace.ts","137","146","payload","变量","保存或计算 payload 所需的数据"
"lib/export/document-trace.ts","149","163","函数@149","函数","实现 匿名逻辑 的调用与控制流程"
"lib/export/document-trace.ts","174","208","start","变量","保存或计算 start 所需的数据"
"lib/export/document-trace.ts","174","208","函数@174","函数","实现 匿名逻辑 的调用与控制流程"
"lib/export/document-trace.ts","185","198","函数@185","函数","实现 匿名逻辑 的调用与控制流程"
"lib/export/document-trace.ts","210","223","setTemplate","变量","保存或计算 setTemplate 所需的数据"
"lib/export/document-trace.ts","210","223","函数@210","函数","实现 匿名逻辑 的调用与控制流程"
"lib/export/document-trace.ts","225","242","complete","变量","保存或计算 complete 所需的数据"
"lib/export/document-trace.ts","225","242","函数@225","函数","实现 匿名逻辑 的调用与控制流程"
"lib/export/document-trace.ts","244","262","fail","变量","保存或计算 fail 所需的数据"
"lib/export/document-trace.ts","244","262","函数@244","函数","实现 匿名逻辑 的调用与控制流程"
"lib/export/document-trace.ts","264","281","cancel","变量","保存或计算 cancel 所需的数据"
"lib/export/document-trace.ts","264","281","函数@264","函数","实现 匿名逻辑 的调用与控制流程"
"lib/export/document-trace.ts","294","296","DocumentGenerationTrace","类型","定义 DocumentGenerationTrace 的数据契约"
"lib/export/download.ts","1","11","downloadBlob","函数","实现 downloadBlob 的调用与控制流程"
"lib/export/download.ts","13","19","downloadText","函数","实现 downloadText 的调用与控制流程"
"lib/export/errors.ts","1","9","ExportError","类","封装 ExportError 的状态和行为"
"lib/export/filename.ts","3","21","sanitizeFilenameSegment","函数","实现 sanitizeFilenameSegment 的调用与控制流程"
"lib/export/filename.ts","23","34","formatExportTimestamp","函数","实现 formatExportTimestamp 的调用与控制流程"
"lib/export/filename.ts","24","24","pad","变量","保存或计算 pad 所需的数据"
"lib/export/filename.ts","24","24","函数@24","函数","实现 匿名逻辑 的调用与控制流程"
"lib/export/filename.ts","36","42","buildExportFilename","函数","实现 buildExportFilename 的调用与控制流程"
"lib/export/generators/docx.ts","3","19","导入@3","导入","引入本文件依赖"
"lib/export/generators/docx.ts","20","20","导入@20","导入","引入本文件依赖"
"lib/export/generators/docx.ts","21","21","导入@21","导入","引入本文件依赖"
"lib/export/generators/docx.ts","22","22","导入@22","导入","引入本文件依赖"
"lib/export/generators/docx.ts","23","26","导入@23","导入","引入本文件依赖"
"lib/export/generators/docx.ts","27","30","导入@27","导入","引入本文件依赖"
"lib/export/generators/docx.ts","31","38","导入@31","导入","引入本文件依赖"
"lib/export/generators/docx.ts","44","74","DocxPalette","类型","定义 DocxPalette 的数据契约"
"lib/export/generators/docx.ts","76","126","PALETTES","变量","保存或计算 PALETTES 所需的数据"
"lib/export/generators/docx.ts","128","130","fontFor","函数","实现 fontFor 的调用与控制流程"
"lib/export/generators/docx.ts","132","134","headingFontFor","函数","实现 headingFontFor 的调用与控制流程"
"lib/export/generators/docx.ts","136","138","bodySizeFor","函数","实现 bodySizeFor 的调用与控制流程"
"lib/export/generators/docx.ts","140","142","bodyLineFor","函数","实现 bodyLineFor 的调用与控制流程"
"lib/export/generators/docx.ts","144","175","kindLabel","函数","实现 kindLabel 的调用与控制流程"
"lib/export/generators/docx.ts","177","179","normalizeInlineText","函数","实现 normalizeInlineText 的调用与控制流程"
"lib/export/generators/docx.ts","181","183","plainTextFromInlines","函数","实现 plainTextFromInlines 的调用与控制流程"
"lib/export/generators/docx.ts","182","182","函数@182","函数","实现 匿名逻辑 的调用与控制流程"
"lib/export/generators/docx.ts","185","192","escapeXml","函数","实现 escapeXml 的调用与控制流程"
"lib/export/generators/docx.ts","194","198","truncateText","函数","实现 truncateText 的调用与控制流程"
"lib/export/generators/docx.ts","200","228","wrapText","函数","实现 wrapText 的调用与控制流程"
"lib/export/generators/docx.ts","230","252","svgText","函数","实现 svgText 的调用与控制流程"
"lib/export/generators/docx.ts","247","248","函数@247","函数","实现 匿名逻辑 的调用与控制流程"
"lib/export/generators/docx.ts","254","266","parseVisualRaw","函数","实现 parseVisualRaw 的调用与控制流程"
"lib/export/generators/docx.ts","268","275","valueString","函数","实现 valueString 的调用与控制流程"
"lib/export/generators/docx.ts","277","318","visualItems","函数","实现 visualItems 的调用与控制流程"
"lib/export/generators/docx.ts","282","282","函数@282","函数","实现 匿名逻辑 的调用与控制流程"
"lib/export/generators/docx.ts","283","286","函数@283","函数","实现 匿名逻辑 的调用与控制流程"
"lib/export/generators/docx.ts","293","293","函数@293","函数","实现 匿名逻辑 的调用与控制流程"
"lib/export/generators/docx.ts","294","297","函数@294","函数","实现 匿名逻辑 的调用与控制流程"
"lib/export/generators/docx.ts","304","304","函数@304","函数","实现 匿名逻辑 的调用与控制流程"
"lib/export/generators/docx.ts","305","308","函数@305","函数","实现 匿名逻辑 的调用与控制流程"
"lib/export/generators/docx.ts","320","389","renderWorkflowSvg","函数","实现 renderWorkflowSvg 的调用与控制流程"
"lib/export/generators/docx.ts","336","368","函数@336","函数","实现 匿名逻辑 的调用与控制流程"
"lib/export/generators/docx.ts","391","397","RenderedVisualFigure","类型","定义 RenderedVisualFigure 的数据契约"
"lib/export/generators/docx.ts","399","414","normalizeVisualSpecs","函数","实现 normalizeVisualSpecs 的调用与控制流程"
"lib/export/generators/docx.ts","402","406","函数@402","函数","实现 匿名逻辑 的调用与控制流程"
"lib/export/generators/docx.ts","407","413","函数@407","函数","实现 匿名逻辑 的调用与控制流程"
"lib/export/generators/docx.ts","416","434","renderVisualFigures","函数","实现 renderVisualFigures 的调用与控制流程"
"lib/export/generators/docx.ts","436","463","finalImageAssets","函数","实现 finalImageAssets 的调用与控制流程"
"lib/export/generators/docx.ts","438","462","函数@438","函数","实现 匿名逻辑 的调用与控制流程"
"lib/export/generators/docx.ts","465","497","applyMatureTableMetadata","函数","实现 applyMatureTableMetadata 的调用与控制流程"
"lib/export/generators/docx.ts","472","475","函数@472","函数","实现 匿名逻辑 的调用与控制流程"
"lib/export/generators/docx.ts","474","474","函数@474","函数","实现 匿名逻辑 的调用与控制流程"
"lib/export/generators/docx.ts","480","495","函数@480","函数","实现 匿名逻辑 的调用与控制流程"
"lib/export/generators/docx.ts","482","494","函数@482","函数","实现 匿名逻辑 的调用与控制流程"
"lib/export/generators/docx.ts","499","520","inlineSpansToTextRuns","函数","实现 inlineSpansToTextRuns 的调用与控制流程"
"lib/export/generators/docx.ts","504","518","函数@504","函数","实现 匿名逻辑 的调用与控制流程"
"lib/export/generators/docx.ts","522","540","textRun","函数","实现 textRun 的调用与控制流程"
"lib/export/generators/docx.ts","542","576","buildCover","函数","实现 buildCover 的调用与控制流程"
"lib/export/generators/docx.ts","578","634","buildMetaBlocks","函数","实现 buildMetaBlocks 的调用与控制流程"
"lib/export/generators/docx.ts","636","640","headingLevel","函数","实现 headingLevel 的调用与控制流程"
"lib/export/generators/docx.ts","642","679","sectionHeading","函数","实现 sectionHeading 的调用与控制流程"
"lib/export/generators/docx.ts","681","694","paragraphBlock","函数","实现 paragraphBlock 的调用与控制流程"
"lib/export/generators/docx.ts","696","717","listBlocks","函数","实现 listBlocks 的调用与控制流程"
"lib/export/generators/docx.ts","699","715","函数@699","函数","实现 匿名逻辑 的调用与控制流程"
"lib/export/generators/docx.ts","719","742","calloutBlock","函数","实现 calloutBlock 的调用与控制流程"
"lib/export/generators/docx.ts","744","751","tableColumnWidths","函数","实现 tableColumnWidths 的调用与控制流程"
"lib/export/generators/docx.ts","747","747","函数@747","函数","实现 匿名逻辑 的调用与控制流程"
"lib/export/generators/docx.ts","749","749","函数@749","函数","实现 匿名逻辑 的调用与控制流程"
"lib/export/generators/docx.ts","753","778","buildTableCell","函数","实现 buildTableCell 的调用与控制流程"
"lib/export/generators/docx.ts","780","861","tableBlock","函数","实现 tableBlock 的调用与控制流程"
"lib/export/generators/docx.ts","823","824","函数@823","函数","实现 匿名逻辑 的调用与控制流程"
"lib/export/generators/docx.ts","828","838","函数@828","函数","实现 匿名逻辑 的调用与控制流程"
"lib/export/generators/docx.ts","830","836","函数@830","函数","实现 匿名逻辑 的调用与控制流程"
"lib/export/generators/docx.ts","863","868","FigureRenderState","类型","定义 FigureRenderState 的数据契约"
"lib/export/generators/docx.ts","870","872","isFigurePlaceholderCallout","函数","实现 isFigurePlaceholderCallout 的调用与控制流程"
"lib/export/generators/docx.ts","874","941","figureBlocks","函数","实现 figureBlocks 的调用与控制流程"
"lib/export/generators/docx.ts","943","950","consumeFigure","函数","实现 consumeFigure 的调用与控制流程"
"lib/export/generators/docx.ts","952","958","appendUnusedFigures","函数","实现 appendUnusedFigures 的调用与控制流程"
"lib/export/generators/docx.ts","960","994","renderSection","函数","实现 renderSection 的调用与控制流程"
"lib/export/generators/docx.ts","996","1040","renderReferences","函数","实现 renderReferences 的调用与控制流程"
"lib/export/generators/docx.ts","1016","1037","函数@1016","函数","实现 匿名逻辑 的调用与控制流程"
"lib/export/generators/docx.ts","1042","1069","renderWarnings","函数","实现 renderWarnings 的调用与控制流程"
"lib/export/generators/docx.ts","1056","1066","函数@1056","函数","实现 匿名逻辑 的调用与控制流程"
"lib/export/generators/docx.ts","1071","1091","buildDocxChildren","函数","实现 buildDocxChildren 的调用与控制流程"
"lib/export/generators/docx.ts","1076","1081","figureState","变量","保存或计算 figureState 所需的数据"
"lib/export/generators/docx.ts","1086","1086","函数@1086","函数","实现 匿名逻辑 的调用与控制流程"
"lib/export/generators/docx.ts","1093","1282","generateDocxBuffer","函数","实现 generateDocxBuffer 的调用与控制流程"
"lib/export/generators/generate-buffer.ts","3","3","导入@3","导入","引入本文件依赖"
"lib/export/generators/generate-buffer.ts","4","7","导入@4","导入","引入本文件依赖"
"lib/export/generators/generate-buffer.ts","9","13","getTemplateId","函数","实现 getTemplateId 的调用与控制流程"
"lib/export/generators/generate-buffer.ts","15","89","generateExportBuffer","函数","实现 generateExportBuffer 的调用与控制流程"
"lib/export/generators/png.ts","1","1","导入@1","导入","引入本文件依赖"
"lib/export/generators/png.ts","2","2","导入@2","导入","引入本文件依赖"
"lib/export/generators/png.ts","3","3","导入@3","导入","引入本文件依赖"
"lib/export/generators/png.ts","5","14","generateArtifactPngBuffer","函数","实现 generateArtifactPngBuffer 的调用与控制流程"
"lib/export/generators/svg.ts","1","1","导入@1","导入","引入本文件依赖"
"lib/export/generators/svg.ts","2","2","导入@2","导入","引入本文件依赖"
"lib/export/generators/svg.ts","4","11","escapeXml","函数","实现 escapeXml 的调用与控制流程"
"lib/export/generators/svg.ts","13","18","compact","函数","实现 compact 的调用与控制流程"
"lib/export/generators/svg.ts","20","27","wrap","函数","实现 wrap 的调用与控制流程"
"lib/export/generators/svg.ts","29","55","getPalette","函数","实现 getPalette 的调用与控制流程"
"lib/export/generators/svg.ts","57","141","generateArtifactSvg","函数","实现 generateArtifactSvg 的调用与控制流程"
"lib/export/generators/svg.ts","65","71","函数@65","函数","实现 匿名逻辑 的调用与控制流程"
"lib/export/generators/svg.ts","69","69","函数@69","函数","实现 匿名逻辑 的调用与控制流程"
"lib/export/generators/svg.ts","72","78","函数@72","函数","实现 匿名逻辑 的调用与控制流程"
"lib/export/generators/svg.ts","80","80","函数@80","函数","实现 匿名逻辑 的调用与控制流程"
"lib/export/generators/svg.ts","92","114","函数@92","函数","实现 匿名逻辑 的调用与控制流程"
"lib/export/generators/svg.ts","99","99","函数@99","函数","实现 匿名逻辑 的调用与控制流程"
"lib/export/generators/svg.ts","109","110","函数@109","函数","实现 匿名逻辑 的调用与控制流程"
"lib/export/generators/svg.ts","134","135","函数@134","函数","实现 匿名逻辑 的调用与控制流程"
"lib/export/generators/svg.ts","143","149","generateArtifactSvgBuffer","函数","实现 generateArtifactSvgBuffer 的调用与控制流程"
"lib/export/generators/xlsx.ts","1","1","导入@1","导入","引入本文件依赖"
"lib/export/generators/xlsx.ts","2","2","导入@2","导入","引入本文件依赖"
"lib/export/generators/xlsx.ts","4","4","CellValue","类型","定义 CellValue 的数据契约"
"lib/export/generators/xlsx.ts","6","10","SheetSpec","类型","定义 SheetSpec 的数据契约"
"lib/export/generators/xlsx.ts","12","14","WorkbookSpec","类型","定义 WorkbookSpec 的数据契约"
"lib/export/generators/xlsx.ts","16","19","safeSheetName","函数","实现 safeSheetName 的调用与控制流程"
"lib/export/generators/xlsx.ts","21","24","normalizeHeader","函数","实现 normalizeHeader 的调用与控制流程"
"lib/export/generators/xlsx.ts","26","36","normalizeCell","函数","实现 normalizeCell 的调用与控制流程"
"lib/export/generators/xlsx.ts","38","46","uniqueHeaders","函数","实现 uniqueHeaders 的调用与控制流程"
"lib/export/generators/xlsx.ts","40","45","函数@40","函数","实现 匿名逻辑 的调用与控制流程"
"lib/export/generators/xlsx.ts","48","50","alignRow","函数","实现 alignRow 的调用与控制流程"
"lib/export/generators/xlsx.ts","49","49","函数@49","函数","实现 匿名逻辑 的调用与控制流程"
"lib/export/generators/xlsx.ts","52","80","normalizeRows","函数","实现 normalizeRows 的调用与控制流程"
"lib/export/generators/xlsx.ts","70","77","函数@70","函数","实现 匿名逻辑 的调用与控制流程"
"lib/export/generators/xlsx.ts","74","74","函数@74","函数","实现 匿名逻辑 的调用与控制流程"
"lib/export/generators/xlsx.ts","82","112","sheetFromUnknown","函数","实现 sheetFromUnknown 的调用与控制流程"
"lib/export/generators/xlsx.ts","108","108","函数@108","函数","实现 匿名逻辑 的调用与控制流程"
"lib/export/generators/xlsx.ts","114","126","inferHeadersFromRows","函数","实现 inferHeadersFromRows 的调用与控制流程"
"lib/export/generators/xlsx.ts","116","116","函数@116","函数","实现 匿名逻辑 的调用与控制流程"
"lib/export/generators/xlsx.ts","122","122","函数@122","函数","实现 匿名逻辑 的调用与控制流程"
"lib/export/generators/xlsx.ts","128","138","extractFencedBlocks","函数","实现 extractFencedBlocks 的调用与控制流程"
"lib/export/generators/xlsx.ts","140","161","parseJsonWorkbook","函数","实现 parseJsonWorkbook 的调用与控制流程"
"lib/export/generators/xlsx.ts","142","142","函数@142","函数","实现 匿名逻辑 的调用与控制流程"
"lib/export/generators/xlsx.ts","143","143","函数@143","函数","实现 匿名逻辑 的调用与控制流程"
"lib/export/generators/xlsx.ts","163","190","normalizeJsonWorkbook","函数","实现 normalizeJsonWorkbook 的调用与控制流程"
"lib/export/generators/xlsx.ts","174","174","函数@174","函数","实现 匿名逻辑 的调用与控制流程"
"lib/export/generators/xlsx.ts","175","175","函数@175","函数","实现 匿名逻辑 的调用与控制流程"
"lib/export/generators/xlsx.ts","182","182","函数@182","函数","实现 匿名逻辑 的调用与控制流程"
"lib/export/generators/xlsx.ts","192","202","detectDelimiter","函数","实现 detectDelimiter 的调用与控制流程"
"lib/export/generators/xlsx.ts","195","200","函数@195","函数","实现 匿名逻辑 的调用与控制流程"
"lib/export/generators/xlsx.ts","199","199","函数@199","函数","实现 匿名逻辑 的调用与控制流程"
"lib/export/generators/xlsx.ts","201","201","函数@201","函数","实现 匿名逻辑 的调用与控制流程"
"lib/export/generators/xlsx.ts","204","235","parseDelimitedLine","函数","实现 parseDelimitedLine 的调用与控制流程"
"lib/export/generators/xlsx.ts","237","265","parseDelimitedSheets","函数","实现 parseDelimitedSheets 的调用与控制流程"
"lib/export/generators/xlsx.ts","238","239","函数@238","函数","实现 匿名逻辑 的调用与控制流程"
"lib/export/generators/xlsx.ts","243","247","函数@243","函数","实现 匿名逻辑 的调用与控制流程"
"lib/export/generators/xlsx.ts","251","263","函数@251","函数","实现 匿名逻辑 的调用与控制流程"
"lib/export/generators/xlsx.ts","254","254","函数@254","函数","实现 匿名逻辑 的调用与控制流程"
"lib/export/generators/xlsx.ts","258","258","函数@258","函数","实现 匿名逻辑 的调用与控制流程"
"lib/export/generators/xlsx.ts","259","259","函数@259","函数","实现 匿名逻辑 的调用与控制流程"
"lib/export/generators/xlsx.ts","261","261","函数@261","函数","实现 匿名逻辑 的调用与控制流程"
"lib/export/generators/xlsx.ts","264","264","函数@264","函数","实现 匿名逻辑 的调用与控制流程"
"lib/export/generators/xlsx.ts","267","274","parseMarkdownSheets","函数","实现 parseMarkdownSheets 的调用与控制流程"
"lib/export/generators/xlsx.ts","269","273","函数@269","函数","实现 匿名逻辑 的调用与控制流程"
"lib/export/generators/xlsx.ts","272","272","函数@272","函数","实现 匿名逻辑 的调用与控制流程"
"lib/export/generators/xlsx.ts","276","282","splitLongText","函数","实现 splitLongText 的调用与控制流程"
"lib/export/generators/xlsx.ts","280","280","函数@280","函数","实现 匿名逻辑 的调用与控制流程"
"lib/export/generators/xlsx.ts","284","326","repairFreeTextWorkbook","函数","实现 repairFreeTextWorkbook 的调用与控制流程"
"lib/export/generators/xlsx.ts","312","312","函数@312","函数","实现 匿名逻辑 的调用与控制流程"
"lib/export/generators/xlsx.ts","314","314","函数@314","函数","实现 匿名逻辑 的调用与控制流程"
"lib/export/generators/xlsx.ts","328","342","isSheetHealthy","函数","实现 isSheetHealthy 的调用与控制流程"
"lib/export/generators/xlsx.ts","332","339","函数@332","函数","实现 匿名逻辑 的调用与控制流程"
"lib/export/generators/xlsx.ts","333","333","函数@333","函数","实现 匿名逻辑 的调用与控制流程"
"lib/export/generators/xlsx.ts","335","335","函数@335","函数","实现 匿名逻辑 的调用与控制流程"
"lib/export/generators/xlsx.ts","344","367","repairUnhealthySheets","函数","实现 repairUnhealthySheets 的调用与控制流程"
"lib/export/generators/xlsx.ts","348","364","函数@348","函数","实现 匿名逻辑 的调用与控制流程"
"lib/export/generators/xlsx.ts","350","358","函数@350","函数","实现 匿名逻辑 的调用与控制流程"
"lib/export/generators/xlsx.ts","351","351","函数@351","函数","实现 匿名逻辑 的调用与控制流程"
"lib/export/generators/xlsx.ts","353","357","函数@353","函数","实现 匿名逻辑 的调用与控制流程"
"lib/export/generators/xlsx.ts","369","384","buildWorkbookSpec","函数","实现 buildWorkbookSpec 的调用与控制流程"
"lib/export/generators/xlsx.ts","386","392","columnWidth","函数","实现 columnWidth 的调用与控制流程"
"lib/export/generators/xlsx.ts","388","388","函数@388","函数","实现 匿名逻辑 的调用与控制流程"
"lib/export/generators/xlsx.ts","394","423","appendSheet","函数","实现 appendSheet 的调用与控制流程"
"lib/export/generators/xlsx.ts","401","401","函数@401","函数","实现 匿名逻辑 的调用与控制流程"
"lib/export/generators/xlsx.ts","403","405","函数@403","函数","实现 匿名逻辑 的调用与控制流程"
"lib/export/generators/xlsx.ts","404","404","函数@404","函数","实现 匿名逻辑 的调用与控制流程"
"lib/export/generators/xlsx.ts","425","442","generateArtifactXlsxBuffer","函数","实现 generateArtifactXlsxBuffer 的调用与控制流程"
"lib/export/generators/xlsx.ts","433","435","函数@433","函数","实现 匿名逻辑 的调用与控制流程"
"lib/export/markdown-blocks.ts","1","6","InlineSpan","类型","定义 InlineSpan 的数据契约"
"lib/export/markdown-blocks.ts","8","15","MarkdownBlock","类型","定义 MarkdownBlock 的数据契约"
"lib/export/markdown-blocks.ts","24","31","parseTableRow","函数","实现 parseTableRow 的调用与控制流程"
"lib/export/markdown-blocks.ts","29","29","函数@29","函数","实现 匿名逻辑 的调用与控制流程"
"lib/export/markdown-blocks.ts","33","39","isTableSeparator","函数","实现 isTableSeparator 的调用与控制流程"
"lib/export/markdown-blocks.ts","37","37","函数@37","函数","实现 匿名逻辑 的调用与控制流程"
"lib/export/markdown-blocks.ts","41","82","parseInlineMarkdown","函数","实现 parseInlineMarkdown 的调用与控制流程"
"lib/export/markdown-blocks.ts","84","243","parseMarkdownBlocks","函数","实现 parseMarkdownBlocks 的调用与控制流程"
"lib/export/markdown-blocks.ts","231","231","函数@231","函数","实现 匿名逻辑 的调用与控制流程"
"lib/export/markdown-blocks.ts","245","247","inlineSpansToPlainText","函数","实现 inlineSpansToPlainText 的调用与控制流程"
"lib/export/markdown-blocks.ts","246","246","函数@246","函数","实现 匿名逻辑 的调用与控制流程"
"lib/export/pdf-render.ts","3","3","导入@3","导入","引入本文件依赖"
"lib/export/pdf-render.ts","4","4","导入@4","导入","引入本文件依赖"
"lib/export/pdf-render.ts","5","10","导入@5","导入","引入本文件依赖"
"lib/export/pdf-render.ts","29","29","PdfDoc","类型","定义 PdfDoc 的数据契约"
"lib/export/pdf-render.ts","31","34","registerPdfFonts","函数","实现 registerPdfFonts 的调用与控制流程"
"lib/export/pdf-render.ts","36","50","appendPlainText","函数","实现 appendPlainText 的调用与控制流程"
"lib/export/pdf-render.ts","52","58","appendInlineSpans","函数","实现 appendInlineSpans 的调用与控制流程"
"lib/export/pdf-render.ts","60","101","renderBlock","函数","实现 renderBlock 的调用与控制流程"
"lib/export/pdf-render.ts","80","86","函数@80","函数","实现 匿名逻辑 的调用与控制流程"
"lib/export/pdf-render.ts","103","134","renderMarkdownToPdfBuffer","函数","实现 renderMarkdownToPdfBuffer 的调用与控制流程"
"lib/export/pdf-render.ts","104","133","函数@104","函数","实现 匿名逻辑 的调用与控制流程"
"lib/export/pdf-render.ts","113","115","函数@113","函数","实现 匿名逻辑 的调用与控制流程"
"lib/export/pdf-render.ts","116","118","函数@116","函数","实现 匿名逻辑 的调用与控制流程"
"lib/export/quality.ts","1","1","导入@1","导入","引入本文件依赖"
"lib/export/quality.ts","2","2","导入@2","导入","引入本文件依赖"
"lib/export/quality.ts","3","3","导入@3","导入","引入本文件依赖"
"lib/export/quality.ts","4","4","导入@4","导入","引入本文件依赖"
"lib/export/quality.ts","6","9","ExportQualityIssue","类型","定义 ExportQualityIssue 的数据契约"
"lib/export/quality.ts","11","14","ExportQualityReport","类型","定义 ExportQualityReport 的数据契约"
"lib/export/quality.ts","18","20","startsWith","函数","实现 startsWith 的调用与控制流程"
"lib/export/quality.ts","22","24","includesText","函数","实现 includesText 的调用与控制流程"
"lib/export/quality.ts","26","34","extractOfficeXmlText","函数","实现 extractOfficeXmlText 的调用与控制流程"
"lib/export/quality.ts","36","47","extractOfficeXmlTexts","函数","实现 extractOfficeXmlTexts 的调用与控制流程"
"lib/export/quality.ts","41","41","函数@41","函数","实现 匿名逻辑 的调用与控制流程"
"lib/export/quality.ts","42","42","函数@42","函数","实现 匿名逻辑 的调用与控制流程"
"lib/export/quality.ts","49","54","xmlToText","函数","实现 xmlToText 的调用与控制流程"
"lib/export/quality.ts","56","70","inspectTextForMojibake","函数","实现 inspectTextForMojibake 的调用与控制流程"
"lib/export/quality.ts","67","67","函数@67","函数","实现 匿名逻辑 的调用与控制流程"
"lib/export/quality.ts","72","115","inspectDocxContent","函数","实现 inspectDocxContent 的调用与控制流程"
"lib/export/quality.ts","117","121","inspectPptxContent","函数","实现 inspectPptxContent 的调用与控制流程"
"lib/export/quality.ts","123","129","inspectXlsxContent","函数","实现 inspectXlsxContent 的调用与控制流程"
"lib/export/quality.ts","131","198","inspectExportBuffer","函数","实现 inspectExportBuffer 的调用与控制流程"
"lib/export/quality.ts","200","210","assertExportQuality","函数","实现 assertExportQuality 的调用与控制流程"
"lib/export/quality.ts","207","207","函数@207","函数","实现 匿名逻辑 的调用与控制流程"
"lib/export/service.ts","3","3","导入@3","导入","引入本文件依赖"
"lib/export/service.ts","4","7","导入@4","导入","引入本文件依赖"
"lib/export/service.ts","8","8","导入@8","导入","引入本文件依赖"
"lib/export/service.ts","9","12","导入@9","导入","引入本文件依赖"
"lib/export/service.ts","13","13","导入@13","导入","引入本文件依赖"
"lib/export/service.ts","14","14","导入@14","导入","引入本文件依赖"
"lib/export/service.ts","15","15","导入@15","导入","引入本文件依赖"
"lib/export/service.ts","16","16","导入@16","导入","引入本文件依赖"
"lib/export/service.ts","17","23","导入@17","导入","引入本文件依赖"
"lib/export/service.ts","37","47","extractFencedBlocks","函数","实现 extractFencedBlocks 的调用与控制流程"
"lib/export/service.ts","49","55","stripPlannerAndDownloadFooters","函数","实现 stripPlannerAndDownloadFooters 的调用与控制流程"
"lib/export/service.ts","57","90","generateQualityCheckedBuffer","函数","实现 generateQualityCheckedBuffer 的调用与控制流程"
"lib/export/service.ts","92","122","normalizeArtifactContent","函数","实现 normalizeArtifactContent 的调用与控制流程"
"lib/export/service.ts","97","98","函数@97","函数","实现 匿名逻辑 的调用与控制流程"
"lib/export/service.ts","104","105","函数@104","函数","实现 匿名逻辑 的调用与控制流程"
"lib/export/service.ts","111","111","函数@111","函数","实现 匿名逻辑 的调用与控制流程"
"lib/export/service.ts","124","168","parseExportRequest","函数","实现 parseExportRequest 的调用与控制流程"
"lib/export/service.ts","170","236","createExport","函数","实现 createExport 的调用与控制流程"
"lib/export/service.ts","214","217","exportMetadata","变量","保存或计算 exportMetadata 所需的数据"
"lib/export/store.ts","3","3","导入@3","导入","引入本文件依赖"
"lib/export/store.ts","4","4","导入@4","导入","引入本文件依赖"
"lib/export/store.ts","5","5","导入@5","导入","引入本文件依赖"
"lib/export/store.ts","6","6","导入@6","导入","引入本文件依赖"
"lib/export/store.ts","7","7","导入@7","导入","引入本文件依赖"
"lib/export/store.ts","8","8","导入@8","导入","引入本文件依赖"
"lib/export/store.ts","9","9","导入@9","导入","引入本文件依赖"
"lib/export/store.ts","15","17","getMetaPath","函数","实现 getMetaPath 的调用与控制流程"
"lib/export/store.ts","19","21","getDataPath","函数","实现 getDataPath 的调用与控制流程"
"lib/export/store.ts","23","25","getCloudMetaPath","函数","实现 getCloudMetaPath 的调用与控制流程"
"lib/export/store.ts","27","30","getCloudDataPath","函数","实现 getCloudDataPath 的调用与控制流程"
"lib/export/store.ts","32","34","ensureExportDir","函数","实现 ensureExportDir 的调用与控制流程"
"lib/export/store.ts","36","44","readMeta","函数","实现 readMeta 的调用与控制流程"
"lib/export/store.ts","46","64","readCloudMeta","函数","实现 readCloudMeta 的调用与控制流程"
"lib/export/store.ts","66","91","cleanupExpiredExports","函数","实现 cleanupExpiredExports 的调用与控制流程"
"lib/export/store.ts","93","163","saveExport","函数","实现 saveExport 的调用与控制流程"
"lib/export/store.ts","103","111","cloudRecord","变量","保存或计算 cloudRecord 所需的数据"
"lib/export/store.ts","150","157","localRecord","变量","保存或计算 localRecord 所需的数据"
"lib/export/store.ts","165","207","getExportForUser","函数","实现 getExportForUser 的调用与控制流程"
"lib/export/store.ts","209","228","readExportBuffer","函数","实现 readExportBuffer 的调用与控制流程"
"lib/export/store.ts","230","244","deleteExport","函数","实现 deleteExport 的调用与控制流程"
"lib/export/types.ts","1","10","ExportFormat","类型","定义 ExportFormat 的数据契约"
"lib/export/types.ts","12","17","ExportRequest","类型","定义 ExportRequest 的数据契约"
"lib/export/types.ts","19","23","ExportSuccessResponse","类型","定义 ExportSuccessResponse 的数据契约"
"lib/export/types.ts","25","28","ExportErrorResponse","类型","定义 ExportErrorResponse 的数据契约"
"lib/export/types.ts","30","30","ExportResponse","类型","定义 ExportResponse 的数据契约"
"lib/export/types.ts","32","41","ExportRecord","类型","定义 ExportRecord 的数据契约"
"lib/export/types.ts","43","53","EXPORT_MIME_TYPES","变量","保存或计算 EXPORT_MIME_TYPES 所需的数据"
"lib/export/word-pipeline.ts","1","7","导入@1","导入","引入本文件依赖"
"lib/export/word-pipeline.ts","8","11","导入@8","导入","引入本文件依赖"
"lib/export/word-pipeline.ts","13","19","WordDocumentKind","类型","定义 WordDocumentKind 的数据契约"
"lib/export/word-pipeline.ts","21","24","WordParagraphBlock","类型","定义 WordParagraphBlock 的数据契约"
"lib/export/word-pipeline.ts","26","30","WordListBlock","类型","定义 WordListBlock 的数据契约"
"lib/export/word-pipeline.ts","32","38","WordTableBlock","类型","定义 WordTableBlock 的数据契约"
"lib/export/word-pipeline.ts","40","43","WordCalloutBlock","类型","定义 WordCalloutBlock 的数据契约"
"lib/export/word-pipeline.ts","45","49","WordContentBlock","类型","定义 WordContentBlock 的数据契约"
"lib/export/word-pipeline.ts","51","55","WordSection","类型","定义 WordSection 的数据契约"
"lib/export/word-pipeline.ts","57","66","WordDocumentSpec","类型","定义 WordDocumentSpec 的数据契约"
"lib/export/word-pipeline.ts","68","70","defaultTitle","函数","实现 defaultTitle 的调用与控制流程"
"lib/export/word-pipeline.ts","95","97","plain","函数","实现 plain 的调用与控制流程"
"lib/export/word-pipeline.ts","99","101","normalizeText","函数","实现 normalizeText 的调用与控制流程"
"lib/export/word-pipeline.ts","103","109","normalizeTitle","函数","实现 normalizeTitle 的调用与控制流程"
"lib/export/word-pipeline.ts","111","113","compact","函数","实现 compact 的调用与控制流程"
"lib/export/word-pipeline.ts","115","120","stripHeadingNumber","函数","实现 stripHeadingNumber 的调用与控制流程"
"lib/export/word-pipeline.ts","122","124","compactHeading","函数","实现 compactHeading 的调用与控制流程"
"lib/export/word-pipeline.ts","126","131","lineLooksLikeCommand","函数","实现 lineLooksLikeCommand 的调用与控制流程"
"lib/export/word-pipeline.ts","130","130","函数@130","函数","实现 匿名逻辑 的调用与控制流程"
"lib/export/word-pipeline.ts","133","137","isGenericDocumentHeading","函数","实现 isGenericDocumentHeading 的调用与控制流程"
"lib/export/word-pipeline.ts","139","152","isBadTitleCandidate","函数","实现 isBadTitleCandidate 的调用与控制流程"
"lib/export/word-pipeline.ts","154","164","inferDocumentKind","函数","实现 inferDocumentKind 的调用与控制流程"
"lib/export/word-pipeline.ts","166","170","isReferencesHeading","函数","实现 isReferencesHeading 的调用与控制流程"
"lib/export/word-pipeline.ts","172","174","isAbstractHeading","函数","实现 isAbstractHeading 的调用与控制流程"
"lib/export/word-pipeline.ts","176","178","isKeywordsLine","函数","实现 isKeywordsLine 的调用与控制流程"
"lib/export/word-pipeline.ts","180","187","extractKeywords","函数","实现 extractKeywords 的调用与控制流程"
"lib/export/word-pipeline.ts","184","184","函数@184","函数","实现 匿名逻辑 的调用与控制流程"
"lib/export/word-pipeline.ts","189","193","isReferencesHeadingStrict","函数","实现 isReferencesHeadingStrict 的调用与控制流程"
"lib/export/word-pipeline.ts","195","197","isAbstractHeadingStrict","函数","实现 isAbstractHeadingStrict 的调用与控制流程"
"lib/export/word-pipeline.ts","199","201","isKeywordsLineStrict","函数","实现 isKeywordsLineStrict 的调用与控制流程"
"lib/export/word-pipeline.ts","203","210","extractKeywordsStrict","函数","实现 extractKeywordsStrict 的调用与控制流程"
"lib/export/word-pipeline.ts","207","207","函数@207","函数","实现 匿名逻辑 的调用与控制流程"
"lib/export/word-pipeline.ts","212","215","flattenListText","函数","实现 flattenListText 的调用与控制流程"
"lib/export/word-pipeline.ts","217","232","blockToParagraphText","函数","实现 blockToParagraphText 的调用与控制流程"
"lib/export/word-pipeline.ts","234","240","createSection","函数","实现 createSection 的调用与控制流程"
"lib/export/word-pipeline.ts","242","253","tableCaptionFor","函数","实现 tableCaptionFor 的调用与控制流程"
"lib/export/word-pipeline.ts","255","259","StructuredVisualSpec","类型","定义 StructuredVisualSpec 的数据契约"
"lib/export/word-pipeline.ts","264","270","cleanJsonLikeBlock","函数","实现 cleanJsonLikeBlock 的调用与控制流程"
"lib/export/word-pipeline.ts","272","275","firstJsonStringField","函数","实现 firstJsonStringField 的调用与控制流程"
"lib/export/word-pipeline.ts","277","330","maybeStructuredVisualSpec","函数","实现 maybeStructuredVisualSpec 的调用与控制流程"
"lib/export/word-pipeline.ts","299","299","函数@299","函数","实现 匿名逻辑 的调用与控制流程"
"lib/export/word-pipeline.ts","332","341","structuredVisualToInlines","函数","实现 structuredVisualToInlines 的调用与控制流程"
"lib/export/word-pipeline.ts","343","353","shouldKeepCodeBlock","函数","实现 shouldKeepCodeBlock 的调用与控制流程"
"lib/export/word-pipeline.ts","355","423","appendBlock","函数","实现 appendBlock 的调用与控制流程"
"lib/export/word-pipeline.ts","425","429","removeEmptySections","函数","实现 removeEmptySections 的调用与控制流程"
"lib/export/word-pipeline.ts","427","427","函数@427","函数","实现 匿名逻辑 的调用与控制流程"
"lib/export/word-pipeline.ts","431","442","collectReferencesFromSection","函数","实现 collectReferencesFromSection 的调用与控制流程"
"lib/export/word-pipeline.ts","444","467","ensureSciReviewShape","函数","实现 ensureSciReviewShape 的调用与控制流程"
"lib/export/word-pipeline.ts","448","448","函数@448","函数","实现 匿名逻辑 的调用与控制流程"
"lib/export/word-pipeline.ts","469","487","titleFromContent","函数","实现 titleFromContent 的调用与控制流程"
"lib/export/word-pipeline.ts","489","639","buildWordDocumentSpec","函数","实现 buildWordDocumentSpec 的调用与控制流程"
"lib/export/word-pipeline.ts","562","567","函数@562","函数","实现 匿名逻辑 的调用与控制流程"
"lib/export/word-pipeline.ts","572","575","函数@572","函数","实现 匿名逻辑 的调用与控制流程"
"lib/export/word-pipeline.ts","573","574","函数@573","函数","实现 匿名逻辑 的调用与控制流程"
"lib/export/word-pipeline.ts","577","577","函数@577","函数","实现 匿名逻辑 的调用与控制流程"
"lib/export/word-pipeline.ts","628","632","函数@628","函数","实现 匿名逻辑 的调用与控制流程"
"lib/http/extension-cors.ts","4","21","extensionCorsHeaders","函数","实现 extensionCorsHeaders 的调用与控制流程"
"lib/http/extension-cors.ts","23","28","extensionCorsPreflight","函数","实现 extensionCorsPreflight 的调用与控制流程"
"lib/images/image.ts","3","3","导入@3","导入","引入本文件依赖"
"lib/images/image.ts","4","9","导入@4","导入","引入本文件依赖"
"lib/images/image.ts","10","10","导入@10","导入","引入本文件依赖"
"lib/images/image.ts","12","16","ParsedImage","类型","定义 ParsedImage 的数据契约"
"lib/images/image.ts","18","28","getImageMimeType","函数","实现 getImageMimeType 的调用与控制流程"
"lib/images/image.ts","30","52","imageBufferToDataUrl","函数","实现 imageBufferToDataUrl 的调用与控制流程"
"lib/images/image.ts","54","57","parseImageFile","函数","实现 parseImageFile 的调用与控制流程"
"lib/images/image.ts","59","94","injectImageIntoMessages","函数","实现 injectImageIntoMessages 的调用与控制流程"
"lib/literature/client.ts","3","3","导入@3","导入","引入本文件依赖"
"lib/literature/client.ts","4","4","导入@4","导入","引入本文件依赖"
"lib/literature/client.ts","5","5","导入@5","导入","引入本文件依赖"
"lib/literature/client.ts","6","15","导入@6","导入","引入本文件依赖"
"lib/literature/client.ts","16","16","导入@16","导入","引入本文件依赖"
"lib/literature/client.ts","17","22","导入@17","导入","引入本文件依赖"
"lib/literature/client.ts","23","23","导入@23","导入","引入本文件依赖"
"lib/literature/client.ts","25","25","导出@25","导出","向其他模块公开能力"
"lib/literature/client.ts","27","30","LiteratureState","类型","定义 LiteratureState 的数据契约"
"lib/literature/client.ts","32","46","parseJson","函数","实现 parseJson 的调用与控制流程"
"lib/literature/client.ts","48","104","validateLiteratureSettings","函数","实现 validateLiteratureSettings 的调用与控制流程"
"lib/literature/client.ts","88","88","函数@88","函数","实现 匿名逻辑 的调用与控制流程"
"lib/literature/client.ts","106","141","getLiteraturePaperValidationFailure","函数","实现 getLiteraturePaperValidationFailure 的调用与控制流程"
"lib/literature/client.ts","143","159","parseUpdateResponseBody","函数","实现 parseUpdateResponseBody 的调用与控制流程"
"lib/literature/client.ts","161","208","parseUpdateLiteratureResponse","函数","实现 parseUpdateLiteratureResponse 的调用与控制流程"
"lib/literature/client.ts","190","190","函数@190","函数","实现 匿名逻辑 的调用与控制流程"
"lib/literature/client.ts","195","195","函数@195","函数","实现 匿名逻辑 的调用与控制流程"
"lib/literature/client.ts","210","228","parseLiteratureSearchDebug","函数","实现 parseLiteratureSearchDebug 的调用与控制流程"
"lib/literature/client.ts","230","241","buildUpdateLiteratureRequest","函数","实现 buildUpdateLiteratureRequest 的调用与控制流程"
"lib/literature/client.ts","243","259","fetchLiteratureState","函数","实现 fetchLiteratureState 的调用与控制流程"
"lib/literature/client.ts","261","282","saveLiteratureSettings","函数","实现 saveLiteratureSettings 的调用与控制流程"
"lib/literature/client.ts","284","310","updateLiteraturePapers","函数","实现 updateLiteraturePapers 的调用与控制流程"
"lib/literature/client.ts","312","344","fetchLiteratureLibrary","函数","实现 fetchLiteratureLibrary 的调用与控制流程"
"lib/literature/client.ts","346","361","fetchLiteraturePaper","函数","实现 fetchLiteraturePaper 的调用与控制流程"
"lib/literature/client.ts","363","370","FigureExtractionSummary","类型","定义 FigureExtractionSummary 的数据契约"
"lib/literature/client.ts","372","389","extractLiteraturePaperFigures","函数","实现 extractLiteraturePaperFigures 的调用与控制流程"
"lib/literature/client.ts","391","413","updateLiteraturePaperStatus","函数","实现 updateLiteraturePaperStatus 的调用与控制流程"
"lib/literature/client.ts","415","429","fetchLiteratureFolders","函数","实现 fetchLiteratureFolders 的调用与控制流程"
"lib/literature/client.ts","431","454","createLiteratureFolder","函数","实现 createLiteratureFolder 的调用与控制流程"
"lib/literature/client.ts","456","478","updateLiteratureFolder","函数","实现 updateLiteratureFolder 的调用与控制流程"
"lib/literature/client.ts","480","493","deleteLiteratureFolder","函数","实现 deleteLiteratureFolder 的调用与控制流程"
"lib/literature/client.ts","495","515","setPaperFolders","函数","实现 setPaperFolders 的调用与控制流程"
"lib/literature/client.ts","517","536","savePaperSnapshotToFolders","函数","实现 savePaperSnapshotToFolders 的调用与控制流程"
"lib/literature/client.ts","538","562","uploadPaperPdfToFolders","函数","实现 uploadPaperPdfToFolders 的调用与控制流程"
"lib/literature/client.ts","564","599","uploadLocalPdfToLibrary","函数","实现 uploadLocalPdfToLibrary 的调用与控制流程"
"lib/literature/client.ts","596","596","函数@596","函数","实现 匿名逻辑 的调用与控制流程"
"lib/literature/client.ts","601","611","deleteLiteraturePaper","函数","实现 deleteLiteraturePaper 的调用与控制流程"
"lib/literature/client.ts","613","633","updateLiteraturePaperNotes","函数","实现 updateLiteraturePaperNotes 的调用与控制流程"
"lib/literature/client.ts","635","658","fetchLiteraturePaperCitationNetwork","函数","实现 fetchLiteraturePaperCitationNetwork 的调用与控制流程"
"lib/literature/client.ts","660","706","generateLiteraturePaperWorkspace","函数","实现 generateLiteraturePaperWorkspace 的调用与控制流程"
"lib/literature/client.ts","708","728","generateLiteratureReview","函数","实现 generateLiteratureReview 的调用与控制流程"
"lib/literature/client.ts","730","757","exportLiteratureReview","函数","实现 exportLiteratureReview 的调用与控制流程"
"lib/literature/constants.ts","24","24","函数@24","函数","实现 匿名逻辑 的调用与控制流程"
"lib/literature/constants.ts","26","27","LiteratureDateRangeDays","类型","定义 LiteratureDateRangeDays 的数据契约"
"lib/literature/constants.ts","29","49","normalizeDateRangeDays","函数","实现 normalizeDateRangeDays 的调用与控制流程"
"lib/literature/date-range.ts","1","1","导入@1","导入","引入本文件依赖"
"lib/literature/date-range.ts","2","6","导入@2","导入","引入本文件依赖"
"lib/literature/date-range.ts","7","7","导入@7","导入","引入本文件依赖"
"lib/literature/date-range.ts","9","45","parseDateRangeDays","函数","实现 parseDateRangeDays 的调用与控制流程"
"lib/literature/date-range.ts","47","47","导出@47","导出","向其他模块公开能力"
"lib/literature/errors.ts","1","9","LiteratureError","类","封装 LiteratureError 的状态和行为"
"lib/literature/folder-tree.ts","1","1","导入@1","导入","引入本文件依赖"
"lib/literature/folder-tree.ts","3","6","FolderTreeNode","类型","定义 FolderTreeNode 的数据契约"
"lib/literature/folder-tree.ts","8","33","flattenFolderTree","函数","实现 flattenFolderTree 的调用与控制流程"
"lib/literature/folder-tree.ts","20","29","walk","函数","实现 walk 的调用与控制流程"
"lib/literature/folder-tree.ts","21","22","函数@21","函数","实现 匿名逻辑 的调用与控制流程"
"lib/literature/folder-tree.ts","35","41","formatFolderTreeLabel","函数","实现 formatFolderTreeLabel 的调用与控制流程"
"lib/literature/library-filters.ts","1","4","导入@1","导入","引入本文件依赖"
"lib/literature/library-filters.ts","5","5","导入@5","导入","引入本文件依赖"
"lib/literature/library-filters.ts","6","6","导入@6","导入","引入本文件依赖"
"lib/literature/library-filters.ts","7","7","导入@7","导入","引入本文件依赖"
"lib/literature/library-filters.ts","9","9","LibraryStatusTab","类型","定义 LibraryStatusTab 的数据契约"
"lib/literature/library-filters.ts","11","18","LibraryFilters","类型","定义 LibraryFilters 的数据契约"
"lib/literature/library-filters.ts","20","22","getPaperSourceId","函数","实现 getPaperSourceId 的调用与控制流程"
"lib/literature/library-filters.ts","24","30","paperMatchesDiscipline","函数","实现 paperMatchesDiscipline 的调用与控制流程"
"lib/literature/library-filters.ts","29","29","函数@29","函数","实现 匿名逻辑 的调用与控制流程"
"lib/literature/library-filters.ts","32","45","matchesSearchQuery","函数","实现 matchesSearchQuery 的调用与控制流程"
"lib/literature/library-filters.ts","47","87","filterLibraryPapers","函数","实现 filterLibraryPapers 的调用与控制流程"
"lib/literature/library-filters.ts","54","86","函数@54","函数","实现 匿名逻辑 的调用与控制流程"
"lib/literature/library-filters.ts","89","91","getPaperSourceLabel","函数","实现 getPaperSourceLabel 的调用与控制流程"
"lib/literature/normalize-settings.ts","1","1","导入@1","导入","引入本文件依赖"
"lib/literature/normalize-settings.ts","2","4","导入@2","导入","引入本文件依赖"
"lib/literature/normalize-settings.ts","5","5","导入@5","导入","引入本文件依赖"
"lib/literature/normalize-settings.ts","6","6","导入@6","导入","引入本文件依赖"
"lib/literature/normalize-settings.ts","7","7","导入@7","导入","引入本文件依赖"
"lib/literature/normalize-settings.ts","9","11","StoredLiteratureSettings","类型","定义 StoredLiteratureSettings 的数据契约"
"lib/literature/normalize-settings.ts","13","42","normalizeLiteratureSettings","函数","实现 normalizeLiteratureSettings 的调用与控制流程"
"lib/literature/normalize-settings.ts","25","25","函数@25","函数","实现 匿名逻辑 的调用与控制流程"
"lib/literature/paper-display.ts","1","1","导入@1","导入","引入本文件依赖"
"lib/literature/paper-display.ts","20","31","formatLiteratureDate","函数","实现 formatLiteratureDate 的调用与控制流程"
"lib/literature/paper-display.ts","33","46","formatLiteraturePublishedDate","函数","实现 formatLiteraturePublishedDate 的调用与控制流程"
"lib/literature/paper-display.ts","48","61","literaturePriorityClassName","函数","实现 literaturePriorityClassName 的调用与控制流程"
"lib/literature/paper-display.ts","63","65","getPaperSource","函数","实现 getPaperSource 的调用与控制流程"
"lib/literature/paper-display.ts","67","81","getPaperExternalId","函数","实现 getPaperExternalId 的调用与控制流程"
"lib/literature/paper-display.ts","83","94","getPaperJournalVenue","函数","实现 getPaperJournalVenue 的调用与控制流程"
"lib/literature/paper-display.ts","96","111","getPaperDoi","函数","实现 getPaperDoi 的调用与控制流程"
"lib/literature/paper-display.ts","113","120","getPaperTags","函数","实现 getPaperTags 的调用与控制流程"
"lib/literature/paper-display.ts","116","116","函数@116","函数","实现 匿名逻辑 的调用与控制流程"
"lib/literature/paper-display.ts","122","128","hasPaperPdfLink","函数","实现 hasPaperPdfLink 的调用与控制流程"
"lib/literature/paper-display.ts","130","132","getPaperDoiUrl","函数","实现 getPaperDoiUrl 的调用与控制流程"
"lib/literature/paper-export.ts","1","1","导入@1","导入","引入本文件依赖"
"lib/literature/paper-export.ts","2","8","导入@2","导入","引入本文件依赖"
"lib/literature/paper-export.ts","10","20","bibtexKey","函数","实现 bibtexKey 的调用与控制流程"
"lib/literature/paper-export.ts","22","29","publicationYear","函数","实现 publicationYear 的调用与控制流程"
"lib/literature/paper-export.ts","31","67","generateBibTeX","函数","实现 generateBibTeX 的调用与控制流程"
"lib/literature/paper-export.ts","69","97","generateRIS","函数","实现 generateRIS 的调用与控制流程"
"lib/literature/paper-export.ts","99","119","generateApaCitation","函数","实现 generateApaCitation 的调用与控制流程"
"lib/literature/paper-export.ts","121","187","generatePaperMarkdown","函数","实现 generatePaperMarkdown 的调用与控制流程"
"lib/literature/paper-providers.ts","1","1","导入@1","导入","引入本文件依赖"
"lib/literature/paper-providers.ts","2","2","导入@2","导入","引入本文件依赖"
"lib/literature/paper-providers.ts","8","20","LITERATURE_PROVIDER_BADGE_LABELS","变量","保存或计算 LITERATURE_PROVIDER_BADGE_LABELS 所需的数据"
"lib/literature/paper-providers.ts","22","27","PaperProviderMetadata","类型","定义 PaperProviderMetadata 的数据契约"
"lib/literature/paper-providers.ts","29","35","isEmbeddedCategory","函数","实现 isEmbeddedCategory 的调用与控制流程"
"lib/literature/paper-providers.ts","37","66","embedPaperProviderMetadata","函数","实现 embedPaperProviderMetadata 的调用与控制流程"
"lib/literature/paper-providers.ts","46","46","函数@46","函数","实现 匿名逻辑 的调用与控制流程"
"lib/literature/paper-providers.ts","68","115","extractPaperProviderMetadata","函数","实现 extractPaperProviderMetadata 的调用与控制流程"
"lib/literature/paper-providers.ts","72","72","sourceUrls","变量","保存或计算 sourceUrls 所需的数据"
"lib/literature/paper-providers.ts","111","111","函数@111","函数","实现 匿名逻辑 的调用与控制流程"
"lib/literature/paper-providers.ts","117","134","inferProvidersFromExternalKey","函数","实现 inferProvidersFromExternalKey 的调用与控制流程"
"lib/literature/paper-providers.ts","136","149","getPaperProviders","函数","实现 getPaperProviders 的调用与控制流程"
"lib/literature/paper-providers.ts","151","174","getPaperSourceUrls","函数","实现 getPaperSourceUrls 的调用与控制流程"
"lib/literature/paper-providers.ts","167","167","fallback","变量","保存或计算 fallback 所需的数据"
"lib/literature/paper-providers.ts","176","189","applyDraftProviderMetadata","函数","实现 applyDraftProviderMetadata 的调用与控制流程"
"lib/literature/paper-providers.ts","191","211","resolvePaperProviderMetadata","函数","实现 resolvePaperProviderMetadata 的调用与控制流程"
"lib/literature/paper-sort.ts","1","1","导入@1","导入","引入本文件依赖"
"lib/literature/paper-sort.ts","2","2","导入@2","导入","引入本文件依赖"
"lib/literature/paper-sort.ts","4","10","LiteraturePaperSortKey","类型","定义 LiteraturePaperSortKey 的数据契约"
"lib/literature/paper-sort.ts","26","37","priorityRank","函数","实现 priorityRank 的调用与控制流程"
"lib/literature/paper-sort.ts","39","46","publishedAtSortValue","函数","实现 publishedAtSortValue 的调用与控制流程"
"lib/literature/paper-sort.ts","48","50","compareDescending","函数","实现 compareDescending 的调用与控制流程"
"lib/literature/paper-sort.ts","52","93","sortLiteraturePapers","函数","实现 sortLiteraturePapers 的调用与控制流程"
"lib/literature/paper-sort.ts","58","90","函数@58","函数","实现 匿名逻辑 的调用与控制流程"
"lib/literature/paper-workspace-display.ts","1","7","导入@1","导入","引入本文件依赖"
"lib/literature/paper-workspace-display.ts","8","8","导入@8","导入","引入本文件依赖"
"lib/literature/paper-workspace-display.ts","10","17","extractChineseSection","函数","实现 extractChineseSection 的调用与控制流程"
"lib/literature/paper-workspace-display.ts","19","23","estimateReadingMinutes","函数","实现 estimateReadingMinutes 的调用与控制流程"
"lib/literature/paper-workspace-display.ts","25","46","inferDifficulty","函数","实现 inferDifficulty 的调用与控制流程"
"lib/literature/paper-workspace-display.ts","35","35","函数@35","函数","实现 匿名逻辑 的调用与控制流程"
"lib/literature/paper-workspace-display.ts","37","37","函数@37","函数","实现 匿名逻辑 的调用与控制流程"
"lib/literature/paper-workspace-display.ts","48","67","inferResearchValue","函数","实现 inferResearchValue 的调用与控制流程"
"lib/literature/paper-workspace-display.ts","50","50","scale","变量","保存或计算 scale 所需的数据"
"lib/literature/paper-workspace-display.ts","50","50","函数@50","函数","实现 匿名逻辑 的调用与控制流程"
"lib/literature/paper-workspace-display.ts","69","81","defaultReadingGuide","函数","实现 defaultReadingGuide 的调用与控制流程"
"lib/literature/paper-workspace-display.ts","83","132","deriveWorkspaceAnalysisFromPaper","函数","实现 deriveWorkspaceAnalysisFromPaper 的调用与控制流程"
"lib/literature/paper-workspace-display.ts","94","94","函数@94","函数","实现 匿名逻辑 的调用与控制流程"
"lib/literature/paper-workspace-display.ts","96","96","函数@96","函数","实现 匿名逻辑 的调用与控制流程"
"lib/literature/paper-workspace-display.ts","134","141","getGoogleScholarUrl","函数","实现 getGoogleScholarUrl 的调用与控制流程"
"lib/literature/paper-workspace-display.ts","143","154","getSemanticScholarUrl","函数","实现 getSemanticScholarUrl 的调用与控制流程"
"lib/literature/paper-workspace-display.ts","156","217","isValidWorkspaceAnalysis","函数","实现 isValidWorkspaceAnalysis 的调用与控制流程"
"lib/literature/paper-workspace-display.ts","188","188","函数@188","函数","实现 匿名逻辑 的调用与控制流程"
"lib/literature/paper-workspace-display.ts","219","221","scoreBarWidth","函数","实现 scoreBarWidth 的调用与控制流程"
"lib/literature/pdf-upload-client.ts","3","3","导入@3","导入","引入本文件依赖"
"lib/literature/pdf-upload-client.ts","8","14","sanitizeFileName","函数","实现 sanitizeFileName 的调用与控制流程"
"lib/literature/pdf-upload-client.ts","16","21","createUploadId","函数","实现 createUploadId 的调用与控制流程"
"lib/literature/pdf-upload-client.ts","23","29","assertPdf","函数","实现 assertPdf 的调用与控制流程"
"lib/literature/pdf-upload-client.ts","31","69","uploadLiteraturePdfDirect","函数","实现 uploadLiteraturePdfDirect 的调用与控制流程"
"lib/literature/pdf-upload-client.ts","65","67","函数@65","函数","实现 匿名逻辑 的调用与控制流程"
"lib/literature/providers/arxiv.ts","3","6","导入@3","导入","引入本文件依赖"
"lib/literature/providers/arxiv.ts","7","7","导入@7","导入","引入本文件依赖"
"lib/literature/providers/arxiv.ts","8","15","导入@8","导入","引入本文件依赖"
"lib/literature/providers/arxiv.ts","16","16","导入@16","导入","引入本文件依赖"
"lib/literature/providers/arxiv.ts","21","30","ArxivEntryRaw","类型","定义 ArxivEntryRaw 的数据契约"
"lib/literature/providers/arxiv.ts","32","41","decodeXml","函数","实现 decodeXml 的调用与控制流程"
"lib/literature/providers/arxiv.ts","43","48","formatArxivDate","函数","实现 formatArxivDate 的调用与控制流程"
"lib/literature/providers/arxiv.ts","50","87","buildArxivSearchQuery","函数","实现 buildArxivSearchQuery 的调用与控制流程"
"lib/literature/providers/arxiv.ts","57","57","函数@57","函数","实现 匿名逻辑 的调用与控制流程"
"lib/literature/providers/arxiv.ts","59","59","函数@59","函数","实现 匿名逻辑 的调用与控制流程"
"lib/literature/providers/arxiv.ts","63","63","函数@63","函数","实现 匿名逻辑 的调用与控制流程"
"lib/literature/providers/arxiv.ts","65","65","函数@65","函数","实现 匿名逻辑 的调用与控制流程"
"lib/literature/providers/arxiv.ts","89","92","extractArxivId","函数","实现 extractArxivId 的调用与控制流程"
"lib/literature/providers/arxiv.ts","94","127","parseArxivEntries","函数","实现 parseArxivEntries 的调用与控制流程"
"lib/literature/providers/arxiv.ts","114","115","函数@114","函数","实现 匿名逻辑 的调用与控制流程"
"lib/literature/providers/arxiv.ts","121","121","函数@121","函数","实现 匿名逻辑 的调用与控制流程"
"lib/literature/providers/arxiv.ts","129","152","normalizeArxivEntry","函数","实现 normalizeArxivEntry 的调用与控制流程"
"lib/literature/providers/arxiv.ts","154","195","fetchArxivEntries","函数","实现 fetchArxivEntries 的调用与控制流程"
"lib/literature/providers/arxiv.ts","197","224","arxivProvider","变量","保存或计算 arxivProvider 所需的数据"
"lib/literature/providers/arxiv.ts","202","204","searchPapers","方法","实现 searchPapers 的调用与控制流程"
"lib/literature/providers/arxiv.ts","206","219","getPaper","方法","实现 getPaper 的调用与控制流程"
"lib/literature/providers/arxiv.ts","216","216","函数@216","函数","实现 匿名逻辑 的调用与控制流程"
"lib/literature/providers/arxiv.ts","221","223","normalizePaper","方法","实现 normalizePaper 的调用与控制流程"
"lib/literature/providers/arxiv.ts","226","243","fetchArxivPapers","函数","实现 fetchArxivPapers 的调用与控制流程"
"lib/literature/providers/arxiv.ts","233","242","函数@233","函数","实现 匿名逻辑 的调用与控制流程"
"lib/literature/providers/arxiv.ts","245","253","searchArxivPapers","函数","实现 searchArxivPapers 的调用与控制流程"
"lib/literature/providers/arxiv.ts","251","251","函数@251","函数","实现 匿名逻辑 的调用与控制流程"
"lib/literature/providers/arxiv.ts","252","252","函数@252","函数","实现 匿名逻辑 的调用与控制流程"
"lib/literature/providers/base.ts","3","3","导入@3","导入","引入本文件依赖"
"lib/literature/providers/base.ts","4","7","导入@4","导入","引入本文件依赖"
"lib/literature/providers/base.ts","9","9","导出@9","导出","向其他模块公开能力"
"lib/literature/providers/base.ts","11","19","LiteratureProviderId","类型","定义 LiteratureProviderId 的数据契约"
"lib/literature/providers/base.ts","21","27","ProviderSearchOptions","类型","定义 ProviderSearchOptions 的数据契约"
"lib/literature/providers/base.ts","30","49","UnifiedPaper","类型","定义 UnifiedPaper 的数据契约"
"lib/literature/providers/base.ts","51","58","LiteratureProvider","接口","定义 LiteratureProvider 的数据契约"
"lib/literature/providers/base.ts","60","66","DedupeStats","类型","定义 DedupeStats 的数据契约"
"lib/literature/providers/base.ts","68","72","DedupeResult","类型","定义 DedupeResult 的数据契约"
"lib/literature/providers/base.ts","87","123","buildExternalKey","函数","实现 buildExternalKey 的调用与控制流程"
"lib/literature/providers/base.ts","125","131","normalizeDoi","函数","实现 normalizeDoi 的调用与控制流程"
"lib/literature/providers/base.ts","133","145","normalizeArxivId","函数","实现 normalizeArxivId 的调用与控制流程"
"lib/literature/providers/base.ts","147","154","normalizePubmedId","函数","实现 normalizePubmedId 的调用与控制流程"
"lib/literature/providers/base.ts","156","165","normalizeOpenReviewId","函数","实现 normalizeOpenReviewId 的调用与控制流程"
"lib/literature/providers/base.ts","167","173","normalizeTitle","函数","实现 normalizeTitle 的调用与控制流程"
"lib/literature/providers/base.ts","175","179","titleTokens","函数","实现 titleTokens 的调用与控制流程"
"lib/literature/providers/base.ts","178","178","函数@178","函数","实现 匿名逻辑 的调用与控制流程"
"lib/literature/providers/base.ts","181","201","titleSimilarity","函数","实现 titleSimilarity 的调用与控制流程"
"lib/literature/providers/base.ts","203","205","isPdfUrl","函数","实现 isPdfUrl 的调用与控制流程"
"lib/literature/providers/base.ts","207","231","pickBestTitle","函数","实现 pickBestTitle 的调用与控制流程"
"lib/literature/providers/base.ts","233","250","mergeAuthors","函数","实现 mergeAuthors 的调用与控制流程"
"lib/literature/providers/base.ts","252","276","pickEarliestPublishedAt","函数","实现 pickEarliestPublishedAt 的调用与控制流程"
"lib/literature/providers/base.ts","278","288","pickPdfUrl","函数","实现 pickPdfUrl 的调用与控制流程"
"lib/literature/providers/base.ts","290","292","pickPrimaryAbsUrl","函数","实现 pickPrimaryAbsUrl 的调用与控制流程"
"lib/literature/providers/base.ts","294","300","mergeProviderList","函数","实现 mergeProviderList 的调用与控制流程"
"lib/literature/providers/base.ts","299","299","函数@299","函数","实现 匿名逻辑 的调用与控制流程"
"lib/literature/providers/base.ts","302","310","mergeSourceUrls","函数","实现 mergeSourceUrls 的调用与控制流程"
"lib/literature/providers/base.ts","312","346","pickExternalKey","函数","实现 pickExternalKey 的调用与控制流程"
"lib/literature/providers/base.ts","348","356","pickPrimaryProvider","函数","实现 pickPrimaryProvider 的调用与控制流程"
"lib/literature/providers/base.ts","352","352","函数@352","函数","实现 匿名逻辑 的调用与控制流程"
"lib/literature/providers/base.ts","358","375","withProviderDefaults","函数","实现 withProviderDefaults 的调用与控制流程"
"lib/literature/providers/base.ts","377","402","exactDedupKeys","函数","实现 exactDedupKeys 的调用与控制流程"
"lib/literature/providers/base.ts","404","444","mergeUnifiedPapers","函数","实现 mergeUnifiedPapers 的调用与控制流程"
"lib/literature/providers/base.ts","446","487","findExactMatchIndex","函数","实现 findExactMatchIndex 的调用与控制流程"
"lib/literature/providers/base.ts","489","505","findFuzzyMatchIndex","函数","实现 findFuzzyMatchIndex 的调用与控制流程"
"lib/literature/providers/base.ts","507","575","deduplicateUnifiedPapers","函数","实现 deduplicateUnifiedPapers 的调用与控制流程"
"lib/literature/providers/base.ts","577","603","unifiedPaperToDraft","函数","实现 unifiedPaperToDraft 的调用与控制流程"
"lib/literature/providers/base.ts","585","585","函数@585","函数","实现 匿名逻辑 的调用与控制流程"
"lib/literature/providers/base.ts","605","620","matchesExcludeKeywords","函数","实现 matchesExcludeKeywords 的调用与控制流程"
"lib/literature/providers/base.ts","611","611","函数@611","函数","实现 匿名逻辑 的调用与控制流程"
"lib/literature/providers/base.ts","619","619","函数@619","函数","实现 匿名逻辑 的调用与控制流程"
"lib/literature/providers/crossref.ts","3","6","导入@3","导入","引入本文件依赖"
"lib/literature/providers/crossref.ts","7","7","导入@7","导入","引入本文件依赖"
"lib/literature/providers/crossref.ts","8","14","导入@8","导入","引入本文件依赖"
"lib/literature/providers/crossref.ts","23","25","CrossrefDateParts","类型","定义 CrossrefDateParts 的数据契约"
"lib/literature/providers/crossref.ts","27","31","CrossrefAuthor","类型","定义 CrossrefAuthor 的数据契约"
"lib/literature/providers/crossref.ts","33","36","CrossrefLink","类型","定义 CrossrefLink 的数据契约"
"lib/literature/providers/crossref.ts","38","52","CrossrefWork","类型","定义 CrossrefWork 的数据契约"
"lib/literature/providers/crossref.ts","54","58","CrossrefSearchResponse","类型","定义 CrossrefSearchResponse 的数据契约"
"lib/literature/providers/crossref.ts","60","62","formatCrossrefDate","函数","实现 formatCrossrefDate 的调用与控制流程"
"lib/literature/providers/crossref.ts","64","71","stripAbstractMarkup","函数","实现 stripAbstractMarkup 的调用与控制流程"
"lib/literature/providers/crossref.ts","73","92","datePartsToIso","函数","实现 datePartsToIso 的调用与控制流程"
"lib/literature/providers/crossref.ts","94","110","extractPublishedAt","函数","实现 extractPublishedAt 的调用与控制流程"
"lib/literature/providers/crossref.ts","112","124","extractAuthors","函数","实现 extractAuthors 的调用与控制流程"
"lib/literature/providers/crossref.ts","114","122","函数@114","函数","实现 匿名逻辑 的调用与控制流程"
"lib/literature/providers/crossref.ts","126","139","extractPdfUrl","函数","实现 extractPdfUrl 的调用与控制流程"
"lib/literature/providers/crossref.ts","128","131","函数@128","函数","实现 匿名逻辑 的调用与控制流程"
"lib/literature/providers/crossref.ts","141","168","buildCrossrefSearchUrl","函数","实现 buildCrossrefSearchUrl 的调用与控制流程"
"lib/literature/providers/crossref.ts","170","224","normalizeCrossrefWork","函数","实现 normalizeCrossrefWork 的调用与控制流程"
"lib/literature/providers/crossref.ts","176","176","函数@176","函数","实现 匿名逻辑 的调用与控制流程"
"lib/literature/providers/crossref.ts","189","189","函数@189","函数","实现 匿名逻辑 的调用与控制流程"
"lib/literature/providers/crossref.ts","226","260","fetchCrossrefWorks","函数","实现 fetchCrossrefWorks 的调用与控制流程"
"lib/literature/providers/crossref.ts","262","286","fetchCrossrefWorkByDoi","函数","实现 fetchCrossrefWorkByDoi 的调用与控制流程"
"lib/literature/providers/crossref.ts","288","308","crossrefProvider","变量","保存或计算 crossrefProvider 所需的数据"
"lib/literature/providers/crossref.ts","293","295","searchPapers","方法","实现 searchPapers 的调用与控制流程"
"lib/literature/providers/crossref.ts","297","299","getPaper","方法","实现 getPaper 的调用与控制流程"
"lib/literature/providers/crossref.ts","301","307","normalizePaper","方法","实现 normalizePaper 的调用与控制流程"
"lib/literature/providers/dblp.ts","3","6","导入@3","导入","引入本文件依赖"
"lib/literature/providers/dblp.ts","7","7","导入@7","导入","引入本文件依赖"
"lib/literature/providers/dblp.ts","8","14","导入@8","导入","引入本文件依赖"
"lib/literature/providers/dblp.ts","19","22","DblpAuthor","类型","定义 DblpAuthor 的数据契约"
"lib/literature/providers/dblp.ts","24","38","DblpPublicationInfo","类型","定义 DblpPublicationInfo 的数据契约"
"lib/literature/providers/dblp.ts","40","44","DblpSearchHit","类型","定义 DblpSearchHit 的数据契约"
"lib/literature/providers/dblp.ts","46","52","DblpSearchResponse","类型","定义 DblpSearchResponse 的数据契约"
"lib/literature/providers/dblp.ts","54","63","decodeXml","函数","实现 decodeXml 的调用与控制流程"
"lib/literature/providers/dblp.ts","65","67","stripDblpTitle","函数","实现 stripDblpTitle 的调用与控制流程"
"lib/literature/providers/dblp.ts","69","80","extractDblpAuthors","函数","实现 extractDblpAuthors 的调用与控制流程"
"lib/literature/providers/dblp.ts","78","78","函数@78","函数","实现 匿名逻辑 的调用与控制流程"
"lib/literature/providers/dblp.ts","79","79","函数@79","函数","实现 匿名逻辑 的调用与控制流程"
"lib/literature/providers/dblp.ts","82","96","extractDblpDoi","函数","实现 extractDblpDoi 的调用与控制流程"
"lib/literature/providers/dblp.ts","98","109","yearToPublishedAt","函数","实现 yearToPublishedAt 的调用与控制流程"
"lib/literature/providers/dblp.ts","111","126","extractAbsUrl","函数","实现 extractAbsUrl 的调用与控制流程"
"lib/literature/providers/dblp.ts","128","139","extractPdfUrl","函数","实现 extractPdfUrl 的调用与控制流程"
"lib/literature/providers/dblp.ts","141","158","buildDblpCategories","函数","实现 buildDblpCategories 的调用与控制流程"
"lib/literature/providers/dblp.ts","153","153","函数@153","函数","实现 匿名逻辑 的调用与控制流程"
"lib/literature/providers/dblp.ts","160","183","buildDblpSearchQuery","函数","实现 buildDblpSearchQuery 的调用与控制流程"
"lib/literature/providers/dblp.ts","185","191","normalizeDblpHits","函数","实现 normalizeDblpHits 的调用与控制流程"
"lib/literature/providers/dblp.ts","193","209","paperWithinDateRange","函数","实现 paperWithinDateRange 的调用与控制流程"
"lib/literature/providers/dblp.ts","211","244","normalizeDblpPublication","函数","实现 normalizeDblpPublication 的调用与控制流程"
"lib/literature/providers/dblp.ts","246","285","parseDblpRecordXml","函数","实现 parseDblpRecordXml 的调用与控制流程"
"lib/literature/providers/dblp.ts","266","266","函数@266","函数","实现 匿名逻辑 的调用与控制流程"
"lib/literature/providers/dblp.ts","269","269","函数@269","函数","实现 匿名逻辑 的调用与控制流程"
"lib/literature/providers/dblp.ts","280","280","函数@280","函数","实现 匿名逻辑 的调用与控制流程"
"lib/literature/providers/dblp.ts","287","290","extractTagValue","函数","实现 extractTagValue 的调用与控制流程"
"lib/literature/providers/dblp.ts","292","342","fetchDblpSearchHits","函数","实现 fetchDblpSearchHits 的调用与控制流程"
"lib/literature/providers/dblp.ts","336","340","函数@336","函数","实现 匿名逻辑 的调用与控制流程"
"lib/literature/providers/dblp.ts","344","368","fetchDblpRecordByKey","函数","实现 fetchDblpRecordByKey 的调用与控制流程"
"lib/literature/providers/dblp.ts","370","393","dblpProvider","变量","保存或计算 dblpProvider 所需的数据"
"lib/literature/providers/dblp.ts","375","380","searchPapers","方法","实现 searchPapers 的调用与控制流程"
"lib/literature/providers/dblp.ts","378","378","函数@378","函数","实现 匿名逻辑 的调用与控制流程"
"lib/literature/providers/dblp.ts","379","379","函数@379","函数","实现 匿名逻辑 的调用与控制流程"
"lib/literature/providers/dblp.ts","382","384","getPaper","方法","实现 getPaper 的调用与控制流程"
"lib/literature/providers/dblp.ts","386","392","normalizePaper","方法","实现 normalizePaper 的调用与控制流程"
"lib/literature/providers/index.ts","3","3","导入@3","导入","引入本文件依赖"
"lib/literature/providers/index.ts","4","4","导入@4","导入","引入本文件依赖"
"lib/literature/providers/index.ts","5","5","导入@5","导入","引入本文件依赖"
"lib/literature/providers/index.ts","6","6","导入@6","导入","引入本文件依赖"
"lib/literature/providers/index.ts","7","7","导入@7","导入","引入本文件依赖"
"lib/literature/providers/index.ts","8","8","导入@8","导入","引入本文件依赖"
"lib/literature/providers/index.ts","9","9","导入@9","导入","引入本文件依赖"
"lib/literature/providers/index.ts","10","10","导入@10","导入","引入本文件依赖"
"lib/literature/providers/index.ts","11","20","导入@11","导入","引入本文件依赖"
"lib/literature/providers/index.ts","21","21","导入@21","导入","引入本文件依赖"
"lib/literature/providers/index.ts","22","22","导入@22","导入","引入本文件依赖"
"lib/literature/providers/index.ts","23","23","导入@23","导入","引入本文件依赖"
"lib/literature/providers/index.ts","24","24","导入@24","导入","引入本文件依赖"
"lib/literature/providers/index.ts","25","25","导入@25","导入","引入本文件依赖"
"lib/literature/providers/index.ts","26","26","导入@26","导入","引入本文件依赖"
"lib/literature/providers/index.ts","27","27","导入@27","导入","引入本文件依赖"
"lib/literature/providers/index.ts","28","28","导入@28","导入","引入本文件依赖"
"lib/literature/providers/index.ts","29","29","导入@29","导入","引入本文件依赖"
"lib/literature/providers/index.ts","32","32","导出@32","导出","向其他模块公开能力"
"lib/literature/providers/index.ts","47","47","函数@47","函数","实现 匿名逻辑 的调用与控制流程"
"lib/literature/providers/index.ts","50","60","LiteratureSearchQualityMetrics","类型","定义 LiteratureSearchQualityMetrics 的数据契约"
"lib/literature/providers/index.ts","65","67","elapsedMs","函数","实现 elapsedMs 的调用与控制流程"
"lib/literature/providers/index.ts","69","77","toSearchOptions","函数","实现 toSearchOptions 的调用与控制流程"
"lib/literature/providers/index.ts","79","86","logSearchQualityMetrics","函数","实现 logSearchQualityMetrics 的调用与控制流程"
"lib/literature/providers/index.ts","88","99","getEnabledProvidersForSettings","函数","实现 getEnabledProvidersForSettings 的调用与控制流程"
"lib/literature/providers/index.ts","93","93","函数@93","函数","实现 匿名逻辑 的调用与控制流程"
"lib/literature/providers/index.ts","98","98","函数@98","函数","实现 匿名逻辑 的调用与控制流程"
"lib/literature/providers/index.ts","101","104","FetchFromProviderResult","类型","定义 FetchFromProviderResult 的数据契约"
"lib/literature/providers/index.ts","106","146","fetchFromProvider","函数","实现 fetchFromProvider 的调用与控制流程"
"lib/literature/providers/index.ts","116","123","函数@116","函数","实现 匿名逻辑 的调用与控制流程"
"lib/literature/providers/index.ts","124","124","函数@124","函数","实现 匿名逻辑 的调用与控制流程"
"lib/literature/providers/index.ts","151","308","searchLiteratureProviders","函数","实现 searchLiteratureProviders 的调用与控制流程"
"lib/literature/providers/index.ts","163","163","fetchedByProvider","变量","保存或计算 fetchedByProvider 所需的数据"
"lib/literature/providers/index.ts","168","171","函数@168","函数","实现 匿名逻辑 的调用与控制流程"
"lib/literature/providers/index.ts","202","205","函数@202","函数","实现 匿名逻辑 的调用与控制流程"
"lib/literature/providers/index.ts","206","206","函数@206","函数","实现 匿名逻辑 的调用与控制流程"
"lib/literature/providers/index.ts","208","210","函数@208","函数","实现 匿名逻辑 的调用与控制流程"
"lib/literature/providers/index.ts","213","213","函数@213","函数","实现 匿名逻辑 的调用与控制流程"
"lib/literature/providers/index.ts","224","224","函数@224","函数","实现 匿名逻辑 的调用与控制流程"
"lib/literature/providers/index.ts","230","231","函数@230","函数","实现 匿名逻辑 的调用与控制流程"
"lib/literature/providers/index.ts","236","236","函数@236","函数","实现 匿名逻辑 的调用与控制流程"
"lib/literature/providers/index.ts","237","238","函数@237","函数","实现 匿名逻辑 的调用与控制流程"
"lib/literature/providers/index.ts","249","259","quality","变量","保存或计算 quality 所需的数据"
"lib/literature/providers/openalex.ts","3","3","导入@3","导入","引入本文件依赖"
"lib/literature/providers/openalex.ts","4","4","导入@4","导入","引入本文件依赖"
"lib/literature/providers/openalex.ts","5","14","导入@5","导入","引入本文件依赖"
"lib/literature/providers/openalex.ts","22","26","OpenAlexAuthor","类型","定义 OpenAlexAuthor 的数据契约"
"lib/literature/providers/openalex.ts","28","51","OpenAlexWork","类型","定义 OpenAlexWork 的数据契约"
"lib/literature/providers/openalex.ts","53","55","OpenAlexSearchResponse","类型","定义 OpenAlexSearchResponse 的数据契约"
"lib/literature/providers/openalex.ts","57","64","extractOpenAlexId","函数","实现 extractOpenAlexId 的调用与控制流程"
"lib/literature/providers/openalex.ts","66","83","abstractFromInvertedIndex","函数","实现 abstractFromInvertedIndex 的调用与控制流程"
"lib/literature/providers/openalex.ts","81","81","函数@81","函数","实现 匿名逻辑 的调用与控制流程"
"lib/literature/providers/openalex.ts","82","82","函数@82","函数","实现 匿名逻辑 的调用与控制流程"
"lib/literature/providers/openalex.ts","85","87","formatOpenAlexDate","函数","实现 formatOpenAlexDate 的调用与控制流程"
"lib/literature/providers/openalex.ts","89","112","buildOpenAlexSearchUrl","函数","实现 buildOpenAlexSearchUrl 的调用与控制流程"
"lib/literature/providers/openalex.ts","114","171","normalizeOpenAlexWork","函数","实现 normalizeOpenAlexWork 的调用与控制流程"
"lib/literature/providers/openalex.ts","139","139","函数@139","函数","实现 匿名逻辑 的调用与控制流程"
"lib/literature/providers/openalex.ts","140","140","函数@140","函数","实现 匿名逻辑 的调用与控制流程"
"lib/literature/providers/openalex.ts","155","155","函数@155","函数","实现 匿名逻辑 的调用与控制流程"
"lib/literature/providers/openalex.ts","156","156","函数@156","函数","实现 匿名逻辑 的调用与控制流程"
"lib/literature/providers/openalex.ts","173","197","fetchOpenAlexWorks","函数","实现 fetchOpenAlexWorks 的调用与控制流程"
"lib/literature/providers/openalex.ts","199","218","fetchOpenAlexWorkById","函数","实现 fetchOpenAlexWorkById 的调用与控制流程"
"lib/literature/providers/openalex.ts","220","241","openAlexProvider","变量","保存或计算 openAlexProvider 所需的数据"
"lib/literature/providers/openalex.ts","225","228","searchPapers","方法","实现 searchPapers 的调用与控制流程"
"lib/literature/providers/openalex.ts","230","232","getPaper","方法","实现 getPaper 的调用与控制流程"
"lib/literature/providers/openalex.ts","234","240","normalizePaper","方法","实现 normalizePaper 的调用与控制流程"
"lib/literature/providers/openalex.ts","243","258","searchOpenAlexPapers","函数","实现 searchOpenAlexPapers 的调用与控制流程"
"lib/literature/providers/openalex.ts","249","255","函数@249","函数","实现 匿名逻辑 的调用与控制流程"
"lib/literature/providers/openalex.ts","256","256","函数@256","函数","实现 匿名逻辑 的调用与控制流程"
"lib/literature/providers/openalex.ts","257","257","函数@257","函数","实现 匿名逻辑 的调用与控制流程"
"lib/literature/providers/openreview.ts","3","6","导入@3","导入","引入本文件依赖"
"lib/literature/providers/openreview.ts","7","14","导入@7","导入","引入本文件依赖"
"lib/literature/providers/openreview.ts","20","22","OpenReviewFieldValue","类型","定义 OpenReviewFieldValue 的数据契约"
"lib/literature/providers/openreview.ts","24","32","OpenReviewNoteContent","类型","定义 OpenReviewNoteContent 的数据契约"
"lib/literature/providers/openreview.ts","34","40","OpenReviewNote","类型","定义 OpenReviewNote 的数据契约"
"lib/literature/providers/openreview.ts","42","45","OpenReviewSearchResponse","类型","定义 OpenReviewSearchResponse 的数据契约"
"lib/literature/providers/openreview.ts","47","49","OpenReviewNotesResponse","类型","定义 OpenReviewNotesResponse 的数据契约"
"lib/literature/providers/openreview.ts","51","62","readContentValue","函数","实现 readContentValue 的调用与控制流程"
"lib/literature/providers/openreview.ts","64","71","timestampToPublishedAt","函数","实现 timestampToPublishedAt 的调用与控制流程"
"lib/literature/providers/openreview.ts","73","91","extractDoiFromNote","函数","实现 extractDoiFromNote 的调用与控制流程"
"lib/literature/providers/openreview.ts","93","111","extractArxivIdFromNote","函数","实现 extractArxivIdFromNote 的调用与控制流程"
"lib/literature/providers/openreview.ts","113","127","buildOpenReviewCategories","函数","实现 buildOpenReviewCategories 的调用与控制流程"
"lib/literature/providers/openreview.ts","129","145","paperWithinDateRange","函数","实现 paperWithinDateRange 的调用与控制流程"
"lib/literature/providers/openreview.ts","147","150","buildForumUrl","函数","实现 buildForumUrl 的调用与控制流程"
"lib/literature/providers/openreview.ts","152","197","normalizeOpenReviewNote","函数","实现 normalizeOpenReviewNote 的调用与控制流程"
"lib/literature/providers/openreview.ts","173","173","函数@173","函数","实现 匿名逻辑 的调用与控制流程"
"lib/literature/providers/openreview.ts","183","183","函数@183","函数","实现 匿名逻辑 的调用与控制流程"
"lib/literature/providers/openreview.ts","199","256","fetchOpenReviewSearchNotes","函数","实现 fetchOpenReviewSearchNotes 的调用与控制流程"
"lib/literature/providers/openreview.ts","250","254","函数@250","函数","实现 匿名逻辑 的调用与控制流程"
"lib/literature/providers/openreview.ts","258","292","fetchOpenReviewNoteById","函数","实现 fetchOpenReviewNoteById 的调用与控制流程"
"lib/literature/providers/openreview.ts","294","314","openReviewProvider","变量","保存或计算 openReviewProvider 所需的数据"
"lib/literature/providers/openreview.ts","299","301","searchPapers","方法","实现 searchPapers 的调用与控制流程"
"lib/literature/providers/openreview.ts","303","305","getPaper","方法","实现 getPaper 的调用与控制流程"
"lib/literature/providers/openreview.ts","307","313","normalizePaper","方法","实现 normalizePaper 的调用与控制流程"
"lib/literature/providers/placeholders.ts","3","3","导入@3","导入","引入本文件依赖"
"lib/literature/providers/pubmed.ts","3","6","导入@3","导入","引入本文件依赖"
"lib/literature/providers/pubmed.ts","7","7","导入@7","导入","引入本文件依赖"
"lib/literature/providers/pubmed.ts","8","14","导入@8","导入","引入本文件依赖"
"lib/literature/providers/pubmed.ts","15","15","导入@15","导入","引入本文件依赖"
"lib/literature/providers/pubmed.ts","23","32","decodeXml","函数","实现 decodeXml 的调用与控制流程"
"lib/literature/providers/pubmed.ts","34","39","formatPubMedDate","函数","实现 formatPubMedDate 的调用与控制流程"
"lib/literature/providers/pubmed.ts","41","68","buildPubMedSearchTerm","函数","实现 buildPubMedSearchTerm 的调用与控制流程"
"lib/literature/providers/pubmed.ts","47","47","函数@47","函数","实现 匿名逻辑 的调用与控制流程"
"lib/literature/providers/pubmed.ts","52","52","函数@52","函数","实现 匿名逻辑 的调用与控制流程"
"lib/literature/providers/pubmed.ts","65","65","函数@65","函数","实现 匿名逻辑 的调用与控制流程"
"lib/literature/providers/pubmed.ts","70","73","extractTagValue","函数","实现 extractTagValue 的调用与控制流程"
"lib/literature/providers/pubmed.ts","75","91","extractAuthors","函数","实现 extractAuthors 的调用与控制流程"
"lib/literature/providers/pubmed.ts","79","89","函数@79","函数","实现 匿名逻辑 的调用与控制流程"
"lib/literature/providers/pubmed.ts","93","105","extractAbstract","函数","实现 extractAbstract 的调用与控制流程"
"lib/literature/providers/pubmed.ts","97","97","函数@97","函数","实现 匿名逻辑 的调用与控制流程"
"lib/literature/providers/pubmed.ts","107","113","extractPublicationTypes","函数","实现 extractPublicationTypes 的调用与控制流程"
"lib/literature/providers/pubmed.ts","111","111","函数@111","函数","实现 匿名逻辑 的调用与控制流程"
"lib/literature/providers/pubmed.ts","115","138","extractPublishedAt","函数","实现 extractPublishedAt 的调用与控制流程"
"lib/literature/providers/pubmed.ts","140","165","normalizePubMedMonth","函数","实现 normalizePubMedMonth 的调用与控制流程"
"lib/literature/providers/pubmed.ts","149","162","monthMap","变量","保存或计算 monthMap 所需的数据"
"lib/literature/providers/pubmed.ts","167","202","parsePubMedArticles","函数","实现 parsePubMedArticles 的调用与控制流程"
"lib/literature/providers/pubmed.ts","204","213","PubMedArticleRaw","类型","定义 PubMedArticleRaw 的数据契约"
"lib/literature/providers/pubmed.ts","215","236","normalizePubMedArticle","函数","实现 normalizePubMedArticle 的调用与控制流程"
"lib/literature/providers/pubmed.ts","238","296","searchPubMedIds","函数","实现 searchPubMedIds 的调用与控制流程"
"lib/literature/providers/pubmed.ts","298","333","fetchPubMedRecords","函数","实现 fetchPubMedRecords 的调用与控制流程"
"lib/literature/providers/pubmed.ts","335","367","pubmedProvider","变量","保存或计算 pubmedProvider 所需的数据"
"lib/literature/providers/pubmed.ts","340","356","searchPapers","方法","实现 searchPapers 的调用与控制流程"
"lib/literature/providers/pubmed.ts","358","362","getPaper","方法","实现 getPaper 的调用与控制流程"
"lib/literature/providers/pubmed.ts","364","366","normalizePaper","方法","实现 normalizePaper 的调用与控制流程"
"lib/literature/providers/pubmed.ts","369","377","searchPubMedUnifiedPapers","函数","实现 searchPubMedUnifiedPapers 的调用与控制流程"
"lib/literature/providers/pubmed.ts","375","375","函数@375","函数","实现 匿名逻辑 的调用与控制流程"
"lib/literature/providers/pubmed.ts","376","376","函数@376","函数","实现 匿名逻辑 的调用与控制流程"
"lib/literature/providers/pubmed.ts","379","397","fetchPubMedPapers","函数","实现 fetchPubMedPapers 的调用与控制流程"
"lib/literature/providers/pubmed.ts","387","396","函数@387","函数","实现 匿名逻辑 的调用与控制流程"
"lib/literature/providers/semantic-scholar.ts","3","3","导入@3","导入","引入本文件依赖"
"lib/literature/providers/semantic-scholar.ts","4","4","导入@4","导入","引入本文件依赖"
"lib/literature/providers/semantic-scholar.ts","5","13","导入@5","导入","引入本文件依赖"
"lib/literature/providers/semantic-scholar.ts","14","18","导入@14","导入","引入本文件依赖"
"lib/literature/providers/semantic-scholar.ts","66","73","SemanticScholarRateLimitError","类","封装 SemanticScholarRateLimitError 的状态和行为"
"lib/literature/providers/semantic-scholar.ts","75","77","SemanticScholarAuthor","类型","定义 SemanticScholarAuthor 的数据契约"
"lib/literature/providers/semantic-scholar.ts","79","103","SemanticScholarPaper","类型","定义 SemanticScholarPaper 的数据契约"
"lib/literature/providers/semantic-scholar.ts","105","108","SemanticScholarSearchResponse","类型","定义 SemanticScholarSearchResponse 的数据契约"
"lib/literature/providers/semantic-scholar.ts","110","112","SemanticScholarReferenceEntry","类型","定义 SemanticScholarReferenceEntry 的数据契约"
"lib/literature/providers/semantic-scholar.ts","114","116","SemanticScholarCitationEntry","类型","定义 SemanticScholarCitationEntry 的数据契约"
"lib/literature/providers/semantic-scholar.ts","118","121","getSemanticScholarApiKey","函数","实现 getSemanticScholarApiKey 的调用与控制流程"
"lib/literature/providers/semantic-scholar.ts","123","134","buildRequestHeaders","函数","实现 buildRequestHeaders 的调用与控制流程"
"lib/literature/providers/semantic-scholar.ts","124","126","headers","变量","保存或计算 headers 所需的数据"
"lib/literature/providers/semantic-scholar.ts","136","151","buildLookupIds","函数","实现 buildLookupIds 的调用与控制流程"
"lib/literature/providers/semantic-scholar.ts","153","157","formatAuthors","函数","实现 formatAuthors 的调用与控制流程"
"lib/literature/providers/semantic-scholar.ts","155","155","函数@155","函数","实现 匿名逻辑 的调用与控制流程"
"lib/literature/providers/semantic-scholar.ts","156","156","函数@156","函数","实现 匿名逻辑 的调用与控制流程"
"lib/literature/providers/semantic-scholar.ts","159","164","getDoiFromExternalIds","函数","实现 getDoiFromExternalIds 的调用与控制流程"
"lib/literature/providers/semantic-scholar.ts","166","181","mapNetworkItem","函数","实现 mapNetworkItem 的调用与控制流程"
"lib/literature/providers/semantic-scholar.ts","183","189","parseJsonResponse","函数","实现 parseJsonResponse 的调用与控制流程"
"lib/literature/providers/semantic-scholar.ts","191","227","fetchSemanticScholar","函数","实现 fetchSemanticScholar 的调用与控制流程"
"lib/literature/providers/semantic-scholar.ts","218","218","函数@218","函数","实现 匿名逻辑 的调用与控制流程"
"lib/literature/providers/semantic-scholar.ts","229","235","buildSearchQuery","函数","实现 buildSearchQuery 的调用与控制流程"
"lib/literature/providers/semantic-scholar.ts","232","232","函数@232","函数","实现 匿名逻辑 的调用与控制流程"
"lib/literature/providers/semantic-scholar.ts","237","248","buildSearchYearFilter","函数","实现 buildSearchYearFilter 的调用与控制流程"
"lib/literature/providers/semantic-scholar.ts","250","270","isWithinDateRange","函数","实现 isWithinDateRange 的调用与控制流程"
"lib/literature/providers/semantic-scholar.ts","272","274","uniqueNonEmpty","函数","实现 uniqueNonEmpty 的调用与控制流程"
"lib/literature/providers/semantic-scholar.ts","273","273","函数@273","函数","实现 匿名逻辑 的调用与控制流程"
"lib/literature/providers/semantic-scholar.ts","276","322","normalizeSemanticScholarPaper","函数","实现 normalizeSemanticScholarPaper 的调用与控制流程"
"lib/literature/providers/semantic-scholar.ts","324","352","searchSemanticScholarPapers","函数","实现 searchSemanticScholarPapers 的调用与控制流程"
"lib/literature/providers/semantic-scholar.ts","349","350","函数@349","函数","实现 匿名逻辑 的调用与控制流程"
"lib/literature/providers/semantic-scholar.ts","354","364","getSemanticScholarPaperById","函数","实现 getSemanticScholarPaperById 的调用与控制流程"
"lib/literature/providers/semantic-scholar.ts","366","369","lookupPaperById","函数","实现 lookupPaperById 的调用与控制流程"
"lib/literature/providers/semantic-scholar.ts","371","375","lookupPaperByTitle","函数","实现 lookupPaperByTitle 的调用与控制流程"
"lib/literature/providers/semantic-scholar.ts","377","393","resolveSemanticScholarPaper","函数","实现 resolveSemanticScholarPaper 的调用与控制流程"
"lib/literature/providers/semantic-scholar.ts","395","406","fetchReferences","函数","实现 fetchReferences 的调用与控制流程"
"lib/literature/providers/semantic-scholar.ts","404","404","函数@404","函数","实现 匿名逻辑 的调用与控制流程"
"lib/literature/providers/semantic-scholar.ts","405","405","函数@405","函数","实现 匿名逻辑 的调用与控制流程"
"lib/literature/providers/semantic-scholar.ts","408","419","fetchCitations","函数","实现 fetchCitations 的调用与控制流程"
"lib/literature/providers/semantic-scholar.ts","417","417","函数@417","函数","实现 匿名逻辑 的调用与控制流程"
"lib/literature/providers/semantic-scholar.ts","418","418","函数@418","函数","实现 匿名逻辑 的调用与控制流程"
"lib/literature/providers/semantic-scholar.ts","421","432","fetchRelatedPapers","函数","实现 fetchRelatedPapers 的调用与控制流程"
"lib/literature/providers/semantic-scholar.ts","430","430","函数@430","函数","实现 匿名逻辑 的调用与控制流程"
"lib/literature/providers/semantic-scholar.ts","431","431","函数@431","函数","实现 匿名逻辑 的调用与控制流程"
"lib/literature/providers/semantic-scholar.ts","434","443","emptyCitationNetwork","函数","实现 emptyCitationNetwork 的调用与控制流程"
"lib/literature/providers/semantic-scholar.ts","445","479","fetchPaperCitationNetwork","函数","实现 fetchPaperCitationNetwork 的调用与控制流程"
"lib/literature/providers/semantic-scholar.ts","481","501","semanticScholarProvider","变量","保存或计算 semanticScholarProvider 所需的数据"
"lib/literature/providers/semantic-scholar.ts","486","488","searchPapers","方法","实现 searchPapers 的调用与控制流程"
"lib/literature/providers/semantic-scholar.ts","490","492","getPaper","方法","实现 getPaper 的调用与控制流程"
"lib/literature/providers/semantic-scholar.ts","494","500","normalizePaper","方法","实现 normalizePaper 的调用与控制流程"
"lib/literature/ranking/final-sort.ts","1","1","导入@1","导入","引入本文件依赖"
"lib/literature/ranking/final-sort.ts","3","14","priorityRank","函数","实现 priorityRank 的调用与控制流程"
"lib/literature/ranking/final-sort.ts","16","23","publishedAtSortValue","函数","实现 publishedAtSortValue 的调用与控制流程"
"lib/literature/ranking/final-sort.ts","25","50","compareLiteraturePapersAfterAiRerank","函数","实现 compareLiteraturePapersAfterAiRerank 的调用与控制流程"
"lib/literature/ranking/final-sort.ts","52","56","sortLiteraturePapersAfterAiRerank","函数","实现 sortLiteraturePapersAfterAiRerank 的调用与控制流程"
"lib/literature/ranking/ranking.ts","1","5","导入@1","导入","引入本文件依赖"
"lib/literature/ranking/ranking.ts","6","6","导入@6","导入","引入本文件依赖"
"lib/literature/ranking/ranking.ts","8","10","RankedLiteraturePaperDraft","类型","定义 RankedLiteraturePaperDraft 的数据契约"
"lib/literature/ranking/ranking.ts","12","15","RankLiteraturePapersResult","类型","定义 RankLiteraturePapersResult 的数据契约"
"lib/literature/ranking/ranking.ts","17","44","rankLiteraturePapers","函数","实现 rankLiteraturePapers 的调用与控制流程"
"lib/literature/ranking/ranking.ts","26","36","函数@26","函数","实现 匿名逻辑 的调用与控制流程"
"lib/literature/ranking/ranking.ts","38","38","函数@38","函数","实现 匿名逻辑 的调用与控制流程"
"lib/literature/ranking/score.ts","1","1","导入@1","导入","引入本文件依赖"
"lib/literature/ranking/score.ts","2","6","导入@2","导入","引入本文件依赖"
"lib/literature/ranking/score.ts","7","7","导入@7","导入","引入本文件依赖"
"lib/literature/ranking/score.ts","9","20","LiteratureRankingInput","类型","定义 LiteratureRankingInput 的数据契约"
"lib/literature/ranking/score.ts","22","35","LiteratureRankingBreakdown","类型","定义 LiteratureRankingBreakdown 的数据契约"
"lib/literature/ranking/score.ts","77","86","PROVIDER_RELIABILITY","变量","保存或计算 PROVIDER_RELIABILITY 所需的数据"
"lib/literature/ranking/score.ts","90","92","clamp01","函数","实现 clamp01 的调用与控制流程"
"lib/literature/ranking/score.ts","94","96","normalizeText","函数","实现 normalizeText 的调用与控制流程"
"lib/literature/ranking/score.ts","98","110","parseSearchTerms","函数","实现 parseSearchTerms 的调用与控制流程"
"lib/literature/ranking/score.ts","107","107","函数@107","函数","实现 匿名逻辑 的调用与控制流程"
"lib/literature/ranking/score.ts","112","127","termCoverageScore","函数","实现 termCoverageScore 的调用与控制流程"
"lib/literature/ranking/score.ts","129","135","keywordUnionScore","函数","实现 keywordUnionScore 的调用与控制流程"
"lib/literature/ranking/score.ts","137","148","phraseMatchScore","函数","实现 phraseMatchScore 的调用与控制流程"
"lib/literature/ranking/score.ts","140","140","函数@140","函数","实现 匿名逻辑 的调用与控制流程"
"lib/literature/ranking/score.ts","150","163","researchDirectionScore","函数","实现 researchDirectionScore 的调用与控制流程"
"lib/literature/ranking/score.ts","165","189","publishedDateScore","函数","实现 publishedDateScore 的调用与控制流程"
"lib/literature/ranking/score.ts","191","201","citationCountScore","函数","实现 citationCountScore 的调用与控制流程"
"lib/literature/ranking/score.ts","203","218","isOpenAccessPdf","函数","实现 isOpenAccessPdf 的调用与控制流程"
"lib/literature/ranking/score.ts","220","222","openAccessBonusScore","函数","实现 openAccessBonusScore 的调用与控制流程"
"lib/literature/ranking/score.ts","224","235","providerReliabilityScore","函数","实现 providerReliabilityScore 的调用与控制流程"
"lib/literature/ranking/score.ts","230","230","函数@230","函数","实现 匿名逻辑 的调用与控制流程"
"lib/literature/ranking/score.ts","237","255","metadataCompletenessScore","函数","实现 metadataCompletenessScore 的调用与控制流程"
"lib/literature/ranking/score.ts","238","238","函数@238","函数","实现 匿名逻辑 的调用与控制流程"
"lib/literature/ranking/score.ts","240","244","函数@240","函数","实现 匿名逻辑 的调用与控制流程"
"lib/literature/ranking/score.ts","257","285","publicationQualityScore","函数","实现 publicationQualityScore 的调用与控制流程"
"lib/literature/ranking/score.ts","261","262","函数@261","函数","实现 匿名逻辑 的调用与控制流程"
"lib/literature/ranking/score.ts","262","262","函数@262","函数","实现 匿名逻辑 的调用与控制流程"
"lib/literature/ranking/score.ts","277","278","函数@277","函数","实现 匿名逻辑 的调用与控制流程"
"lib/literature/ranking/score.ts","278","278","函数@278","函数","实现 匿名逻辑 的调用与控制流程"
"lib/literature/ranking/score.ts","287","306","toRankingScore","函数","实现 toRankingScore 的调用与控制流程"
"lib/literature/ranking/score.ts","308","336","computeLiteratureRankingBreakdown","函数","实现 computeLiteratureRankingBreakdown 的调用与控制流程"
"lib/literature/ranking/score.ts","314","330","partial","变量","保存或计算 partial 所需的数据"
"lib/literature/ranking/score.ts","338","357","draftToRankingInput","函数","实现 draftToRankingInput 的调用与控制流程"
"lib/literature/review/constants.ts","1","2","zh","变量","保存或计算 zh 所需的数据"
"lib/literature/review/constants.ts","1","2","函数@1","函数","实现 匿名逻辑 的调用与控制流程"
"lib/literature/review/constants.ts","25","25","函数@25","函数","实现 匿名逻辑 的调用与控制流程"
"lib/literature/review/constants.ts","81","85","REVIEW_LENGTH_WORD_TARGETS","变量","保存或计算 REVIEW_LENGTH_WORD_TARGETS 所需的数据"
"lib/literature/review/types.ts","1","9","导入@1","导入","引入本文件依赖"
"lib/literature/review/types.ts","11","11","ReviewPerspective","类型","定义 ReviewPerspective 的数据契约"
"lib/literature/review/types.ts","12","12","ReviewAudience","类型","定义 ReviewAudience 的数据契约"
"lib/literature/review/types.ts","13","13","ReviewSection","类型","定义 ReviewSection 的数据契约"
"lib/literature/review/types.ts","14","14","ReviewOutputType","类型","定义 ReviewOutputType 的数据契约"
"lib/literature/review/types.ts","15","15","ReviewLanguage","类型","定义 ReviewLanguage 的数据契约"
"lib/literature/review/types.ts","16","16","ReviewLength","类型","定义 ReviewLength 的数据契约"
"lib/literature/review/types.ts","17","17","ReviewModel","类型","定义 ReviewModel 的数据契约"
"lib/literature/review/types.ts","19","19","PresentationTemplateId","类型","定义 PresentationTemplateId 的数据契约"
"lib/literature/review/types.ts","21","21","ReviewGenerationPhase","类型","定义 ReviewGenerationPhase 的数据契约"
"lib/literature/review/types.ts","22","22","ReviewWorkflowMode","类型","定义 ReviewWorkflowMode 的数据契约"
"lib/literature/review/types.ts","24","35","PresentationSlideType","类型","定义 PresentationSlideType 的数据契约"
"lib/literature/review/types.ts","37","41","PresentationVisualMode","类型","定义 PresentationVisualMode 的数据契约"
"lib/literature/review/types.ts","43","50","PresentationVisual","类型","定义 PresentationVisual 的数据契约"
"lib/literature/review/types.ts","52","61","PresentationSlide","类型","定义 PresentationSlide 的数据契约"
"lib/literature/review/types.ts","63","68","PresentationDeck","类型","定义 PresentationDeck 的数据契约"
"lib/literature/review/types.ts","70","84","LiteratureMatrixRow","类型","定义 LiteratureMatrixRow 的数据契约"
"lib/literature/review/types.ts","86","108","LiteratureReviewRequest","类型","定义 LiteratureReviewRequest 的数据契约"
"lib/literature/review/types.ts","110","118","LiteratureReviewResponse","类型","定义 LiteratureReviewResponse 的数据契约"
"lib/literature/review/types.ts","120","125","LiteratureReviewExportRequest","类型","定义 LiteratureReviewExportRequest 的数据契约"
"lib/literature/search-debug.ts","1","1","导入@1","导入","引入本文件依赖"
"lib/literature/search-debug.ts","2","2","导入@2","导入","引入本文件依赖"
"lib/literature/search-debug.ts","4","11","LiteratureDedupeMatchReason","类型","定义 LiteratureDedupeMatchReason 的数据契约"
"lib/literature/search-debug.ts","13","16","UnifiedPaperDebugRecord","类型","定义 UnifiedPaperDebugRecord 的数据契约"
"lib/literature/search-debug.ts","18","30","LiteratureSearchDebugSummary","类型","定义 LiteratureSearchDebugSummary 的数据契约"
"lib/literature/search-debug.ts","32","40","LiteraturePaperSearchDebug","类型","定义 LiteraturePaperSearchDebug 的数据契约"
"lib/literature/search-debug.ts","42","46","LiteratureSearchDebug","类型","定义 LiteratureSearchDebug 的数据契约"
"lib/literature/search-debug.ts","48","59","LITERATURE_DEDUPE_MATCH_LABELS","变量","保存或计算 LITERATURE_DEDUPE_MATCH_LABELS 所需的数据"
"lib/literature/search-debug.ts","61","70","formatLiteratureDedupeMatchLabel","函数","实现 formatLiteratureDedupeMatchLabel 的调用与控制流程"
"lib/literature/search-keywords.ts","18","25","normalizeLiteratureSearchText","函数","实现 normalizeLiteratureSearchText 的调用与控制流程"
"lib/literature/search-keywords.ts","27","32","parseLiteratureKeywordEntries","函数","实现 parseLiteratureKeywordEntries 的调用与控制流程"
"lib/literature/search-keywords.ts","30","30","函数@30","函数","实现 匿名逻辑 的调用与控制流程"
"lib/literature/search-keywords.ts","34","51","parseLiteratureKeywordTerms","函数","实现 parseLiteratureKeywordTerms 的调用与控制流程"
"lib/literature/search-keywords.ts","50","50","函数@50","函数","实现 匿名逻辑 的调用与控制流程"
"lib/literature/search-keywords.ts","53","56","LiteratureKeywordMatchRange","类型","定义 LiteratureKeywordMatchRange 的数据契约"
"lib/literature/search-keywords.ts","58","62","NormalizedTextMap","类型","定义 NormalizedTextMap 的数据契约"
"lib/literature/search-keywords.ts","64","104","normalizeLiteratureSearchTextWithMap","函数","实现 normalizeLiteratureSearchTextWithMap 的调用与控制流程"
"lib/literature/search-keywords.ts","106","157","findLiteratureKeywordMatchRanges","函数","实现 findLiteratureKeywordMatchRanges 的调用与控制流程"
"lib/literature/search-keywords.ts","143","143","函数@143","函数","实现 匿名逻辑 的调用与控制流程"
"lib/literature/search-keywords.ts","156","156","函数@156","函数","实现 匿名逻辑 的调用与控制流程"
"lib/literature/search-keywords.ts","159","172","includesNormalizedTerm","函数","实现 includesNormalizedTerm 的调用与控制流程"
"lib/literature/search-keywords.ts","169","170","函数@169","函数","实现 匿名逻辑 的调用与控制流程"
"lib/literature/search-keywords.ts","174","186","getNormalizedTermVariants","函数","实现 getNormalizedTermVariants 的调用与控制流程"
"lib/literature/search-keywords.ts","185","185","函数@185","函数","实现 匿名逻辑 的调用与控制流程"
"lib/literature/search-keywords.ts","188","222","matchesLiteratureKeywords","函数","实现 matchesLiteratureKeywords 的调用与控制流程"
"lib/literature/search-keywords.ts","199","199","函数@199","函数","实现 匿名逻辑 的调用与控制流程"
"lib/literature/search-keywords.ts","208","210","函数@208","函数","实现 匿名逻辑 的调用与控制流程"
"lib/literature/search-keywords.ts","216","217","函数@216","函数","实现 匿名逻辑 的调用与控制流程"
"lib/literature/server/analyze-service.ts","3","3","导入@3","导入","引入本文件依赖"
"lib/literature/server/analyze-service.ts","4","4","导入@4","导入","引入本文件依赖"
"lib/literature/server/analyze-service.ts","5","5","导入@5","导入","引入本文件依赖"
"lib/literature/server/analyze-service.ts","6","6","导入@6","导入","引入本文件依赖"
"lib/literature/server/analyze-service.ts","7","11","导入@7","导入","引入本文件依赖"
"lib/literature/server/analyze-service.ts","13","24","getClient","函数","实现 getClient 的调用与控制流程"
"lib/literature/server/analyze-service.ts","26","28","getTextModel","函数","实现 getTextModel 的调用与控制流程"
"lib/literature/server/analyze-service.ts","30","38","chunk","函数","实现 chunk 的调用与控制流程"
"lib/literature/server/analyze-service.ts","40","164","analyzePaperBatch","函数","实现 analyzePaperBatch 的调用与控制流程"
"lib/literature/server/analyze-service.ts","47","53","函数@47","函数","实现 匿名逻辑 的调用与控制流程"
"lib/literature/server/analyze-service.ts","166","195","analyzeArxivPapers","函数","实现 analyzeArxivPapers 的调用与控制流程"
"lib/literature/server/arxiv.ts","3","6","导出@3","导出","向其他模块公开能力"
"lib/literature/server/auth.ts","3","3","导入@3","导入","引入本文件依赖"
"lib/literature/server/auth.ts","4","4","导入@4","导入","引入本文件依赖"
"lib/literature/server/auth.ts","6","18","requireLiteratureUser","函数","实现 requireLiteratureUser 的调用与控制流程"
"lib/literature/server/citation-network-cache.ts","3","3","导入@3","导入","引入本文件依赖"
"lib/literature/server/citation-network-cache.ts","4","4","导入@4","导入","引入本文件依赖"
"lib/literature/server/citation-network-cache.ts","5","5","导入@5","导入","引入本文件依赖"
"lib/literature/server/citation-network-cache.ts","6","6","导入@6","导入","引入本文件依赖"
"lib/literature/server/citation-network-cache.ts","16","19","CitationNetworkCacheEntry","类型","定义 CitationNetworkCacheEntry 的数据契约"
"lib/literature/server/citation-network-cache.ts","21","24","cachePath","函数","实现 cachePath 的调用与控制流程"
"lib/literature/server/citation-network-cache.ts","26","39","isValidCacheEntry","函数","实现 isValidCacheEntry 的调用与控制流程"
"lib/literature/server/citation-network-cache.ts","41","51","getCachedCitationNetwork","函数","实现 getCachedCitationNetwork 的调用与控制流程"
"lib/literature/server/citation-network-cache.ts","53","64","setCachedCitationNetwork","函数","实现 setCachedCitationNetwork 的调用与控制流程"
"lib/literature/server/citation-network-cache.ts","57","60","entry","变量","保存或计算 entry 所需的数据"
"lib/literature/server/citation-network-service.ts","3","7","导入@3","导入","引入本文件依赖"
"lib/literature/server/citation-network-service.ts","8","11","导入@8","导入","引入本文件依赖"
"lib/literature/server/citation-network-service.ts","12","12","导入@12","导入","引入本文件依赖"
"lib/literature/server/citation-network-service.ts","14","25","buildRateLimitedResponse","函数","实现 buildRateLimitedResponse 的调用与控制流程"
"lib/literature/server/citation-network-service.ts","27","46","getPaperCitationNetwork","函数","实现 getPaperCitationNetwork 的调用与控制流程"
"lib/literature/server/debug.ts","3","5","isLiteratureDebugEnabled","函数","实现 isLiteratureDebugEnabled 的调用与控制流程"
"lib/literature/server/extension-auth.ts","3","3","导入@3","导入","引入本文件依赖"
"lib/literature/server/extension-auth.ts","4","4","导入@4","导入","引入本文件依赖"
"lib/literature/server/extension-auth.ts","5","5","导入@5","导入","引入本文件依赖"
"lib/literature/server/extension-auth.ts","6","6","导入@6","导入","引入本文件依赖"
"lib/literature/server/extension-auth.ts","8","16","readBearerToken","函数","实现 readBearerToken 的调用与控制流程"
"lib/literature/server/extension-auth.ts","18","38","requireExtensionUser","函数","实现 requireExtensionUser 的调用与控制流程"
"lib/literature/server/extension-paper.ts","3","3","导入@3","导入","引入本文件依赖"
"lib/literature/server/extension-paper.ts","4","4","导入@4","导入","引入本文件依赖"
"lib/literature/server/extension-paper.ts","5","5","导入@5","导入","引入本文件依赖"
"lib/literature/server/extension-paper.ts","6","9","导入@6","导入","引入本文件依赖"
"lib/literature/server/extension-paper.ts","10","10","导入@10","导入","引入本文件依赖"
"lib/literature/server/extension-paper.ts","11","11","导入@11","导入","引入本文件依赖"
"lib/literature/server/extension-paper.ts","12","12","导入@12","导入","引入本文件依赖"
"lib/literature/server/extension-paper.ts","14","23","ExtensionScholarPaperInput","类型","定义 ExtensionScholarPaperInput 的数据契约"
"lib/literature/server/extension-paper.ts","25","27","cleanString","函数","实现 cleanString 的调用与控制流程"
"lib/literature/server/extension-paper.ts","29","47","cleanAuthors","函数","实现 cleanAuthors 的调用与控制流程"
"lib/literature/server/extension-paper.ts","32","32","函数@32","函数","实现 匿名逻辑 的调用与控制流程"
"lib/literature/server/extension-paper.ts","33","33","函数@33","函数","实现 匿名逻辑 的调用与控制流程"
"lib/literature/server/extension-paper.ts","44","44","函数@44","函数","实现 匿名逻辑 的调用与控制流程"
"lib/literature/server/extension-paper.ts","49","53","normalizeYear","函数","实现 normalizeYear 的调用与控制流程"
"lib/literature/server/extension-paper.ts","55","62","buildScholarExternalKey","函数","实现 buildScholarExternalKey 的调用与控制流程"
"lib/literature/server/extension-paper.ts","64","106","parseExtensionScholarPaper","函数","实现 parseExtensionScholarPaper 的调用与控制流程"
"lib/literature/server/extension-paper.ts","108","121","parseExtensionFolderIds","函数","实现 parseExtensionFolderIds 的调用与控制流程"
"lib/literature/server/extension-paper.ts","116","116","函数@116","函数","实现 匿名逻辑 的调用与控制流程"
"lib/literature/server/extension-paper.ts","117","117","函数@117","函数","实现 匿名逻辑 的调用与控制流程"
"lib/literature/server/extension-paper.ts","123","162","saveExtensionPaper","函数","实现 saveExtensionPaper 的调用与控制流程"
"lib/literature/server/extension-paper.ts","142","144","函数@142","函数","实现 匿名逻辑 的调用与控制流程"
"lib/literature/server/fetch-papers.ts","3","3","导入@3","导入","引入本文件依赖"
"lib/literature/server/fetch-papers.ts","4","4","导入@4","导入","引入本文件依赖"
"lib/literature/server/fetch-papers.ts","6","11","fetchPapersFromSelectedSources","函数","实现 fetchPapersFromSelectedSources 的调用与控制流程"
"lib/literature/server/fetch-papers.ts","13","13","导出@13","导出","向其他模块公开能力"
"lib/literature/server/figure-evidence.ts","3","6","导入@3","导入","引入本文件依赖"
"lib/literature/server/figure-evidence.ts","11","17","normalizeCaption","函数","实现 normalizeCaption 的调用与控制流程"
"lib/literature/server/figure-evidence.ts","19","45","extractTopics","函数","实现 extractTopics 的调用与控制流程"
"lib/literature/server/figure-evidence.ts","40","40","函数@40","函数","实现 匿名逻辑 的调用与控制流程"
"lib/literature/server/figure-evidence.ts","47","117","extractFigureEvidenceFromText","函数","实现 extractFigureEvidenceFromText 的调用与控制流程"
"lib/literature/server/figure-extraction.ts","3","3","导入@3","导入","引入本文件依赖"
"lib/literature/server/figure-extraction.ts","4","4","导入@4","导入","引入本文件依赖"
"lib/literature/server/figure-extraction.ts","5","5","导入@5","导入","引入本文件依赖"
"lib/literature/server/figure-extraction.ts","6","6","导入@6","导入","引入本文件依赖"
"lib/literature/server/figure-extraction.ts","7","7","导入@7","导入","引入本文件依赖"
"lib/literature/server/figure-extraction.ts","8","8","导入@8","导入","引入本文件依赖"
"lib/literature/server/figure-extraction.ts","9","12","导入@9","导入","引入本文件依赖"
"lib/literature/server/figure-extraction.ts","13","13","导入@13","导入","引入本文件依赖"
"lib/literature/server/figure-extraction.ts","14","17","导入@14","导入","引入本文件依赖"
"lib/literature/server/figure-extraction.ts","27","34","FigureExtractionSummary","类型","定义 FigureExtractionSummary 的数据契约"
"lib/literature/server/figure-extraction.ts","36","47","isResearchFigureSize","函数","实现 isResearchFigureSize 的调用与控制流程"
"lib/literature/server/figure-extraction.ts","49","58","imageEvidenceId","函数","实现 imageEvidenceId 的调用与控制流程"
"lib/literature/server/figure-extraction.ts","60","74","mergeCaptionEvidence","函数","实现 mergeCaptionEvidence 的调用与控制流程"
"lib/literature/server/figure-extraction.ts","66","66","函数@66","函数","实现 匿名逻辑 的调用与控制流程"
"lib/literature/server/figure-extraction.ts","67","67","函数@67","函数","实现 匿名逻辑 的调用与控制流程"
"lib/literature/server/figure-extraction.ts","70","71","函数@70","函数","实现 匿名逻辑 的调用与控制流程"
"lib/literature/server/figure-extraction.ts","76","215","extractAndStoreLiteraturePaperFigures","函数","实现 extractAndStoreLiteraturePaperFigures 的调用与控制流程"
"lib/literature/server/figure-extraction.ts","92","97","函数@92","函数","实现 匿名逻辑 的调用与控制流程"
"lib/literature/server/figure-extraction.ts","93","97","函数@93","函数","实现 匿名逻辑 的调用与控制流程"
"lib/literature/server/figure-extraction.ts","113","113","函数@113","函数","实现 匿名逻辑 的调用与控制流程"
"lib/literature/server/figure-extraction.ts","209","209","函数@209","函数","实现 匿名逻辑 的调用与控制流程"
"lib/literature/server/folder-papers.ts","3","3","导入@3","导入","引入本文件依赖"
"lib/literature/server/folder-papers.ts","4","7","导入@4","导入","引入本文件依赖"
"lib/literature/server/folder-papers.ts","8","8","导入@8","导入","引入本文件依赖"
"lib/literature/server/folder-papers.ts","9","9","导入@9","导入","引入本文件依赖"
"lib/literature/server/folder-papers.ts","11","33","listLiteratureFolderPapers","函数","实现 listLiteratureFolderPapers 的调用与控制流程"
"lib/literature/server/folder-papers.ts","32","32","函数@32","函数","实现 匿名逻辑 的调用与控制流程"
"lib/literature/server/folder-papers.ts","35","42","ReviewFolderPaperLoadLog","类型","定义 ReviewFolderPaperLoadLog 的数据契约"
"lib/literature/server/folder-papers.ts","44","76","loadReviewFolderPapersWithLog","函数","实现 loadReviewFolderPapersWithLog 的调用与控制流程"
"lib/literature/server/folder-papers.ts","62","62","函数@62","函数","实现 匿名逻辑 的调用与控制流程"
"lib/literature/server/folder-papers.ts","73","73","函数@73","函数","实现 匿名逻辑 的调用与控制流程"
"lib/literature/server/folder-repository.ts","3","3","导入@3","导入","引入本文件依赖"
"lib/literature/server/folder-repository.ts","4","4","导入@4","导入","引入本文件依赖"
"lib/literature/server/folder-repository.ts","5","5","导入@5","导入","引入本文件依赖"
"lib/literature/server/folder-repository.ts","6","6","导入@6","导入","引入本文件依赖"
"lib/literature/server/folder-repository.ts","7","7","导入@7","导入","引入本文件依赖"
"lib/literature/server/folder-repository.ts","8","8","导入@8","导入","引入本文件依赖"
"lib/literature/server/folder-repository.ts","9","9","导入@9","导入","引入本文件依赖"
"lib/literature/server/folder-repository.ts","13","18","FolderLinkRecord","类型","定义 FolderLinkRecord 的数据契约"
"lib/literature/server/folder-repository.ts","20","23","FolderStore","类型","定义 FolderStore 的数据契约"
"lib/literature/server/folder-repository.ts","25","32","DbFolderRow","类型","定义 DbFolderRow 的数据契约"
"lib/literature/server/folder-repository.ts","34","36","folderStorePath","函数","实现 folderStorePath 的调用与控制流程"
"lib/literature/server/folder-repository.ts","38","50","isMissingFolderTableError","函数","实现 isMissingFolderTableError 的调用与控制流程"
"lib/literature/server/folder-repository.ts","52","54","canUseLocalFolderFallback","函数","实现 canUseLocalFolderFallback 的调用与控制流程"
"lib/literature/server/folder-repository.ts","56","61","throwMissingFolderStorageError","函数","实现 throwMissingFolderStorageError 的调用与控制流程"
"lib/literature/server/folder-repository.ts","63","72","mapFolderRow","函数","实现 mapFolderRow 的调用与控制流程"
"lib/literature/server/folder-repository.ts","74","76","normalizeParentId","函数","实现 normalizeParentId 的调用与控制流程"
"lib/literature/server/folder-repository.ts","78","91","hasDuplicateSiblingName","函数","实现 hasDuplicateSiblingName 的调用与控制流程"
"lib/literature/server/folder-repository.ts","86","89","函数@86","函数","实现 匿名逻辑 的调用与控制流程"
"lib/literature/server/folder-repository.ts","93","106","assertValidParentFolder","函数","实现 assertValidParentFolder 的调用与控制流程"
"lib/literature/server/folder-repository.ts","103","103","函数@103","函数","实现 匿名逻辑 的调用与控制流程"
"lib/literature/server/folder-repository.ts","108","119","readFolderStore","函数","实现 readFolderStore 的调用与控制流程"
"lib/literature/server/folder-repository.ts","121","124","writeFolderStore","函数","实现 writeFolderStore 的调用与控制流程"
"lib/literature/server/folder-repository.ts","126","150","listLiteratureFolders","函数","实现 listLiteratureFolders 的调用与控制流程"
"lib/literature/server/folder-repository.ts","152","217","createLiteratureFolder","函数","实现 createLiteratureFolder 的调用与控制流程"
"lib/literature/server/folder-repository.ts","196","203","created","变量","保存或计算 created 所需的数据"
"lib/literature/server/folder-repository.ts","219","274","updateLiteratureFolder","函数","实现 updateLiteratureFolder 的调用与控制流程"
"lib/literature/server/folder-repository.ts","247","247","函数@247","函数","实现 匿名逻辑 的调用与控制流程"
"lib/literature/server/folder-repository.ts","276","308","deleteLiteratureFolder","函数","实现 deleteLiteratureFolder 的调用与控制流程"
"lib/literature/server/folder-repository.ts","294","294","函数@294","函数","实现 匿名逻辑 的调用与控制流程"
"lib/literature/server/folder-repository.ts","301","301","函数@301","函数","实现 匿名逻辑 的调用与控制流程"
"lib/literature/server/folder-repository.ts","310","352","getPaperFolderIdsMap","函数","实现 getPaperFolderIdsMap 的调用与控制流程"
"lib/literature/server/folder-repository.ts","354","358","isUuid","函数","实现 isUuid 的调用与控制流程"
"lib/literature/server/folder-repository.ts","360","374","normalizeFolderLookupValue","函数","实现 normalizeFolderLookupValue 的调用与控制流程"
"lib/literature/server/folder-repository.ts","376","483","lookupLiteratureFolder","函数","实现 lookupLiteratureFolder 的调用与控制流程"
"lib/literature/server/folder-repository.ts","426","426","函数@426","函数","实现 匿名逻辑 的调用与控制流程"
"lib/literature/server/folder-repository.ts","440","443","函数@440","函数","实现 匿名逻辑 的调用与控制流程"
"lib/literature/server/folder-repository.ts","485","518","listPaperIdsInFolder","函数","实现 listPaperIdsInFolder 的调用与控制流程"
"lib/literature/server/folder-repository.ts","504","504","函数@504","函数","实现 匿名逻辑 的调用与控制流程"
"lib/literature/server/folder-repository.ts","505","505","函数@505","函数","实现 匿名逻辑 的调用与控制流程"
"lib/literature/server/folder-repository.ts","514","514","函数@514","函数","实现 匿名逻辑 的调用与控制流程"
"lib/literature/server/folder-repository.ts","520","527","getPaperFolderIds","函数","实现 getPaperFolderIds 的调用与控制流程"
"lib/literature/server/folder-repository.ts","529","595","setPaperFolderIds","函数","实现 setPaperFolderIds 的调用与控制流程"
"lib/literature/server/folder-repository.ts","538","538","函数@538","函数","实现 匿名逻辑 的调用与控制流程"
"lib/literature/server/folder-repository.ts","539","539","函数@539","函数","实现 匿名逻辑 的调用与控制流程"
"lib/literature/server/folder-repository.ts","558","558","函数@558","函数","实现 匿名逻辑 的调用与控制流程"
"lib/literature/server/folder-repository.ts","580","584","函数@580","函数","实现 匿名逻辑 的调用与控制流程"
"lib/literature/server/library.ts","3","3","导入@3","导入","引入本文件依赖"
"lib/literature/server/library.ts","4","8","导入@4","导入","引入本文件依赖"
"lib/literature/server/library.ts","9","9","导入@9","导入","引入本文件依赖"
"lib/literature/server/library.ts","27","56","parseLibraryFilters","函数","实现 parseLibraryFilters 的调用与控制流程"
"lib/literature/server/library.ts","58","58","导出@58","导出","向其他模块公开能力"
"lib/literature/server/limit-analysis-papers.ts","3","3","导入@3","导入","引入本文件依赖"
"lib/literature/server/limit-analysis-papers.ts","4","4","导入@4","导入","引入本文件依赖"
"lib/literature/server/limit-analysis-papers.ts","6","18","limitPapersForAnalysis","函数","实现 limitPapersForAnalysis 的调用与控制流程"
"lib/literature/server/parse.ts","3","3","导入@3","导入","引入本文件依赖"
"lib/literature/server/parse.ts","4","4","导入@4","导入","引入本文件依赖"
"lib/literature/server/parse.ts","5","5","导入@5","导入","引入本文件依赖"
"lib/literature/server/parse.ts","6","9","导入@6","导入","引入本文件依赖"
"lib/literature/server/parse.ts","10","10","导入@10","导入","引入本文件依赖"
"lib/literature/server/parse.ts","11","11","导入@11","导入","引入本文件依赖"
"lib/literature/server/parse.ts","13","16","ParsedLiteratureSettings","类型","定义 ParsedLiteratureSettings 的数据契约"
"lib/literature/server/parse.ts","18","20","ParseLiteratureSettingsOptions","类型","定义 ParseLiteratureSettingsOptions 的数据契约"
"lib/literature/server/parse.ts","22","82","parseLiteratureSettings","函数","实现 parseLiteratureSettings 的调用与控制流程"
"lib/literature/server/parse.ts","50","50","函数@50","函数","实现 匿名逻辑 的调用与控制流程"
"lib/literature/server/parse.ts","52","53","函数@52","函数","实现 匿名逻辑 的调用与控制流程"
"lib/literature/server/parse.ts","56","56","函数@56","函数","实现 匿名逻辑 的调用与控制流程"
"lib/literature/server/parse.ts","84","106","parsePaperStatus","函数","实现 parsePaperStatus 的调用与控制流程"
"lib/literature/server/parse.ts","108","110","parseFolderName","函数","实现 parseFolderName 的调用与控制流程"
"lib/literature/server/parse.ts","112","116","CreateFolderInput","类型","定义 CreateFolderInput 的数据契约"
"lib/literature/server/parse.ts","118","149","parseCreateFolderRequest","函数","实现 parseCreateFolderRequest 的调用与控制流程"
"lib/literature/server/parse.ts","151","163","parsePersonalNotes","函数","实现 parsePersonalNotes 的调用与控制流程"
"lib/literature/server/parse.ts","165","182","parsePaperFolderIds","函数","实现 parsePaperFolderIds 的调用与控制流程"
"lib/literature/server/parse.ts","177","177","函数@177","函数","实现 匿名逻辑 的调用与控制流程"
"lib/literature/server/parse.ts","178","178","函数@178","函数","实现 匿名逻辑 的调用与控制流程"
"lib/literature/server/pdf-archive.ts","3","3","导入@3","导入","引入本文件依赖"
"lib/literature/server/pdf-archive.ts","4","4","导入@4","导入","引入本文件依赖"
"lib/literature/server/pdf-archive.ts","5","5","导入@5","导入","引入本文件依赖"
"lib/literature/server/pdf-archive.ts","6","6","导入@6","导入","引入本文件依赖"
"lib/literature/server/pdf-archive.ts","7","7","导入@7","导入","引入本文件依赖"
"lib/literature/server/pdf-archive.ts","8","8","导入@8","导入","引入本文件依赖"
"lib/literature/server/pdf-archive.ts","9","9","导入@9","导入","引入本文件依赖"
"lib/literature/server/pdf-archive.ts","16","24","isLikelyPdfUrl","函数","实现 isLikelyPdfUrl 的调用与控制流程"
"lib/literature/server/pdf-archive.ts","26","31","sanitizeFilePart","函数","实现 sanitizeFilePart 的调用与控制流程"
"lib/literature/server/pdf-archive.ts","33","47","buildPdfStoragePath","函数","实现 buildPdfStoragePath 的调用与控制流程"
"lib/literature/server/pdf-archive.ts","49","51","createTimeoutSignal","函数","实现 createTimeoutSignal 的调用与控制流程"
"lib/literature/server/pdf-archive.ts","53","90","downloadPdf","函数","实现 downloadPdf 的调用与控制流程"
"lib/literature/server/pdf-archive.ts","92","105","assertPdfBuffer","函数","实现 assertPdfBuffer 的调用与控制流程"
"lib/literature/server/pdf-archive.ts","107","117","extractPdfFullText","函数","实现 extractPdfFullText 的调用与控制流程"
"lib/literature/server/pdf-archive.ts","119","170","downloadStoredPdfBuffer","函数","实现 downloadStoredPdfBuffer 的调用与控制流程"
"lib/literature/server/pdf-archive.ts","172","210","ensureLiteraturePaperFullText","函数","实现 ensureLiteraturePaperFullText 的调用与控制流程"
"lib/literature/server/pdf-archive.ts","212","246","storeLiteraturePaperPdfBuffer","函数","实现 storeLiteraturePaperPdfBuffer 的调用与控制流程"
"lib/literature/server/pdf-archive.ts","248","262","archiveUploadedLiteraturePaperPdf","函数","实现 archiveUploadedLiteraturePaperPdf 的调用与控制流程"
"lib/literature/server/pdf-archive.ts","264","291","registerUploadedLiteraturePaperPdf","函数","实现 registerUploadedLiteraturePaperPdf 的调用与控制流程"
"lib/literature/server/pdf-archive.ts","293","342","archiveLiteraturePaperPdf","函数","实现 archiveLiteraturePaperPdf 的调用与控制流程"
"lib/literature/server/pipeline-log.ts","3","13","logLiteraturePipelineCounts","函数","实现 logLiteraturePipelineCounts 的调用与控制流程"
"lib/literature/server/repository.ts","3","3","导入@3","导入","引入本文件依赖"
"lib/literature/server/repository.ts","4","4","导入@4","导入","引入本文件依赖"
"lib/literature/server/repository.ts","5","5","导入@5","导入","引入本文件依赖"
"lib/literature/server/repository.ts","6","6","导入@6","导入","引入本文件依赖"
"lib/literature/server/repository.ts","7","7","导入@7","导入","引入本文件依赖"
"lib/literature/server/repository.ts","8","8","导入@8","导入","引入本文件依赖"
"lib/literature/server/repository.ts","9","9","导入@9","导入","引入本文件依赖"
"lib/literature/server/repository.ts","10","15","导入@10","导入","引入本文件依赖"
"lib/literature/server/repository.ts","16","19","导入@16","导入","引入本文件依赖"
"lib/literature/server/repository.ts","20","20","导入@20","导入","引入本文件依赖"
"lib/literature/server/repository.ts","21","21","导入@21","导入","引入本文件依赖"
"lib/literature/server/repository.ts","22","30","导入@22","导入","引入本文件依赖"
"lib/literature/server/repository.ts","31","31","导入@31","导入","引入本文件依赖"
"lib/literature/server/repository.ts","32","32","导入@32","导入","引入本文件依赖"
"lib/literature/server/repository.ts","33","33","导入@33","导入","引入本文件依赖"
"lib/literature/server/repository.ts","37","40","LiteratureStore","类型","定义 LiteratureStore 的数据契约"
"lib/literature/server/repository.ts","42","50","DbSettingsRow","类型","定义 DbSettingsRow 的数据契约"
"lib/literature/server/repository.ts","52","79","DbPaperRow","类型","定义 DbPaperRow 的数据契约"
"lib/literature/server/repository.ts","87","104","parseSelectedSourcesColumn","函数","实现 parseSelectedSourcesColumn 的调用与控制流程"
"lib/literature/server/repository.ts","89","89","函数@89","函数","实现 匿名逻辑 的调用与控制流程"
"lib/literature/server/repository.ts","96","96","函数@96","函数","实现 匿名逻辑 的调用与控制流程"
"lib/literature/server/repository.ts","106","120","mapSettingsRow","函数","实现 mapSettingsRow 的调用与控制流程"
"lib/literature/server/repository.ts","122","186","parseFigureEvidence","函数","实现 parseFigureEvidence 的调用与控制流程"
"lib/literature/server/repository.ts","128","184","函数@128","函数","实现 匿名逻辑 的调用与控制流程"
"lib/literature/server/repository.ts","158","158","函数@158","函数","实现 匿名逻辑 的调用与控制流程"
"lib/literature/server/repository.ts","185","185","函数@185","函数","实现 匿名逻辑 的调用与控制流程"
"lib/literature/server/repository.ts","188","190","storePath","函数","实现 storePath 的调用与控制流程"
"lib/literature/server/repository.ts","192","201","isMissingTableError","函数","实现 isMissingTableError 的调用与控制流程"
"lib/literature/server/repository.ts","203","259","mapPaperRow","函数","实现 mapPaperRow 的调用与控制流程"
"lib/literature/server/repository.ts","261","272","readFileStore","函数","实现 readFileStore 的调用与控制流程"
"lib/literature/server/repository.ts","274","280","writeFileStore","函数","实现 writeFileStore 的调用与控制流程"
"lib/literature/server/repository.ts","282","313","buildPaperRecord","函数","实现 buildPaperRecord 的调用与控制流程"
"lib/literature/server/repository.ts","315","341","getLiteratureSettings","函数","实现 getLiteratureSettings 的调用与控制流程"
"lib/literature/server/repository.ts","343","373","saveLiteratureSettings","函数","实现 saveLiteratureSettings 的调用与控制流程"
"lib/literature/server/repository.ts","375","402","listLiteraturePapers","函数","实现 listLiteraturePapers 的调用与控制流程"
"lib/literature/server/repository.ts","391","395","函数@391","函数","实现 匿名逻辑 的调用与控制流程"
"lib/literature/server/repository.ts","404","421","listLiteratureLibraryPapers","函数","实现 listLiteratureLibraryPapers 的调用与控制流程"
"lib/literature/server/repository.ts","417","420","函数@417","函数","实现 匿名逻辑 的调用与控制流程"
"lib/literature/server/repository.ts","423","430","stripLiteraturePaperFullTextForResponse","函数","实现 stripLiteraturePaperFullTextForResponse 的调用与控制流程"
"lib/literature/server/repository.ts","432","555","upsertAnalyzedPapers","函数","实现 upsertAnalyzedPapers 的调用与控制流程"
"lib/literature/server/repository.ts","440","440","函数@440","函数","实现 匿名逻辑 的调用与控制流程"
"lib/literature/server/repository.ts","454","473","merged","变量","保存或计算 merged 所需的数据"
"lib/literature/server/repository.ts","475","475","函数@475","函数","实现 匿名逻辑 的调用与控制流程"
"lib/literature/server/repository.ts","495","525","函数@495","函数","实现 匿名逻辑 的调用与控制流程"
"lib/literature/server/repository.ts","497","497","函数@497","函数","实现 匿名逻辑 的调用与控制流程"
"lib/literature/server/repository.ts","539","543","函数@539","函数","实现 匿名逻辑 的调用与控制流程"
"lib/literature/server/repository.ts","557","648","upsertLiteraturePaperDraft","函数","实现 upsertLiteraturePaperDraft 的调用与控制流程"
"lib/literature/server/repository.ts","564","564","函数@564","函数","实现 匿名逻辑 的调用与控制流程"
"lib/literature/server/repository.ts","577","594","row","变量","保存或计算 row 所需的数据"
"lib/literature/server/repository.ts","605","625","nextPaper","变量","保存或计算 nextPaper 所需的数据"
"lib/literature/server/repository.ts","627","627","函数@627","函数","实现 匿名逻辑 的调用与控制流程"
"lib/literature/server/repository.ts","650","686","updateLiteraturePaperStatus","函数","实现 updateLiteraturePaperStatus 的调用与控制流程"
"lib/literature/server/repository.ts","667","667","函数@667","函数","实现 匿名逻辑 的调用与控制流程"
"lib/literature/server/repository.ts","688","703","updateLiteraturePaperStatusByExternalKey","函数","实现 updateLiteraturePaperStatusByExternalKey 的调用与控制流程"
"lib/literature/server/repository.ts","695","695","函数@695","函数","实现 匿名逻辑 的调用与控制流程"
"lib/literature/server/repository.ts","705","746","deleteLiteraturePaper","函数","实现 deleteLiteraturePaper 的调用与控制流程"
"lib/literature/server/repository.ts","730","730","函数@730","函数","实现 匿名逻辑 的调用与控制流程"
"lib/literature/server/repository.ts","748","765","isMissingPdfArchiveColumnError","函数","实现 isMissingPdfArchiveColumnError 的调用与控制流程"
"lib/literature/server/repository.ts","767","776","isMissingFigureEvidenceColumnError","函数","实现 isMissingFigureEvidenceColumnError 的调用与控制流程"
"lib/literature/server/repository.ts","778","852","updateLiteraturePaperPdfArchive","函数","实现 updateLiteraturePaperPdfArchive 的调用与控制流程"
"lib/literature/server/repository.ts","794","802","corePatch","变量","保存或计算 corePatch 所需的数据"
"lib/literature/server/repository.ts","803","807","archivePatch","变量","保存或计算 archivePatch 所需的数据"
"lib/literature/server/repository.ts","854","886","getLiteraturePaperById","函数","实现 getLiteraturePaperById 的调用与控制流程"
"lib/literature/server/repository.ts","869","869","函数@869","函数","实现 匿名逻辑 的调用与控制流程"
"lib/literature/server/repository.ts","888","895","isMissingWorkspaceColumnError","函数","实现 isMissingWorkspaceColumnError 的调用与控制流程"
"lib/literature/server/repository.ts","897","912","updatePaperInFileStore","函数","实现 updatePaperInFileStore 的调用与控制流程"
"lib/literature/server/repository.ts","903","903","函数@903","函数","实现 匿名逻辑 的调用与控制流程"
"lib/literature/server/repository.ts","914","941","updateLiteraturePaperNotes","函数","实现 updateLiteraturePaperNotes 的调用与控制流程"
"lib/literature/server/repository.ts","943","970","saveLiteraturePaperWorkspaceAnalysis","函数","实现 saveLiteraturePaperWorkspaceAnalysis 的调用与控制流程"
"lib/literature/server/review-matrix-xlsx.ts","1","1","导入@1","导入","引入本文件依赖"
"lib/literature/server/review-matrix-xlsx.ts","2","2","导入@2","导入","引入本文件依赖"
"lib/literature/server/review-matrix-xlsx.ts","3","3","导入@3","导入","引入本文件依赖"
"lib/literature/server/review-matrix-xlsx.ts","24","37","parseMatrixRows","函数","实现 parseMatrixRows 的调用与控制流程"
"lib/literature/server/review-matrix-xlsx.ts","39","51","displayCellValue","函数","实现 displayCellValue 的调用与控制流程"
"lib/literature/server/review-matrix-xlsx.ts","53","75","generateLiteratureMatrixXlsxBuffer","函数","实现 generateLiteratureMatrixXlsxBuffer 的调用与控制流程"
"lib/literature/server/review-matrix-xlsx.ts","56","56","函数@56","函数","实现 匿名逻辑 的调用与控制流程"
"lib/literature/server/review-matrix-xlsx.ts","57","58","函数@57","函数","实现 匿名逻辑 的调用与控制流程"
"lib/literature/server/review-matrix-xlsx.ts","58","58","函数@58","函数","实现 匿名逻辑 的调用与控制流程"
"lib/literature/server/review-matrix-xlsx.ts","63","63","函数@63","函数","实现 匿名逻辑 的调用与控制流程"
"lib/literature/server/review-papers.ts","3","3","导入@3","导入","引入本文件依赖"
"lib/literature/server/review-papers.ts","4","4","导入@4","导入","引入本文件依赖"
"lib/literature/server/review-papers.ts","5","5","导入@5","导入","引入本文件依赖"
"lib/literature/server/review-papers.ts","6","6","导入@6","导入","引入本文件依赖"
"lib/literature/server/review-papers.ts","8","11","导出@8","导出","向其他模块公开能力"
"lib/literature/server/review-papers.ts","13","19","loadReviewFolderPapers","函数","实现 loadReviewFolderPapers 的调用与控制流程"
"lib/literature/server/review-papers.ts","21","28","formatPaperYear","函数","实现 formatPaperYear 的调用与控制流程"
"lib/literature/server/review-papers.ts","30","36","ReviewPaperContextOptions","类型","定义 ReviewPaperContextOptions 的数据契约"
"lib/literature/server/review-papers.ts","38","84","buildReviewPaperContext","函数","实现 buildReviewPaperContext 的调用与控制流程"
"lib/literature/server/review-papers.ts","48","83","函数@48","函数","实现 匿名逻辑 的调用与控制流程"
"lib/literature/server/review-papers.ts","74","81","函数@74","函数","实现 匿名逻辑 的调用与控制流程"
"lib/literature/server/review-parse.ts","3","3","导入@3","导入","引入本文件依赖"
"lib/literature/server/review-parse.ts","4","12","导入@4","导入","引入本文件依赖"
"lib/literature/server/review-parse.ts","13","18","导入@13","导入","引入本文件依赖"
"lib/literature/server/review-parse.ts","31","33","cleanString","函数","实现 cleanString 的调用与控制流程"
"lib/literature/server/review-parse.ts","35","45","pickOption","函数","实现 pickOption 的调用与控制流程"
"lib/literature/server/review-parse.ts","47","69","parseSections","函数","实现 parseSections 的调用与控制流程"
"lib/literature/server/review-parse.ts","53","53","函数@53","函数","实现 匿名逻辑 的调用与控制流程"
"lib/literature/server/review-parse.ts","54","54","函数@54","函数","实现 匿名逻辑 的调用与控制流程"
"lib/literature/server/review-parse.ts","58","61","函数@58","函数","实现 匿名逻辑 的调用与控制流程"
"lib/literature/server/review-parse.ts","71","82","parseOptionalNumber","函数","实现 parseOptionalNumber 的调用与控制流程"
"lib/literature/server/review-parse.ts","84","110","parseConfirmedMatrix","函数","实现 parseConfirmedMatrix 的调用与控制流程"
"lib/literature/server/review-parse.ts","100","108","函数@100","函数","实现 匿名逻辑 的调用与控制流程"
"lib/literature/server/review-parse.ts","105","105","函数@105","函数","实现 匿名逻辑 的调用与控制流程"
"lib/literature/server/review-parse.ts","112","192","parseLiteratureReviewRequest","函数","实现 parseLiteratureReviewRequest 的调用与控制流程"
"lib/literature/server/review-parse.ts","142","173","request","变量","保存或计算 request 所需的数据"
"lib/literature/server/review-pptx.ts","3","3","导入@3","导入","引入本文件依赖"
"lib/literature/server/review-pptx.ts","4","9","导入@4","导入","引入本文件依赖"
"lib/literature/server/review-pptx.ts","11","19","VisualType","类型","定义 VisualType 的数据契约"
"lib/literature/server/review-pptx.ts","21","33","SlideContent","类型","定义 SlideContent 的数据契约"
"lib/literature/server/review-pptx.ts","38","50","COLORS","变量","保存或计算 COLORS 所需的数据"
"lib/literature/server/review-pptx.ts","51","58","TEAL_TEMPLATE","变量","保存或计算 TEAL_TEMPLATE 所需的数据"
"lib/literature/server/review-pptx.ts","71","80","stripMarkdown","函数","实现 stripMarkdown 的调用与控制流程"
"lib/literature/server/review-pptx.ts","82","85","compact","函数","实现 compact 的调用与控制流程"
"lib/literature/server/review-pptx.ts","87","92","normalizeVisual","函数","实现 normalizeVisual 的调用与控制流程"
"lib/literature/server/review-pptx.ts","94","114","inferVisual","函数","实现 inferVisual 的调用与控制流程"
"lib/literature/server/review-pptx.ts","116","174","parseSlidesFromMarkdown","函数","实现 parseSlidesFromMarkdown 的调用与控制流程"
"lib/literature/server/review-pptx.ts","120","120","函数@120","函数","实现 匿名逻辑 的调用与控制流程"
"lib/literature/server/review-pptx.ts","139","173","函数@139","函数","实现 匿名逻辑 的调用与控制流程"
"lib/literature/server/review-pptx.ts","140","140","函数@140","函数","实现 匿名逻辑 的调用与控制流程"
"lib/literature/server/review-pptx.ts","176","198","parseSlidesFromContent","函数","实现 parseSlidesFromContent 的调用与控制流程"
"lib/literature/server/review-pptx.ts","180","192","函数@180","函数","实现 匿名逻辑 的调用与控制流程"
"lib/literature/server/review-pptx.ts","200","209","addTopRule","函数","实现 addTopRule 的调用与控制流程"
"lib/literature/server/review-pptx.ts","211","244","addHeader","函数","实现 addHeader 的调用与控制流程"
"lib/literature/server/review-pptx.ts","246","279","addFooter","函数","实现 addFooter 的调用与控制流程"
"lib/literature/server/review-pptx.ts","281","344","addCoverSlide","函数","实现 addCoverSlide 的调用与控制流程"
"lib/literature/server/review-pptx.ts","346","420","addTealMinimalCoverSlide","函数","实现 addTealMinimalCoverSlide 的调用与控制流程"
"lib/literature/server/review-pptx.ts","422","470","addTealMinimalSectionSlide","函数","实现 addTealMinimalSectionSlide 的调用与控制流程"
"lib/literature/server/review-pptx.ts","472","505","addTealMinimalFrame","函数","实现 addTealMinimalFrame 的调用与控制流程"
"lib/literature/server/review-pptx.ts","507","550","addSectionSlide","函数","实现 addSectionSlide 的调用与控制流程"
"lib/literature/server/review-pptx.ts","552","597","addTimeline","函数","实现 addTimeline 的调用与控制流程"
"lib/literature/server/review-pptx.ts","562","596","函数@562","函数","实现 匿名逻辑 的调用与控制流程"
"lib/literature/server/review-pptx.ts","599","649","addTaxonomy","函数","实现 addTaxonomy 的调用与控制流程"
"lib/literature/server/review-pptx.ts","613","648","函数@613","函数","实现 匿名逻辑 的调用与控制流程"
"lib/literature/server/review-pptx.ts","651","704","addFramework","函数","实现 addFramework 的调用与控制流程"
"lib/literature/server/review-pptx.ts","654","692","函数@654","函数","实现 匿名逻辑 的调用与控制流程"
"lib/literature/server/review-pptx.ts","706","753","addComparison","函数","实现 addComparison 的调用与控制流程"
"lib/literature/server/review-pptx.ts","711","745","函数@711","函数","实现 匿名逻辑 的调用与控制流程"
"lib/literature/server/review-pptx.ts","731","744","函数@731","函数","实现 匿名逻辑 的调用与控制流程"
"lib/literature/server/review-pptx.ts","755","806","addStatementSlide","函数","实现 addStatementSlide 的调用与控制流程"
"lib/literature/server/review-pptx.ts","781","805","函数@781","函数","实现 匿名逻辑 的调用与控制流程"
"lib/literature/server/review-pptx.ts","808","883","addEvidenceSlide","函数","实现 addEvidenceSlide 的调用与控制流程"
"lib/literature/server/review-pptx.ts","855","869","函数@855","函数","实现 匿名逻辑 的调用与控制流程"
"lib/literature/server/review-pptx.ts","885","906","renderContentSlide","函数","实现 renderContentSlide 的调用与控制流程"
"lib/literature/server/review-pptx.ts","908","947","generateReviewPptxBuffer","函数","实现 generateReviewPptxBuffer 的调用与控制流程"
"lib/literature/server/review-pptx.ts","922","943","函数@922","函数","实现 匿名逻辑 的调用与控制流程"
"lib/literature/server/review-service.ts","3","3","导入@3","导入","引入本文件依赖"
"lib/literature/server/review-service.ts","4","4","导入@4","导入","引入本文件依赖"
"lib/literature/server/review-service.ts","5","5","导入@5","导入","引入本文件依赖"
"lib/literature/server/review-service.ts","6","6","导入@6","导入","引入本文件依赖"
"lib/literature/server/review-service.ts","7","15","导入@7","导入","引入本文件依赖"
"lib/literature/server/review-service.ts","16","16","导入@16","导入","引入本文件依赖"
"lib/literature/server/review-service.ts","17","17","导入@17","导入","引入本文件依赖"
"lib/literature/server/review-service.ts","19","19","ReviewPaperContext","类型","定义 ReviewPaperContext 的数据契约"
"lib/literature/server/review-service.ts","34","46","buildContextForPhase","函数","实现 buildContextForPhase 的调用与控制流程"
"lib/literature/server/review-service.ts","48","59","getClient","函数","实现 getClient 的调用与控制流程"
"lib/literature/server/review-service.ts","61","65","resolvePerspective","函数","实现 resolvePerspective 的调用与控制流程"
"lib/literature/server/review-service.ts","67","73","resolveLengthTarget","函数","实现 resolveLengthTarget 的调用与控制流程"
"lib/literature/server/review-service.ts","75","96","buildInstructionSummary","函数","实现 buildInstructionSummary 的调用与控制流程"
"lib/literature/server/review-service.ts","98","108","buildEvidenceRules","函数","实现 buildEvidenceRules 的调用与控制流程"
"lib/literature/server/review-service.ts","110","120","buildDeliverableRules","函数","实现 buildDeliverableRules 的调用与控制流程"
"lib/literature/server/review-service.ts","122","124","buildPaperListPrompt","函数","实现 buildPaperListPrompt 的调用与控制流程"
"lib/literature/server/review-service.ts","126","129","compactMatrixValue","函数","实现 compactMatrixValue 的调用与控制流程"
"lib/literature/server/review-service.ts","131","184","buildLiteratureMatrix","函数","实现 buildLiteratureMatrix 的调用与控制流程"
"lib/literature/server/review-service.ts","134","183","函数@134","函数","实现 匿名逻辑 的调用与控制流程"
"lib/literature/server/review-service.ts","186","204","isLiteratureMatrixRow","函数","实现 isLiteratureMatrixRow 的调用与控制流程"
"lib/literature/server/review-service.ts","206","262","generateLocalizedLiteratureMatrix","函数","实现 generateLocalizedLiteratureMatrix 的调用与控制流程"
"lib/literature/server/review-service.ts","251","251","函数@251","函数","实现 匿名逻辑 的调用与控制流程"
"lib/literature/server/review-service.ts","254","254","函数@254","函数","实现 匿名逻辑 的调用与控制流程"
"lib/literature/server/review-service.ts","264","321","generateReviewThemes","函数","实现 generateReviewThemes 的调用与控制流程"
"lib/literature/server/review-service.ts","271","271","函数@271","函数","实现 匿名逻辑 的调用与控制流程"
"lib/literature/server/review-service.ts","323","325","extractMarkdownContent","函数","实现 extractMarkdownContent 的调用与控制流程"
"lib/literature/server/review-service.ts","327","381","createReviewCompletion","函数","实现 createReviewCompletion 的调用与控制流程"
"lib/literature/server/review-service.ts","383","452","generateReviewOutline","函数","实现 generateReviewOutline 的调用与控制流程"
"lib/literature/server/review-service.ts","390","390","函数@390","函数","实现 匿名逻辑 的调用与控制流程"
"lib/literature/server/review-service.ts","474","476","cleanPresentationText","函数","实现 cleanPresentationText 的调用与控制流程"
"lib/literature/server/review-service.ts","478","556","parsePresentationDeck","函数","实现 parsePresentationDeck 的调用与控制流程"
"lib/literature/server/review-service.ts","489","543","函数@489","函数","实现 匿名逻辑 的调用与控制流程"
"lib/literature/server/review-service.ts","512","512","函数@512","函数","实现 匿名逻辑 的调用与控制流程"
"lib/literature/server/review-service.ts","518","518","函数@518","函数","实现 匿名逻辑 的调用与控制流程"
"lib/literature/server/review-service.ts","544","544","函数@544","函数","实现 匿名逻辑 的调用与控制流程"
"lib/literature/server/review-service.ts","558","620","generateReviewPptDeck","函数","实现 generateReviewPptDeck 的调用与控制流程"
"lib/literature/server/review-service.ts","622","670","generatePresentationDeckFromOutline","函数","实现 generatePresentationDeckFromOutline 的调用与控制流程"
"lib/literature/server/search-debug.ts","3","6","导入@3","导入","引入本文件依赖"
"lib/literature/server/search-debug.ts","7","7","导入@7","导入","引入本文件依赖"
"lib/literature/server/search-debug.ts","8","12","导入@8","导入","引入本文件依赖"
"lib/literature/server/search-debug.ts","14","37","buildLiteratureSearchDebug","函数","实现 buildLiteratureSearchDebug 的调用与控制流程"
"lib/literature/server/search-debug.ts","27","35","函数@27","函数","实现 匿名逻辑 的调用与控制流程"
"lib/literature/server/workspace-service.ts","3","3","导入@3","导入","引入本文件依赖"
"lib/literature/server/workspace-service.ts","4","4","导入@4","导入","引入本文件依赖"
"lib/literature/server/workspace-service.ts","5","5","导入@5","导入","引入本文件依赖"
"lib/literature/server/workspace-service.ts","6","9","导入@6","导入","引入本文件依赖"
"lib/literature/server/workspace-service.ts","10","17","导入@10","导入","引入本文件依赖"
"lib/literature/server/workspace-service.ts","18","18","导入@18","导入","引入本文件依赖"
"lib/literature/server/workspace-service.ts","20","31","getClient","函数","实现 getClient 的调用与控制流程"
"lib/literature/server/workspace-service.ts","33","35","getTextModel","函数","实现 getTextModel 的调用与控制流程"
"lib/literature/server/workspace-service.ts","154","165","buildFullTextEvidenceSample","函数","实现 buildFullTextEvidenceSample 的调用与控制流程"
"lib/literature/server/workspace-service.ts","167","237","extractFullTextEvidenceDigest","函数","实现 extractFullTextEvidenceDigest 的调用与控制流程"
"lib/literature/server/workspace-service.ts","190","195","函数@190","函数","实现 匿名逻辑 的调用与控制流程"
"lib/literature/server/workspace-service.ts","239","246","clampScore","函数","实现 clampScore 的调用与控制流程"
"lib/literature/server/workspace-service.ts","248","254","parseDifficulty","函数","实现 parseDifficulty 的调用与控制流程"
"lib/literature/server/workspace-service.ts","256","263","cleanStringArray","函数","实现 cleanStringArray 的调用与控制流程"
"lib/literature/server/workspace-service.ts","259","259","函数@259","函数","实现 匿名逻辑 的调用与控制流程"
"lib/literature/server/workspace-service.ts","260","260","函数@260","函数","实现 匿名逻辑 的调用与控制流程"
"lib/literature/server/workspace-service.ts","265","302","parseEvidenceItems","函数","实现 parseEvidenceItems 的调用与控制流程"
"lib/literature/server/workspace-service.ts","268","301","函数@268","函数","实现 匿名逻辑 的调用与控制流程"
"lib/literature/server/workspace-service.ts","304","322","parseKeyExperiments","函数","实现 parseKeyExperiments 的调用与控制流程"
"lib/literature/server/workspace-service.ts","307","321","函数@307","函数","实现 匿名逻辑 的调用与控制流程"
"lib/literature/server/workspace-service.ts","324","373","parseVisualizationPlans","函数","实现 parseVisualizationPlans 的调用与控制流程"
"lib/literature/server/workspace-service.ts","334","372","函数@334","函数","实现 匿名逻辑 的调用与控制流程"
"lib/literature/server/workspace-service.ts","346","358","函数@346","函数","实现 匿名逻辑 的调用与控制流程"
"lib/literature/server/workspace-service.ts","375","441","parseWorkspaceRecord","函数","实现 parseWorkspaceRecord 的调用与控制流程"
"lib/literature/server/workspace-service.ts","395","395","函数@395","函数","实现 匿名逻辑 的调用与控制流程"
"lib/literature/server/workspace-service.ts","399","438","workspace","变量","保存或计算 workspace 所需的数据"
"lib/literature/server/workspace-service.ts","443","596","generatePaperWorkspaceAnalysis","函数","实现 generatePaperWorkspaceAnalysis 的调用与控制流程"
"lib/literature/server/workspace-service.ts","555","569","函数@555","函数","实现 匿名逻辑 的调用与控制流程"
"lib/literature/server/workspace-service.ts","598","606","resolvePaperWorkspaceAnalysis","函数","实现 resolvePaperWorkspaceAnalysis 的调用与控制流程"
"lib/literature/source-taxonomy.ts","1","26","LiteratureDisciplineId","类型","定义 LiteratureDisciplineId 的数据契约"
"lib/literature/source-taxonomy.ts","28","35","LiteratureSourceKind","类型","定义 LiteratureSourceKind 的数据契约"
"lib/literature/source-taxonomy.ts","37","37","LiteratureSourceStatus","类型","定义 LiteratureSourceStatus 的数据契约"
"lib/literature/source-taxonomy.ts","39","52","LiteratureSourceProvider","类型","定义 LiteratureSourceProvider 的数据契约"
"lib/literature/source-taxonomy.ts","54","60","TaxonomySource","类型","定义 TaxonomySource 的数据契约"
"lib/literature/source-taxonomy.ts","62","66","DisciplineDefinition","类型","定义 DisciplineDefinition 的数据契约"
"lib/literature/source-taxonomy.ts","75","76","AvailableLiteratureSourceId","类型","定义 AvailableLiteratureSourceId 的数据契约"
"lib/literature/source-taxonomy.ts","78","83","slug","函数","实现 slug 的调用与控制流程"
"lib/literature/source-taxonomy.ts","85","106","item","函数","实现 item 的调用与控制流程"
"lib/literature/source-taxonomy.ts","94","99","source","变量","保存或计算 source 所需的数据"
"lib/literature/source-taxonomy.ts","108","116","arxiv","函数","实现 arxiv 的调用与控制流程"
"lib/literature/source-taxonomy.ts","118","126","pubmed","函数","实现 pubmed 的调用与控制流程"
"lib/literature/source-taxonomy.ts","128","136","openalex","函数","实现 openalex 的调用与控制流程"
"lib/literature/source-taxonomy.ts","138","146","semanticScholar","函数","实现 semanticScholar 的调用与控制流程"
"lib/literature/source-taxonomy.ts","148","150","conference","函数","实现 conference 的调用与控制流程"
"lib/literature/source-taxonomy.ts","152","154","journal","函数","实现 journal 的调用与控制流程"
"lib/literature/source-taxonomy.ts","156","158","database","函数","实现 database 的调用与控制流程"
"lib/literature/source-taxonomy.ts","160","165","platform","函数","实现 platform 的调用与控制流程"
"lib/literature/source-taxonomy.ts","167","169","code","函数","实现 code 的调用与控制流程"
"lib/literature/source-taxonomy.ts","171","173","funding","函数","实现 funding 的调用与控制流程"
"lib/literature/source-taxonomy.ts","175","177","industry","函数","实现 industry 的调用与控制流程"
"lib/literature/source-taxonomy.ts","467","467","函数@467","函数","实现 匿名逻辑 的调用与控制流程"
"lib/literature/source-taxonomy.ts","480","484","getDiscipline","函数","实现 getDiscipline 的调用与控制流程"
"lib/literature/source-taxonomy.ts","486","490","isValidDisciplineId","函数","实现 isValidDisciplineId 的调用与控制流程"
"lib/literature/source-taxonomy.ts","492","494","isKnownSourceId","函数","实现 isKnownSourceId 的调用与控制流程"
"lib/literature/source-taxonomy.ts","496","501","isSourceAvailable","函数","实现 isSourceAvailable 的调用与控制流程"
"lib/literature/source-taxonomy.ts","504","506","isSourceEnabled","函数","实现 isSourceEnabled 的调用与控制流程"
"lib/literature/source-taxonomy.ts","508","510","getSourceName","函数","实现 getSourceName 的调用与控制流程"
"lib/literature/source-taxonomy.ts","513","515","getSourceLabel","函数","实现 getSourceLabel 的调用与控制流程"
"lib/literature/source-taxonomy.ts","517","521","getDisciplineSources","函数","实现 getDisciplineSources 的调用与控制流程"
"lib/literature/source-taxonomy.ts","523","529","getAvailableSourcesForDiscipline","函数","实现 getAvailableSourcesForDiscipline 的调用与控制流程"
"lib/literature/source-taxonomy.ts","527","527","函数@527","函数","实现 匿名逻辑 的调用与控制流程"
"lib/literature/source-taxonomy.ts","532","536","getEnabledSourcesForDiscipline","函数","实现 getEnabledSourcesForDiscipline 的调用与控制流程"
"lib/literature/source-taxonomy.ts","538","542","getDefaultSelectedSources","函数","实现 getDefaultSelectedSources 的调用与控制流程"
"lib/literature/source-taxonomy.ts","541","541","函数@541","函数","实现 匿名逻辑 的调用与控制流程"
"lib/literature/source-taxonomy.ts","546","559","normalizeSelectedSources","函数","实现 normalizeSelectedSources 的调用与控制流程"
"lib/literature/source-taxonomy.ts","551","551","函数@551","函数","实现 匿名逻辑 的调用与控制流程"
"lib/literature/source-taxonomy.ts","555","555","函数@555","函数","实现 匿名逻辑 的调用与控制流程"
"lib/literature/types.ts","1","1","LiteraturePriority","类型","定义 LiteraturePriority 的数据契约"
"lib/literature/types.ts","3","3","LiteraturePaperStatus","类型","定义 LiteraturePaperStatus 的数据契约"
"lib/literature/types.ts","5","9","LiteraturePdfDownloadStatus","类型","定义 LiteraturePdfDownloadStatus 的数据契约"
"lib/literature/types.ts","11","25","LiteratureFigureEvidence","类型","定义 LiteratureFigureEvidence 的数据契约"
"lib/literature/types.ts","27","27","PaperWorkspaceDifficulty","类型","定义 PaperWorkspaceDifficulty 的数据契约"
"lib/literature/types.ts","29","33","PaperReadingGuide","类型","定义 PaperReadingGuide 的数据契约"
"lib/literature/types.ts","35","40","PaperResearchValue","类型","定义 PaperResearchValue 的数据契约"
"lib/literature/types.ts","42","42","PaperEvidenceStrength","类型","定义 PaperEvidenceStrength 的数据契约"
"lib/literature/types.ts","44","54","PaperEvidenceItem","类型","定义 PaperEvidenceItem 的数据契约"
"lib/literature/types.ts","56","64","PaperKeyExperiment","类型","定义 PaperKeyExperiment 的数据契约"
"lib/literature/types.ts","66","71","PaperChartDataPoint","类型","定义 PaperChartDataPoint 的数据契约"
"lib/literature/types.ts","73","98","PaperVisualizationPlan","类型","定义 PaperVisualizationPlan 的数据契约"
"lib/literature/types.ts","100","120","PaperWorkspaceAnalysis","类型","定义 PaperWorkspaceAnalysis 的数据契约"
"lib/literature/types.ts","122","123","LiteratureDisciplineId","类型","定义 LiteratureDisciplineId 的数据契约"
"lib/literature/types.ts","125","132","LiteratureSettings","类型","定义 LiteratureSettings 的数据契约"
"lib/literature/types.ts","134","177","LiteraturePaper","类型","定义 LiteraturePaper 的数据契约"
"lib/literature/types.ts","179","186","LiteratureFolder","类型","定义 LiteratureFolder 的数据契约"
"lib/literature/types.ts","188","191","LiteratureLibraryResponse","类型","定义 LiteratureLibraryResponse 的数据契约"
"lib/literature/types.ts","193","212","ArxivPaperDraft","类型","定义 ArxivPaperDraft 的数据契约"
"lib/literature/types.ts","214","220","PaperAnalysisResult","类型","定义 PaperAnalysisResult 的数据契约"
"lib/literature/types.ts","222","222","UpdateLiteratureRequest","类型","定义 UpdateLiteratureRequest 的数据契约"
"lib/literature/types.ts","224","230","UpdateLiteratureResponse","类型","定义 UpdateLiteratureResponse 的数据契约"
"lib/literature/types.ts","232","240","PaperCitationNetworkItem","类型","定义 PaperCitationNetworkItem 的数据契约"
"lib/literature/types.ts","242","251","PaperCitationNetwork","类型","定义 PaperCitationNetwork 的数据契约"
"lib/literature/ui-strings.ts","1","1","导入@1","导入","引入本文件依赖"
"lib/literature/ui-strings.ts","3","8","LITERATURE_PAPER_STATUS_LABELS","变量","保存或计算 LITERATURE_PAPER_STATUS_LABELS 所需的数据"
"lib/literature/ui-strings.ts","10","14","LITERATURE_DIFFICULTY_LABELS","变量","保存或计算 LITERATURE_DIFFICULTY_LABELS 所需的数据"
"lib/literature/ui-strings.ts","16","18","getPaperStatusLabel","函数","实现 getPaperStatusLabel 的调用与控制流程"
"lib/presentation/templates.ts","1","1","导入@1","导入","引入本文件依赖"
"lib/presentation/templates.ts","3","9","PresentationTemplate","类型","定义 PresentationTemplate 的数据契约"
"lib/presentation/templates.ts","36","40","isPresentationTemplateId","函数","实现 isPresentationTemplateId 的调用与控制流程"
"lib/presentation/templates.ts","39","39","函数@39","函数","实现 匿名逻辑 的调用与控制流程"
"lib/supabase/bearer-client.ts","3","3","导入@3","导入","引入本文件依赖"
"lib/supabase/bearer-client.ts","4","4","导入@4","导入","引入本文件依赖"
"lib/supabase/bearer-client.ts","6","20","createBearerClient","函数","实现 createBearerClient 的调用与控制流程"
"lib/supabase/client.ts","3","3","导入@3","导入","引入本文件依赖"
"lib/supabase/client.ts","4","4","导入@4","导入","引入本文件依赖"
"lib/supabase/client.ts","5","5","导入@5","导入","引入本文件依赖"
"lib/supabase/client.ts","7","11","createClient","函数","实现 createClient 的调用与控制流程"
"lib/supabase/database.types.ts","1","7","Json","类型","定义 Json 的数据契约"
"lib/supabase/database.types.ts","9","99","Database","类型","定义 Database 的数据契约"
"lib/supabase/env.ts","1","12","getSupabaseEnv","函数","实现 getSupabaseEnv 的调用与控制流程"
"lib/supabase/env.ts","14","19","hasSupabaseEnv","函数","实现 hasSupabaseEnv 的调用与控制流程"
"lib/supabase/middleware.ts","3","3","导入@3","导入","引入本文件依赖"
"lib/supabase/middleware.ts","4","4","导入@4","导入","引入本文件依赖"
"lib/supabase/middleware.ts","5","5","导入@5","导入","引入本文件依赖"
"lib/supabase/middleware.ts","7","49","updateSession","函数","实现 updateSession 的调用与控制流程"
"lib/supabase/middleware.ts","13","15","getAll","方法","实现 getAll 的调用与控制流程"
"lib/supabase/middleware.ts","16","26","setAll","方法","实现 setAll 的调用与控制流程"
"lib/supabase/middleware.ts","17","19","函数@17","函数","实现 匿名逻辑 的调用与控制流程"
"lib/supabase/middleware.ts","23","25","函数@23","函数","实现 匿名逻辑 的调用与控制流程"
"lib/supabase/server.ts","3","3","导入@3","导入","引入本文件依赖"
"lib/supabase/server.ts","4","4","导入@4","导入","引入本文件依赖"
"lib/supabase/server.ts","5","5","导入@5","导入","引入本文件依赖"
"lib/supabase/server.ts","7","28","createClient","函数","实现 createClient 的调用与控制流程"
"lib/supabase/server.ts","13","15","getAll","方法","实现 getAll 的调用与控制流程"
"lib/supabase/server.ts","16","25","setAll","方法","实现 setAll 的调用与控制流程"
"lib/supabase/server.ts","18","20","函数@18","函数","实现 匿名逻辑 的调用与控制流程"
"lib/text/mojibake.ts","1","4","MojibakeFinding","类型","定义 MojibakeFinding 的数据契约"
"lib/text/mojibake.ts","25","29","sampleAround","函数","实现 sampleAround 的调用与控制流程"
"lib/text/mojibake.ts","31","45","detectMojibake","函数","实现 detectMojibake 的调用与控制流程"
"lib/text/mojibake.ts","47","49","hasMojibake","函数","实现 hasMojibake 的调用与控制流程"
"lib/translation/batch.ts","1","4","导入@1","导入","引入本文件依赖"
"lib/translation/batch.ts","5","5","导入@5","导入","引入本文件依赖"
"lib/translation/batch.ts","7","38","createTranslationBatches","函数","实现 createTranslationBatches 的调用与控制流程"
"lib/translation/batch.ts","10","10","函数@10","函数","实现 匿名逻辑 的调用与控制流程"
"lib/translation/batch.ts","16","16","item","变量","保存或计算 item 所需的数据"
"lib/translation/client.ts","3","3","导入@3","导入","引入本文件依赖"
"lib/translation/client.ts","4","4","导入@4","导入","引入本文件依赖"
"lib/translation/client.ts","5","10","导入@5","导入","引入本文件依赖"
"lib/translation/client.ts","12","17","TranslationClientError","类","封装 TranslationClientError 的状态和行为"
"lib/translation/client.ts","19","27","TranslationFormValues","类型","定义 TranslationFormValues 的数据契约"
"lib/translation/client.ts","29","44","TranslationUiState","类型","定义 TranslationUiState 的数据契约"
"lib/translation/client.ts","46","52","TranslationResult","类型","定义 TranslationResult 的数据契约"
"lib/translation/client.ts","54","63","base64ToBlob","函数","实现 base64ToBlob 的调用与控制流程"
"lib/translation/client.ts","65","166","translateDocxFile","函数","实现 translateDocxFile 的调用与控制流程"
"lib/translation/docx-build.ts","1","1","导入@1","导入","引入本文件依赖"
"lib/translation/docx-build.ts","2","5","导入@2","导入","引入本文件依赖"
"lib/translation/docx-build.ts","6","6","导入@6","导入","引入本文件依赖"
"lib/translation/docx-build.ts","8","45","buildTranslatedDocumentXml","函数","实现 buildTranslatedDocumentXml 的调用与控制流程"
"lib/translation/docx-build.ts","15","15","函数@15","函数","实现 匿名逻辑 的调用与控制流程"
"lib/translation/docx-build.ts","47","54","packTranslatedDocx","函数","实现 packTranslatedDocx 的调用与控制流程"
"lib/translation/docx-build.ts","56","64","buildTranslatedFilename","函数","实现 buildTranslatedFilename 的调用与控制流程"
"lib/translation/docx-build.ts","66","72","buildTranslationOutputFilename","函数","实现 buildTranslationOutputFilename 的调用与控制流程"
"lib/translation/docx-parse.ts","1","1","导入@1","导入","引入本文件依赖"
"lib/translation/docx-parse.ts","2","6","导入@2","导入","引入本文件依赖"
"lib/translation/docx-parse.ts","7","7","导入@7","导入","引入本文件依赖"
"lib/translation/docx-parse.ts","8","8","导入@8","导入","引入本文件依赖"
"lib/translation/docx-parse.ts","9","9","导入@9","导入","引入本文件依赖"
"lib/translation/docx-parse.ts","10","10","导入@10","导入","引入本文件依赖"
"lib/translation/docx-parse.ts","14","19","ParsedDocxDocument","类型","定义 ParsedDocxDocument 的数据契约"
"lib/translation/docx-parse.ts","21","36","validateDocxBuffer","函数","实现 validateDocxBuffer 的调用与控制流程"
"lib/translation/docx-parse.ts","38","135","parseDocxDocument","函数","实现 parseDocxDocument 的调用与控制流程"
"lib/translation/docx-xml.ts","1","8","escapeXmlText","函数","实现 escapeXmlText 的调用与控制流程"
"lib/translation/docx-xml.ts","10","18","extractParagraphText","函数","实现 extractParagraphText 的调用与控制流程"
"lib/translation/docx-xml.ts","20","44","setParagraphText","函数","实现 setParagraphText 的调用与控制流程"
"lib/translation/docx-xml.ts","26","33","函数@26","函数","实现 匿名逻辑 的调用与控制流程"
"lib/translation/docx-xml.ts","46","56","createTranslatedParagraphXml","函数","实现 createTranslatedParagraphXml 的调用与控制流程"
"lib/translation/docx-xml.ts","58","77","extractDocumentBody","函数","实现 extractDocumentBody 的调用与控制流程"
"lib/translation/errors.ts","1","9","TranslationError","类","封装 TranslationError 的状态和行为"
"lib/translation/pipeline.ts","3","7","导入@3","导入","引入本文件依赖"
"lib/translation/pipeline.ts","8","8","导入@8","导入","引入本文件依赖"
"lib/translation/pipeline.ts","9","9","导入@9","导入","引入本文件依赖"
"lib/translation/pipeline.ts","10","10","导入@10","导入","引入本文件依赖"
"lib/translation/pipeline.ts","11","11","导入@11","导入","引入本文件依赖"
"lib/translation/pipeline.ts","12","15","导入@12","导入","引入本文件依赖"
"lib/translation/pipeline.ts","17","106","runDocxTranslationPipeline","函数","实现 runDocxTranslationPipeline 的调用与控制流程"
"lib/translation/pipeline.ts","81","81","函数@81","函数","实现 匿名逻辑 的调用与控制流程"
"lib/translation/pipeline.ts","87","87","函数@87","函数","实现 匿名逻辑 的调用与控制流程"
"lib/translation/pipeline.ts","108","122","toTranslationError","函数","实现 toTranslationError 的调用与控制流程"
"lib/translation/prompts.ts","1","5","导入@1","导入","引入本文件依赖"
"lib/translation/prompts.ts","7","16","STYLE_INSTRUCTIONS","变量","保存或计算 STYLE_INSTRUCTIONS 所需的数据"
"lib/translation/prompts.ts","18","28","resolveSourceLanguage","函数","实现 resolveSourceLanguage 的调用与控制流程"
"lib/translation/prompts.ts","30","34","resolveTargetLanguage","函数","实现 resolveTargetLanguage 的调用与控制流程"
"lib/translation/prompts.ts","36","61","buildTranslationSystemPrompt","函数","实现 buildTranslationSystemPrompt 的调用与控制流程"
"lib/translation/prompts.ts","63","67","buildTranslationUserPrompt","函数","实现 buildTranslationUserPrompt 的调用与控制流程"
"lib/translation/skip-rules.ts","12","52","getSkipReason","函数","实现 getSkipReason 的调用与控制流程"
"lib/translation/skip-rules.ts","54","56","shouldSkipTranslation","函数","实现 shouldSkipTranslation 的调用与控制流程"
"lib/translation/translate-service.ts","1","1","导入@1","导入","引入本文件依赖"
"lib/translation/translate-service.ts","2","2","导入@2","导入","引入本文件依赖"
"lib/translation/translate-service.ts","3","3","导入@3","导入","引入本文件依赖"
"lib/translation/translate-service.ts","4","7","导入@4","导入","引入本文件依赖"
"lib/translation/translate-service.ts","8","8","导入@8","导入","引入本文件依赖"
"lib/translation/translate-service.ts","9","14","导入@9","导入","引入本文件依赖"
"lib/translation/translate-service.ts","16","27","getOpenAIClient","函数","实现 getOpenAIClient 的调用与控制流程"
"lib/translation/translate-service.ts","29","43","getDeepSeekClient","函数","实现 getDeepSeekClient 的调用与控制流程"
"lib/translation/translate-service.ts","45","47","getTranslationClient","函数","实现 getTranslationClient 的调用与控制流程"
"lib/translation/translate-service.ts","49","52","TranslationResponseItem","类型","定义 TranslationResponseItem 的数据契约"
"lib/translation/translate-service.ts","54","99","parseTranslationResponse","函数","实现 parseTranslationResponse 的调用与控制流程"
"lib/translation/translate-service.ts","101","198","translateBatch","函数","实现 translateBatch 的调用与控制流程"
"lib/translation/types.ts","1","1","导入@1","导入","引入本文件依赖"
"lib/translation/types.ts","3","3","SourceLanguage","类型","定义 SourceLanguage 的数据契约"
"lib/translation/types.ts","5","5","TargetLanguage","类型","定义 TargetLanguage 的数据契约"
"lib/translation/types.ts","7","7","OutputMode","类型","定义 OutputMode 的数据契约"
"lib/translation/types.ts","9","13","TranslationStyle","类型","定义 TranslationStyle 的数据契约"
"lib/translation/types.ts","15","21","TranslationStage","类型","定义 TranslationStage 的数据契约"
"lib/translation/types.ts","23","41","TranslationProgressEvent","类型","定义 TranslationProgressEvent 的数据契约"
"lib/translation/types.ts","43","50","TranslationRequestOptions","类型","定义 TranslationRequestOptions 的数据契约"
"lib/translation/types.ts","52","60","DocxParagraphUnit","类型","定义 DocxParagraphUnit 的数据契约"
"lib/translation/types.ts","62","65","TranslationBatchItem","类型","定义 TranslationBatchItem 的数据契约"
"lib/uploads/client-attachments.ts","3","7","导入@3","导入","引入本文件依赖"
"lib/uploads/client-attachments.ts","9","14","PendingAttachment","类型","定义 PendingAttachment 的数据契约"
"lib/uploads/client-attachments.ts","16","22","createAttachmentId","函数","实现 createAttachmentId 的调用与控制流程"
"lib/uploads/client-attachments.ts","24","45","createPendingAttachment","函数","实现 createPendingAttachment 的调用与控制流程"
"lib/uploads/client-attachments.ts","47","53","revokePendingAttachmentPreview","函数","实现 revokePendingAttachmentPreview 的调用与控制流程"
"lib/uploads/client-attachments.ts","55","61","revokePendingAttachmentPreviews","函数","实现 revokePendingAttachmentPreviews 的调用与控制流程"
"lib/uploads/client-attachments.ts","63","82","addPendingAttachments","函数","实现 addPendingAttachments 的调用与控制流程"
"lib/uploads/client-attachments.ts","84","95","removePendingAttachment","函数","实现 removePendingAttachment 的调用与控制流程"
"lib/uploads/client-attachments.ts","88","88","函数@88","函数","实现 匿名逻辑 的调用与控制流程"
"lib/uploads/client-attachments.ts","94","94","函数@94","函数","实现 匿名逻辑 的调用与控制流程"
"lib/uploads/client-attachments.ts","97","99","isUsableClipboardFile","函数","实现 isUsableClipboardFile 的调用与控制流程"
"lib/uploads/client-attachments.ts","101","123","filesFromClipboard","函数","实现 filesFromClipboard 的调用与控制流程"
"lib/uploads/client-attachments.ts","125","129","filesFromDataTransfer","函数","实现 filesFromDataTransfer 的调用与控制流程"
"lib/uploads/constants.ts","24","25","SupportedDocumentExtension","类型","定义 SupportedDocumentExtension 的数据契约"
"lib/uploads/constants.ts","27","28","SupportedImageExtension","类型","定义 SupportedImageExtension 的数据契约"
"lib/uploads/constants.ts","30","31","SupportedFileExtension","类型","定义 SupportedFileExtension 的数据契约"
"lib/uploads/constants.ts","33","33","AttachmentKind","类型","定义 AttachmentKind 的数据契约"
"lib/uploads/constants.ts","45","50","IMAGE_MIME_TYPES","变量","保存或计算 IMAGE_MIME_TYPES 所需的数据"
"lib/uploads/constants.ts","52","57","MIME_TO_EXTENSION","变量","保存或计算 MIME_TO_EXTENSION 所需的数据"
"lib/uploads/constants.ts","62","66","getFileExtension","函数","实现 getFileExtension 的调用与控制流程"
"lib/uploads/constants.ts","68","72","extensionFromMimeType","函数","实现 extensionFromMimeType 的调用与控制流程"
"lib/uploads/constants.ts","74","80","isDocumentExtension","函数","实现 isDocumentExtension 的调用与控制流程"
"lib/uploads/constants.ts","82","88","isImageExtension","函数","实现 isImageExtension 的调用与控制流程"
"lib/uploads/constants.ts","90","96","isSupportedExtension","函数","实现 isSupportedExtension 的调用与控制流程"
"lib/uploads/constants.ts","98","100","getUnsupportedFileMessage","函数","实现 getUnsupportedFileMessage 的调用与控制流程"
"lib/uploads/constants.ts","102","108","getAttachmentKind","函数","实现 getAttachmentKind 的调用与控制流程"
"lib/uploads/constants.ts","110","118","getMaxUploadBytesForFileName","函数","实现 getMaxUploadBytesForFileName 的调用与控制流程"
"lib/uploads/constants.ts","120","147","validateUploadFile","函数","实现 validateUploadFile 的调用与控制流程"
"lib/uploads/constants.ts","149","179","ensureFileName","函数","实现 ensureFileName 的调用与控制流程"
"lib/uploads/errors.ts","1","9","UploadError","类","封装 UploadError 的状态和行为"
"lib/uploads/errors.ts","11","37","AttachmentParseError","类","封装 AttachmentParseError 的状态和行为"
"lib/uploads/storage-client.ts","3","3","导入@3","导入","引入本文件依赖"
"lib/uploads/storage-client.ts","4","7","导入@4","导入","引入本文件依赖"
"lib/uploads/storage-client.ts","8","8","导入@8","导入","引入本文件依赖"
"lib/uploads/storage-client.ts","9","9","导入@9","导入","引入本文件依赖"
"lib/uploads/storage-client.ts","11","17","createUploadId","函数","实现 createUploadId 的调用与控制流程"
"lib/uploads/storage-client.ts","19","22","createStorageObjectName","函数","实现 createStorageObjectName 的调用与控制流程"
"lib/uploads/storage-client.ts","24","81","uploadChatAttachments","函数","实现 uploadChatAttachments 的调用与控制流程"
"lib/uploads/storage-client.ts","75","75","函数@75","函数","实现 匿名逻辑 的调用与控制流程"
"lib/uploads/storage-server.ts","3","3","导入@3","导入","引入本文件依赖"
"lib/uploads/storage-server.ts","4","4","导入@4","导入","引入本文件依赖"
"lib/uploads/storage-server.ts","5","5","导入@5","导入","引入本文件依赖"
"lib/uploads/storage-server.ts","6","6","导入@6","导入","引入本文件依赖"
"lib/uploads/storage-server.ts","7","10","导入@7","导入","引入本文件依赖"
"lib/uploads/storage-server.ts","12","49","validateAttachmentMetadata","函数","实现 validateAttachmentMetadata 的调用与控制流程"
"lib/uploads/storage-server.ts","51","67","parseAttachmentStorageMetadata","函数","实现 parseAttachmentStorageMetadata 的调用与控制流程"
"lib/uploads/storage-server.ts","69","114","downloadChatAttachments","函数","实现 downloadChatAttachments 的调用与控制流程"
"lib/uploads/storage-server.ts","116","136","deleteChatAttachments","函数","实现 deleteChatAttachments 的调用与控制流程"
"lib/uploads/storage-server.ts","122","122","函数@122","函数","实现 匿名逻辑 的调用与控制流程"
"lib/uploads/storage-server.ts","123","123","函数@123","函数","实现 匿名逻辑 的调用与控制流程"
"lib/uploads/types.ts","1","7","AttachmentStorageMetadata","类型","定义 AttachmentStorageMetadata 的数据契约"
"lib/uploads/types.ts","9","13","AttachmentInput","类型","定义 AttachmentInput 的数据契约"
"middleware.ts","1","1","导入@1","导入","引入本文件依赖"
"middleware.ts","2","2","导入@2","导入","引入本文件依赖"
"middleware.ts","3","3","导入@3","导入","引入本文件依赖"
"middleware.ts","5","11","middleware","函数","实现 middleware 的调用与控制流程"
"middleware.ts","13","23","config","变量","保存或计算 config 所需的数据"
"next-env.d.ts","3","3","导入@3","导入","引入本文件依赖"
"next.config.ts","1","1","导入@1","导入","引入本文件依赖"
"next.config.ts","3","5","nextConfig","变量","保存或计算 nextConfig 所需的数据"
"next.config.ts","7","7","default export","导出","向其他模块公开能力"
"postcss.config.mjs","1","5","config","变量","保存或计算 config 所需的数据"
"postcss.config.mjs","7","7","default export","导出","向其他模块公开能力"
"scripts/check-encoding.mjs","1","1","导入@1","导入","引入本文件依赖"
"scripts/check-encoding.mjs","2","2","导入@2","导入","引入本文件依赖"
"scripts/check-encoding.mjs","45","58","walk","函数","实现 walk 的调用与控制流程"
"scripts/check-encoding.mjs","60","62","findMojibake","函数","实现 findMojibake 的调用与控制流程"
"scripts/check-encoding.mjs","61","61","函数@61","函数","实现 匿名逻辑 的调用与控制流程"
"scripts/check-encoding.mjs","70","80","函数@70","函数","实现 匿名逻辑 的调用与控制流程"
"scripts/generate-code-audit.mjs","1","1","导入@1","导入","引入本文件依赖"
"scripts/generate-code-audit.mjs","2","2","导入@2","导入","引入本文件依赖"
"scripts/generate-code-audit.mjs","3","3","导入@3","导入","引入本文件依赖"
"scripts/generate-code-audit.mjs","30","43","walk","函数","实现 walk 的调用与控制流程"
"scripts/generate-code-audit.mjs","45","47","relative","函数","实现 relative 的调用与控制流程"
"scripts/generate-code-audit.mjs","49","52","csv","函数","实现 csv 的调用与控制流程"
"scripts/generate-code-audit.mjs","54","84","fileRole","函数","实现 fileRole 的调用与控制流程"
"scripts/generate-code-audit.mjs","86","94","syntaxKindForFile","函数","实现 syntaxKindForFile 的调用与控制流程"
"scripts/generate-code-audit.mjs","96","103","nodeName","函数","实现 nodeName 的调用与控制流程"
"scripts/generate-code-audit.mjs","105","118","declarationKind","函数","实现 declarationKind 的调用与控制流程"
"scripts/generate-code-audit.mjs","120","128","symbolDescription","函数","实现 symbolDescription 的调用与控制流程"
"scripts/generate-code-audit.mjs","130","157","collectSymbols","函数","实现 collectSymbols 的调用与控制流程"
"scripts/generate-code-audit.mjs","132","154","visit","函数","实现 visit 的调用与控制流程"
"scripts/generate-code-audit.mjs","159","185","classifyLine","函数","实现 classifyLine 的调用与控制流程"
"scripts/generate-code-audit.mjs","187","187","函数@187","函数","实现 匿名逻辑 的调用与控制流程"
"scripts/generate-code-audit.mjs","254","254","函数@254","函数","实现 匿名逻辑 的调用与控制流程"
"scripts/generate-code-audit.mjs","255","255","函数@255","函数","实现 匿名逻辑 的调用与控制流程"
"scripts/test-attachment-upload.ts","7","7","导入@7","导入","引入本文件依赖"
"scripts/test-attachment-upload.ts","8","8","导入@8","导入","引入本文件依赖"
"scripts/test-attachment-upload.ts","9","9","导入@9","导入","引入本文件依赖"
"scripts/verify-artifact-generators.ts","1","1","导入@1","导入","引入本文件依赖"
"scripts/verify-artifact-generators.ts","2","2","导入@2","导入","引入本文件依赖"
"scripts/verify-artifact-generators.ts","3","3","导入@3","导入","引入本文件依赖"
"scripts/verify-artifact-generators.ts","4","4","导入@4","导入","引入本文件依赖"
"scripts/verify-artifact-generators.ts","5","5","导入@5","导入","引入本文件依赖"
"scripts/verify-artifact-generators.ts","6","6","导入@6","导入","引入本文件依赖"
"scripts/verify-artifact-generators.ts","35","37","assert","函数","实现 assert 的调用与控制流程"
"scripts/verify-artifact-generators.ts","39","80","main","函数","实现 main 的调用与控制流程"
"scripts/verify-library-commands.mjs","1","1","导入@1","导入","引入本文件依赖"
"scripts/verify-library-commands.mjs","2","2","导入@2","导入","引入本文件依赖"
"scripts/verify-word-visuals.cjs","10","15","resolveResearchGptAlias","函数","实现 resolveResearchGptAlias 的调用与控制流程"
"scripts/verify-word-visuals.cjs","17","28","compileTypeScript","函数","实现 compileTypeScript 的调用与控制流程"
"scripts/verify-word-visuals.cjs","46","48","assert","函数","实现 assert 的调用与控制流程"
"scripts/verify-word-visuals.cjs","50","73","verifyScenario","函数","实现 verifyScenario 的调用与控制流程"
"scripts/verify-word-visuals.cjs","65","66","函数@65","函数","实现 匿名逻辑 的调用与控制流程"
"scripts/verify-word-visuals.cjs","75","78","documentText","函数","实现 documentText 的调用与控制流程"
"scripts/verify-word-visuals.cjs","80","149","verifyDocumentLanguage","函数","实现 verifyDocumentLanguage 的调用与控制流程"
"scripts/verify-word-visuals.cjs","151","356","verifyStructuredDocumentPipeline","函数","实现 verifyStructuredDocumentPipeline 的调用与控制流程"
"scripts/verify-word-visuals.cjs","160","160","函数@160","函数","实现 匿名逻辑 的调用与控制流程"
"scripts/verify-word-visuals.cjs","179","179","函数@179","函数","实现 匿名逻辑 的调用与控制流程"
"scripts/verify-word-visuals.cjs","183","186","函数@183","函数","实现 匿名逻辑 的调用与控制流程"
"scripts/verify-word-visuals.cjs","194","212","plan","变量","保存或计算 plan 所需的数据"
"scripts/verify-word-visuals.cjs","283","283","函数@283","函数","实现 匿名逻辑 的调用与控制流程"
"scripts/verify-word-visuals.cjs","323","323","函数@323","函数","实现 匿名逻辑 的调用与控制流程"
"scripts/verify-word-visuals.cjs","358","399","main","函数","实现 main 的调用与控制流程"
